,BL,MarketCap,EqualWeight
2018-12-20,-0.000461936671658218,-0.0011184318449604482,-0.0036886647564492105
2018-12-21,-0.01189384907830837,-0.011488303283515085,-0.012367416377505125
2018-12-24,-0.015269055880587287,-0.016034250203928013,-0.017306302696376445
2018-12-26,-0.004111272209697538,-0.0033307719203100163,-0.0006937014482242712
2018-12-27,0.004951992848314216,0.00497201382638911,0.0034336447146638086
2018-12-28,0.015035424071059933,0.014764694951954477,0.014043950843907718
2018-12-31,0.005254262427972681,0.005663986916814722,0.005800839498352539
2019-01-01,-0.005122911048910508,-0.005607379493782972,-0.0063927049962491655
2019-01-02,-0.008310405363320061,-0.009929234506313413,-0.01223036307219797
2019-01-03,-0.007148858956483287,-0.008176013891715097,-0.008549409816889696
2019-01-04,2.044084321313773e-05,0.0008286215665966703,0.00171650368248204
2019-01-07,0.0017090903383250972,0.0015009794092691753,0.0027083254591169
2019-01-08,0.008708412742912485,0.007794341389299298,0.0041869689003714355
2019-01-09,0.0006011090060265606,-5.778254557606678e-05,-0.0024631637615947
2019-01-10,-0.0026853880849291543,-0.0028401730917309216,-0.0013738954158571631
2019-01-11,-0.0019219270202770753,-0.00173683580111331,-0.0026989315793815027
2019-01-14,-0.0032263704723008136,-0.0036432555700954172,-0.006587146790248811
2019-01-15,0.013213499792849309,0.01335214540963608,0.014844586290804918
2019-01-16,-0.006423295260420121,-0.006090045067204302,-0.005241074303378335
2019-01-17,-0.011900378424843783,-0.011564247605494316,-0.00524103623168828
2019-01-18,-0.014994993687021459,-0.013580520642916125,-0.008424656254735008
2019-01-21,0.0028076950434805896,0.0024632635168976404,0.0011195432430234577
2019-01-22,0.004009116075586197,0.002572508170585878,-0.002205352976845876
2019-01-23,0.00974601703904013,0.009467016955212841,0.008501682643173414
2019-01-24,-0.0025433976867514636,-0.002313918939713084,-2.015724109076804e-05
2019-01-25,-0.007340519140338453,-0.007825039616573336,-0.00872411273332191
2019-01-28,-0.011796539196031703,-0.012616472845951167,-0.01376022129967196
2019-01-29,0.008867664852838799,0.008780545586172642,0.007982931772946856
2019-01-30,-0.003906245370139879,-0.0029507517339950225,0.00042395335006040224
2019-01-31,0.013517749766594804,0.013860761501019201,0.013106236206877654
2019-02-01,0.0027955467068649206,0.002996686688006552,-0.008168440551694156
2019-02-04,-0.0030941044325609496,-0.003783643386338176,-0.002790528578962681
2019-02-05,-0.0036357545909494787,-0.0032357616993888083,-0.004897476917645895
2019-02-06,0.013700536565152724,0.014629091444485383,0.014901703649654421
2019-02-07,0.009221066358278676,0.007876059505569761,0.00568409129494637
2019-02-08,-0.022599179178334122,-0.022242731032565508,-0.024831766097863053
2019-02-11,-0.015452479744636073,-0.01586890597022082,-0.016155178943392377
2019-02-12,0.004208033185526368,0.004438103615976077,0.0009730733808707699
2019-02-13,0.0,0.0,0.0
2019-02-14,-0.009511884973009048,-0.009823620807985059,-0.013392796549506602
2019-02-15,-0.017492071171719432,-0.01763586867246787,-0.01662860730839605
2019-02-18,-0.008995542189176333,-0.009355764369976285,-0.007136054417465032
2019-02-19,0.004858320137056172,0.00541633109908146,0.007318784945211276
2019-02-20,0.017466803920154903,0.0183592086126229,0.021861591619769354
2019-02-21,0.01407359385776424,0.013808611047304024,0.015777702781715443
2019-02-22,0.009372494538101597,0.009848951652380023,0.010624957941326164
2019-02-25,0.006058925805304175,0.0058216369315913525,0.0073360760584684
2019-02-26,-0.0011454807165118418,-0.0012763117629812418,-0.0008618482256862237
2019-02-27,-0.0026604662077241953,-0.0027391744923057596,-0.003818846992465497
2019-02-28,0.0043522670335629475,0.004039825118494293,0.004686356983453245
2019-03-01,0.00047203581270109185,0.000700824462975371,0.0024179431210079373
2019-03-04,0.0,0.0,0.0
2019-03-05,0.013755839490493922,0.014455441926107314,0.015125662422837216
2019-03-06,-0.002729085607408395,-0.0017535942924222499,0.0005324434383954463
2019-03-07,-0.007656968085002255,-0.0074604166324646615,-0.006544483739883755
2019-03-08,-0.0048978201992307315,-0.005747859290819595,-0.006347607668783828
2019-03-11,0.01713937374203118,0.01761157268766597,0.019907788857365508
2019-03-12,0.008828367411913366,0.008543133769826603,0.007102404031864906
2019-03-13,-0.006323013481972297,-0.006596700311615805,-0.00726022434236977
2019-03-14,0.005070678873451766,0.004172231928187151,0.003061858481260237
2019-03-15,-0.007601906195221814,-0.006884310827867513,-0.00642808815562751
2019-03-18,0.005444800574736661,0.005431622128240228,0.0061002288259184075
2019-03-19,0.0058920953587629854,0.005722065257979374,0.006052556840878632
2019-03-20,-0.006050381977100752,-0.005194648692295945,-0.004228973619541965
2019-03-21,0.0,0.0,0.0
2019-03-22,0.002542900342516063,0.002983698535464247,0.0037355405344287607
2019-03-25,-0.006234715972774172,-0.006858921042869147,-0.00880819717883936
2019-03-26,0.012307404607587863,0.012523775122208699,0.014168714736214838
2019-03-27,0.0013628513595993407,0.001244330434384468,0.0012394790753830986
2019-03-28,0.005377765484136888,0.004056632976570007,0.004520863272723052
2019-03-29,0.0,0.0,0.0
2019-04-01,0.008057828261149275,0.011211514530849257,0.01580958250519222
2019-04-02,-0.006927488964806384,-0.006336346960644033,-0.006546458871898675
2019-04-03,-0.005002844434982002,-0.004833007955790563,-0.0034893351131398465
2019-04-04,0.0014249179295262242,0.0002497467748408047,0.0020868499071769577
2019-04-05,0.002838321855799008,0.004387388567884652,0.0062599747078896486
2019-04-08,-0.004572818104933467,-0.004718134719650819,-0.007659999583612265
2019-04-09,0.0025845391440322022,0.0029360941775706173,0.0022647830787256296
2019-04-10,-0.0026631918942673386,-0.0036831684052111686,-0.005169223367734987
2019-04-11,-0.002597218164305627,-0.002350505062068636,-0.004704442065977932
2019-04-12,0.004855905887343363,0.004137255051041241,0.005541301934042685
2019-04-15,-0.00046180903460801864,0.0007301015351092114,0.003218116058691978
2019-04-16,0.011288616015577076,0.011071721730014984,0.010641407731730702
2019-04-17,0.0,0.0,0.0
2019-04-18,-0.0017512994278216579,-0.0022115680553939886,-0.0053266993914429465
2019-04-22,-0.013826264947462027,-0.01487342233570498,-0.015334202245728502
2019-04-23,0.008772937210450754,0.007882435406690869,0.004411680956329878
2019-04-24,0.006564041313469246,0.006890799383048007,0.005968091763702875
2019-04-25,-0.009108337785183617,-0.009258184888043197,-0.006958287518078578
2019-04-26,0.007799787426486909,0.008636033949312978,0.007373483779385781
2019-04-29,0.0,0.0,0.0
2019-04-30,0.003569667422453313,0.0054579477560645195,0.0023896171032839154
2019-05-01,0.0,0.0,0.0
2019-05-02,-0.01441942754983265,-0.013272756268276203,-0.011701130327822051
2019-05-03,-0.004209157986649163,-0.0034730371603840567,-0.004263047292670286
2019-05-06,-0.012614051254386253,-0.013752577542476597,-0.013441448863494122
2019-05-07,-0.0021468416373875633,-0.002115788773637456,-0.0037926783437329473
2019-05-08,-0.009639322676828408,-0.008875867995038351,-0.0080651009843846
2019-05-09,-0.0018301668788080726,-0.002849888892212551,-0.005796059679340727
2019-05-10,-0.0072746350006256425,-0.007548872487167075,-0.007803372229962891
2019-05-13,-0.02306890825150569,-0.022434284211902022,-0.01740147353785838
2019-05-14,0.012064468610914543,0.011421701594537566,0.010917696780109308
2019-05-15,-0.01441679272714931,-0.014786074460334041,-0.011307206440561967
2019-05-16,0.011528023249355314,0.012431219328229782,0.013823350471262976
2019-05-17,0.008418219188247509,0.007389193675512761,0.0056768432170517195
2019-05-20,0.02793977553936948,0.02899926189900355,0.03130202252275354
2019-05-21,-0.006883868180476926,-0.007248595429865758,-0.005921981658998689
2019-05-22,0.0069513022786647435,0.006344679812856899,0.004470135168442213
2019-05-23,-0.009872419683569965,-0.010320957364604902,-0.009903695226978593
2019-05-24,0.008476729920578574,0.009791683123092872,0.01213717605032023
2019-05-27,0.008107078509337328,0.008335881934898084,0.011030593660382115
2019-05-28,0.004255413362381671,0.00473699366126707,0.005939181466854893
2019-05-29,-0.0017543508093583243,-0.003364886353818018,-0.005486998976218193
2019-05-30,-0.006548430577513244,-0.006588623805075149,-0.006267691656900054
2019-05-31,0.0029213791061657632,0.0021297572031150147,0.0023620608471827346
2019-06-03,0.01827409739040544,0.017952787123229716,0.017393840894353828
2019-06-04,-0.010949332214763317,-0.011046414915088424,-0.01052907391870661
2019-06-05,0.0,0.0,0.0
2019-06-06,-0.0070978466590358,-0.00779953481649721,-0.010993004099817405
2019-06-07,-0.007495989897098028,-0.007188962143001611,-0.004734132752085497
2019-06-10,0.00917528918706652,0.009083656475067124,0.009861071812182275
2019-06-11,-0.0006615681621058903,0.000451136621995609,0.0036968360999378056
2019-06-12,0.002706018260614123,0.0021293151478767093,0.0012794835543216369
2019-06-13,-0.0014413623155521953,-0.0008398125150839079,-0.0005187000606353354
2019-06-14,-0.005222739725872224,-0.005519128979143365,-0.005832704361584539
2019-06-17,-0.01817737198331508,-0.018902625065445416,-0.020613566262185468
2019-06-18,-0.0022374895045456297,-0.002142633065368643,0.001178121003117894
2019-06-19,0.0001755167820919949,-0.00016740482418935735,0.00036309881222342807
2019-06-20,0.019273819674095232,0.019874270475053767,0.018842045077138707
2019-06-21,-0.010157712179947964,-0.009164291206857777,-0.0056551021945497664
2019-06-24,-0.00847801171119502,-0.008975023227176065,-0.01034866152975218
2019-06-25,0.006938840375428919,0.007865485741698491,0.010024109133965375
2019-06-26,0.01477737077964482,0.01604964072863597,0.014881633328412913
2019-06-27,0.00429656833216617,0.0038371651815670045,0.0018304475071828862
2019-06-28,-0.0005818791090367758,-0.0008378971614192933,-0.0015714619261894994
2019-07-01,-0.004701874018760076,-0.0044348051148550074,-0.005447131595999733
2019-07-02,0.001498546383519749,0.0015217656364055429,0.0034365415210151685
2019-07-03,-0.0006622002260396503,-0.0006088257441860985,-0.000931891640226612
2019-07-04,0.0005343914976328741,-0.00010680628105217251,0.0007475139433272713
2019-07-05,-0.018840005434787276,-0.02028692344362991,-0.02017020590444345
2019-07-08,-0.020072270328051228,-0.01958190216317734,-0.018589906665742464
2019-07-09,0.006805035183327399,0.0065843621152947155,0.003959759294177046
2019-07-10,-0.006722329192755585,-0.007569404021440923,-0.007600629164723606
2019-07-11,0.013138036169148,0.01444628005135504,0.014113718682570487
2019-07-12,0.0053425458265501085,0.004994418001256798,0.005853075553236098
2019-07-15,0.006777880928609989,0.0070559698005467075,0.003891750847795349
2019-07-16,0.012704049951911392,0.011958753438885968,0.008414685143534184
2019-07-17,0.002459191793423083,0.0027718148949878274,0.004529035069965981
2019-07-18,-0.014373640371220645,-0.015170162850757942,-0.01454856369918831
2019-07-19,-0.012090218261505047,-0.012355754461163592,-0.013289034983400862
2019-07-22,0.006524564666029662,0.008074683908706935,0.009725741096184293
2019-07-23,0.0029136603924653217,0.002689069432196486,0.0020299259266655656
2019-07-24,-0.0033518420999947966,-0.0038691087233775397,-0.007241455832457333
2019-07-25,0.006132387412896859,0.006311629136853241,0.008997545835177157
2019-07-26,0.0028382099893765732,0.0018046536830415116,-0.00010369381048017665
2019-07-29,-0.01456751688281463,-0.015939180023830216,-0.017303450186989443
2019-07-30,-0.0192579653275397,-0.01974139461790669,-0.01968441200930208
2019-07-31,0.013278108150868884,0.013484370205430942,0.008968403865793995
2019-08-01,-0.014302945626627903,-0.015969318181679446,-0.01893350857135846
2019-08-02,-0.003874402014587445,-0.00394550055913883,-0.004303576869874826
2019-08-05,-0.007912111694736615,-0.009242278346542636,-0.009823452593494719
2019-08-06,0.006732844268214451,0.006826222527480098,0.007200725713655387
2019-08-07,-0.002663556744904972,-0.0035566053537392775,-0.007355075900118226
2019-08-08,0.01436129396726296,0.014949994896172646,0.013663773636440103
2019-08-09,0.0048041740206813035,0.004288001296956675,0.0048757761382628665
2019-08-12,0.0,0.0,0.0
2019-08-13,-0.0013179299686293421,-0.0014798250239120767,-0.007403182698513534
2019-08-14,-0.0006909764136280419,0.0010610145468028295,0.0060819825600668675
2019-08-15,-5.202536202849667e-05,0.0,0.0
2019-08-16,-0.000695976980052702,-0.000884074539674963,-0.0011897014790141827
2019-08-19,0.002100019968790483,0.0020211911052526186,-3.908428374815886e-05
2019-08-20,-0.004713042720605114,-0.004687993431354193,-0.008934962486851229
2019-08-21,-0.002892864206026367,-0.004887461620566289,-0.006428737481836144
2019-08-22,-0.007110050448763171,-0.008044798504093419,-0.012507412901089953
2019-08-23,0.015690802539858523,0.01674626303365457,0.01862809252897185
2019-08-26,-0.001455174129166412,-0.002679871202168396,7.944919890725492e-05
2019-08-27,0.005603448581259022,0.005214439347136387,0.011664001159179451
2019-08-28,-0.0136544493648093,-0.01498212371891491,-0.014001160479446042
2019-08-29,0.016883267101738608,0.017589234859293087,0.01177299663559811
2019-08-30,0.017067256508146736,0.01753005135702485,0.014894696441000367
2019-09-03,-0.02444795611429406,-0.02530459101137364,-0.0259060203357803
2019-09-04,-0.0051513886414513675,-0.003675472833979693,-0.002689350151937421
2019-09-05,0.010063165561951658,0.010187598358454548,0.010787960310120371
2019-09-06,0.0028052999755050975,0.003386840369827745,0.006715790943426959
2019-09-09,0.008747581418473115,0.008417423820189486,0.007553759237117564
2019-09-10,0.0,0.0,0.0
2019-09-11,0.00037338719751322125,0.0020789649859677658,0.007116871543120084
2019-09-12,-0.00341125049245086,-0.0035923814777310244,-0.002810537325181184
2019-09-13,0.0067551709274215254,0.007358923226370821,0.010001378240009285
2019-09-16,0.004905078845345564,0.004443441896980801,0.0038062052314486896
2019-09-17,-0.008858133614502661,-0.009624981075909285,-0.01085853750319027
2019-09-18,-0.0006004913356736285,0.0003432066751014359,0.0012501563023777367
2019-09-19,-0.011168348610687885,-0.01149901467745988,-0.01334206594753581
2019-09-20,0.0626746440503271,0.06265293641992543,0.06773957371146089
2019-09-23,0.02345550651552905,0.02221957081262428,0.02462497225311979
2019-09-24,-0.010637830185833108,-0.010543895594239266,-0.008700599141778686
2019-09-25,-0.008162829689027276,-0.008826081306975844,-0.012483330725056484
2019-09-26,0.01610767907744868,0.017003669295618834,0.02070363162940713
2019-09-27,-0.018787417449752892,-0.019620085695996815,-0.020886373666996385
2019-09-30,-0.010507449477614405,-0.01077913043943872,-0.011189429450703748
2019-10-01,-0.01082835484313664,-0.011220831075142377,-0.012582598575209691
2019-10-02,0.0,0.0,0.0
2019-10-03,-0.008060167888461551,-0.0091970493694734,-0.013036092055881542
2019-10-04,-0.010388065395026597,-0.01022276324792571,-0.010543652709572048
2019-10-07,-0.00605993914272015,-0.006865258963556806,-0.004175683937123031
2019-10-08,0.0,0.0,0.0
2019-10-09,0.014948723893004457,0.015055303210351888,0.019342355349835784
2019-10-10,0.0005478747456458214,-0.00022849558217369055,-0.004947727673581348
2019-10-11,0.014652752303518425,0.015298426387098073,0.017179113157402018
2019-10-14,0.01588604492195662,0.01587168349768894,0.0148215169616853
2019-10-15,0.01123350913527434,0.01119030951602272,0.012001627097676226
2019-10-16,0.0019356420169708475,0.0016316759002125984,-0.0014962193576145812
2019-10-17,0.009340566854391628,0.00900806315178104,0.0062966468423526056
2019-10-18,0.0058890324346785,0.00565110974683251,0.0076870817103750445
2019-10-21,0.0,0.0,0.0
2019-10-22,0.002343096459243056,0.001815747739180097,0.002769544341360875
2019-10-23,7.140867253650014e-05,0.0002288166847855244,-7.240554297799329e-05
2019-10-24,-0.002773559144874229,-0.0027513217819329,-0.0013976378638118738
2019-10-25,0.0029662187938662567,0.002071858625325047,-0.0021772952196269296
2019-10-27,0.0013269271420583654,0.0016953061158413866,0.0027892950309599263
2019-10-28,0.0,0.0,0.0
2019-10-29,0.016266475822330796,0.017823378242407224,0.018997086590487378
2019-10-30,0.005688711594657874,0.005671760435242713,0.003237995144023787
2019-10-31,-0.0015216962631091524,-0.0021340304356640884,-0.004751179605352252
2019-11-01,0.009452151740154126,0.01095092873453196,0.011623219525223272
2019-11-04,0.008471479163418267,0.01010330497169437,0.011580617220832801
2019-11-05,-0.005662167964018774,-0.0058836015254655205,-0.005580182894124763
2019-11-06,0.0006901756713617879,0.0010197092895176888,0.0012911784074304158
2019-11-07,0.006042025116430189,0.006507811291490818,0.00792671300001937
2019-11-08,-0.022579749745210712,-0.022349540777772698,-0.020059163609641342
2019-11-11,-0.006630164212590234,-0.006186983721081143,-0.008573070857230757
2019-11-12,-3.366447064775922e-05,0.0,0.0
2019-11-13,-0.00556647852130625,-0.006330553507190616,-0.0046876403042718905
2019-11-14,-0.008983222484438606,-0.0096674898201702,-0.011011969725387595
2019-11-15,-0.001363331441498546,-0.0017368214775980207,-0.003942289867193061
2019-11-18,0.0038541273199564317,0.004856600589183129,0.00432755532213529
2019-11-19,-0.004016078411481751,-0.004289246444863449,-0.004330093568676441
2019-11-20,0.010989243193602385,0.010152130965295044,0.006959109967850996
2019-11-21,-0.005383249256433207,-0.005853060213933261,-0.007564427886418923
2019-11-22,0.0030058105949434077,0.00409845334749411,0.003943451815691035
2019-11-25,0.016456847548171047,0.017356474752513205,0.017911021896446357
2019-11-26,-0.005845786129139762,-0.006497000661607397,-0.003210737070439152
2019-11-27,0.012258012996104196,0.012111956089165177,0.011782768904795859
2019-11-28,0.004452270790604354,0.005704512478471412,0.005114829586355806
2019-11-29,-0.014969026730722262,-0.014967410206418763,-0.014015307839572933
2019-12-02,-0.0009307634064980828,-0.00019335716927081602,0.001182333936367608
2019-12-03,-0.013997721286325008,-0.015196423956720948,-0.016756944685377806
2019-12-04,0.010691115340758894,0.011271092037053626,0.010349137762341865
2019-12-05,-0.00911106597543425,-0.009961704838327905,-0.00812571659579452
2019-12-06,-0.007359705559928999,-0.0067014113007825326,-0.005550459769914884
2019-12-09,0.0006746442216657876,0.0012296585636328633,0.002076047174735385
2019-12-10,-0.004085443238686038,-0.0048908842952202864,-0.0063908365917123575
2019-12-11,0.0006002318120573496,0.0005217371196546516,-0.0013403413050023238
2019-12-12,0.007440057399646838,0.008110520655240152,0.01091775824776613
2019-12-13,0.008329089263604872,0.008760392431295675,0.01101533653375848
2019-12-16,-0.010386684060752927,-0.010597576660009152,-0.009514644859542731
2019-12-17,0.00379836484972655,0.004788964941451462,0.009862131887369653
2019-12-18,0.005374403838372956,0.005891101511928119,0.004867631521667659
2019-12-19,0.003415117823997753,0.002862138960855389,0.0017821179678963125
2019-12-20,0.0013936778641192391,0.0003583603298302337,-0.00018370480341930485
2019-12-23,-0.0034217174132330206,-0.003003304414268,-0.0025245271489442228
2019-12-24,0.0030254220384352748,0.003456076674604992,0.0030481144674188165
2019-12-26,-0.0006706437612280068,-7.692788600171911e-05,0.0016677007760642403
2019-12-27,0.0033954121343183286,0.0033066681915027473,0.0030677045013670304
2019-12-30,0.0034758269314596173,0.0037408136587883598,0.004626856589937278
2019-12-31,-0.003356347813091445,-0.003247041213133803,-0.004756549041907055
2020-01-01,0.0005418518116352498,0.00023454764255179832,0.00048810734615460866
2020-01-02,0.00821713359821669,0.009497793841616413,0.014142633707196019
2020-01-03,-0.0038670422867849363,-0.0039023106941181024,-0.006318953167671072
2020-01-06,-0.01642646890073218,-0.01724349507674703,-0.01882254821518875
2020-01-07,0.005573806197869478,0.005955431586027519,0.010012872532006124
2020-01-08,-0.0031517765384371675,-0.003716167501635682,-0.0009482559778281833
2020-01-09,0.012698507019676144,0.013848332716527106,0.013709912819619197
2020-01-10,0.006526498225885516,0.006303550253888248,0.006984181146141766
2020-01-13,0.008024984637000156,0.007727499432196505,0.008210457251211545
2020-01-14,0.006620604500588923,0.006754258694793351,0.007778696142286523
2020-01-15,0.005039633462989742,0.004811221877508969,0.0043833683009848025
2020-01-16,0.002315015533837544,0.0011465346119697553,-0.0016159808381520542
2020-01-17,0.00219213114092135,0.0016424172426900082,-0.0008795948031909422
2020-01-20,-0.005478668354358271,-0.006348046164868292,-0.007070228212809727
2020-01-21,-0.008235193076412869,-0.008201824065308708,-0.009090946371141318
2020-01-22,-0.007985123772403136,-0.007888951063754427,-0.007201512268200217
2020-01-23,0.003979059568476239,0.0042666646471660975,0.0039711308618756375
2020-01-24,0.007478477821087574,0.007715482397529734,0.009050921689504254
2020-01-27,-0.009419437163159367,-0.010854642797175216,-0.011790440077020237
2020-01-28,-0.006501544791979244,-0.007438559109411552,-0.010612630317079663
2020-01-29,0.009535673767726734,0.009435188976464629,0.009418305123076254
2020-01-30,-0.01206634899792661,-0.012670437060250946,-0.01092569208336781
2020-01-31,-0.01896215199719878,-0.01975686930063493,-0.019297497510243768
2020-02-03,0.010972840017734627,0.007442095543703139,0.004010093743594234
2020-02-04,0.015456698081633417,0.016546969136245804,0.021104724465537485
2020-02-05,0.008461996604708496,0.010473184256432474,0.013220435887943747
2020-02-06,0.0015335505860419806,0.002902371550152409,0.002162433756789406
2020-02-07,0.005396981622891688,0.005695550629917425,0.005331930862827672
2020-02-10,-0.01215483922885074,-0.014019469643495508,-0.01519604980965349
2020-02-11,0.003983265894278539,0.004182761637692611,0.0036543244722605055
2020-02-12,0.013538108915949722,0.01220883271800134,0.008527140321441251
2020-02-13,0.0023661362509450855,0.002688346959879253,0.0014966974158145182
2020-02-14,-0.00784436023034192,-0.008349423640085505,-0.008487918894383396
2020-02-17,-0.006801766533208278,-0.007720310082854979,-0.007057268459958343
2020-02-18,-0.009522775859342796,-0.00935589667359597,-0.010423953960347555
2020-02-19,0.011359244060793652,0.01086941806024104,0.013053708935926566
2020-02-20,-0.006255909314195897,-0.004709821593834382,-0.004355201792729868
2020-02-21,0.0,0.0,0.0
2020-02-24,-0.029341890374533046,-0.03171267424746184,-0.033283863356666714
2020-02-25,-0.0025319974957395213,-0.003445294004566582,-0.003980153674493258
2020-02-26,-0.011456605949035352,-0.012899231103196934,-0.011491868184395359
2020-02-27,0.0018352327743994734,0.0015798828282476817,7.749741515417248e-06
2020-02-28,-0.03915100145684118,-0.04237059915851478,-0.04775754284701647
2020-03-02,-0.007846728446237733,-0.009394290337343349,-0.009227517380298924
2020-03-03,0.03286903319806525,0.03664875517153089,0.03835222688923428
2020-03-04,0.010278006106160326,0.009413605629995617,0.006687393412397302
2020-03-05,0.004381061279561626,0.003910931240953704,0.003391651719932164
2020-03-06,-0.017322124858144397,-0.019685664961969274,-0.020743151237332294
2020-03-09,-0.04082844000472777,-0.04754057606448858,-0.054917604581982096
2020-03-10,-5.934140077955439e-05,0.0,0.0
2020-03-11,-0.007676776763042281,-0.010471148358422897,-0.010706899799678227
2020-03-12,-0.06869269011441943,-0.07571114090835787,-0.08086903007739497
2020-03-13,0.021879318619058157,0.027310054906555616,0.026936438972332354
2020-03-16,-0.061910412413055706,-0.0666600437053625,-0.06863943010171036
2020-03-17,0.0054363099084831935,0.0031312764825573427,0.0004913481129013692
2020-03-18,-0.03114881882932848,-0.02744086066817066,-0.03124747376000197
2020-03-19,-0.039820233917439926,-0.04199389602713578,-0.04930994716209161
2020-03-20,0.08238588042484088,0.08424097553024584,0.08338107983344441
2020-03-23,-0.11793257273086494,-0.1222862059439886,-0.12800430792074877
2020-03-24,0.041337289562078834,0.03953450191088163,0.03491092916966998
2020-03-25,0.037106679251393604,0.035210549825375095,0.035152391989256807
2020-03-26,0.018053900733304012,0.0178761186003792,0.019837445340886484
2020-03-27,-0.007248262731749142,-0.00803489124751187,-0.009314348687764307
2020-03-30,-0.007914327589016194,-0.011339491420808465,-0.016995673874423932
2020-03-31,0.054033469958984046,0.05483574449630431,0.055414709091373186
2020-04-01,-0.03802639289397866,-0.03757494172678938,-0.03906790779165728
2020-04-02,0.0,0.0,0.0
2020-04-03,0.003467770116730372,0.006525179355992364,-0.0033203189368064224
2020-04-06,0.0,0.0,0.0
2020-04-07,0.10924258695631921,0.10785259774585884,0.10013784870703071
2020-04-08,0.002663799174630368,0.004332870268402022,0.0001304359088877497
2020-04-09,0.02499501564980411,0.027994510262815932,0.036564413278452584
2020-04-13,0.003117219801313579,0.0037487520201670574,0.005428409986201888
2020-04-14,0.0,0.0,0.0
2020-04-15,0.021003034371694596,0.019526784802330985,0.022282768760225023
2020-04-16,0.01458278762601814,0.015583628029871358,0.021226115365137733
2020-04-17,-0.00080583518353948,0.00021854244583090297,0.0036759573262611926
2020-04-20,-0.017479976602856925,-0.017637264566144065,-0.019542958505668243
2020-04-21,-0.021549926761600037,-0.02259821103254591,-0.02343170194366796
2020-04-22,0.013324498724809942,0.011243955252935423,0.010490331141858334
2020-04-23,-0.0008475734676313486,-9.062842046461163e-05,0.0012374077398865865
2020-04-24,-0.008275487260158053,-0.008249258372616133,-0.006583876024366842
2020-04-27,0.021850076279946572,0.021521234275251436,0.024107156606463568
2020-04-28,-0.010192595304105937,-0.010206308317188429,-0.009553106260338794
2020-04-29,0.0049411468709013055,0.0067245437242838026,0.010979287535817606
2020-04-30,0.03504542474967895,0.038473146998930376,0.04948351578869306
2020-05-01,0.0,0.0,0.0
2020-05-04,-0.047571431314729004,-0.04907804137697579,-0.05561513358998185
2020-05-05,-0.010309014766498106,-0.009954337661106968,-0.010496208468027714
2020-05-06,0.00022984953331798078,0.0007517959193931188,0.003629420975030084
2020-05-07,-0.008511153236727373,-0.008038425871974009,-0.010118491607822744
2020-05-08,0.0182536537980577,0.01749025132953039,0.012345860508905416
2020-05-11,0.0018023742605866844,0.0027042263128823664,0.007945698872211571
2020-05-12,-0.000854601250979786,0.0016445267156169553,0.011700344514199013
2020-05-13,-0.0007941864379446524,-0.0004692487015017788,0.00453117268873633
2020-05-14,-0.014331613563396114,-0.014725214377952248,-0.016857596197421713
2020-05-15,0.00499566999167789,0.005271454746370514,0.007978607515916381
2020-05-18,-0.027321145816938577,-0.027485013380010845,-0.027894143859962056
2020-05-19,0.008770017636344723,0.009065372842551635,0.0077623626367851134
2020-05-20,0.014716973225458847,0.014483991122549517,0.014759350287523131
2020-05-21,0.01162757184131059,0.011182713705600526,0.0119906091563589
2020-05-22,0.000330960262614006,-0.0006933752782139809,0.0008789819010718847
2020-05-26,0.010920822051498252,0.011118654961480276,0.013712428100248978
2020-05-27,0.008853678495826696,0.00915351839716652,0.009164082070941583
2020-05-28,0.014779819429631871,0.01470797076783029,0.017309901159116035
2020-05-29,0.024129360896443637,0.024253911710864596,0.02158475655151635
2020-06-01,0.008651742661242134,0.008954464839141005,0.009845715428392965
2020-06-02,0.004679307708250989,0.00505102696752547,0.0070558115510985795
2020-06-03,0.011097033163543275,0.010994748365176159,0.011754119100868266
2020-06-04,-0.0019348568559977688,7.067419555495608e-05,0.0005984628357311169
2020-06-05,0.0077310816029837765,0.008252187964569,0.012282382762702361
2020-06-08,-0.0016631377139696886,-0.0014007901094430513,-0.005557804787219489
2020-06-09,-0.00432986936880341,-0.004685684177052717,-0.006778662140461412
2020-06-10,0.0014237356366504604,0.0019066855571243176,0.00410017544140776
2020-06-11,-0.01939800117333682,-0.020099465853950914,-0.019179850423107582
2020-06-12,0.005381046696823586,0.005694326940509838,0.009854596949575767
2020-06-15,-0.005630058208084903,-0.005690613254537529,-0.006702251696204787
2020-06-16,0.0044746688787325895,0.005052895357649666,0.006162088169190861
2020-06-17,-0.0015818601776930814,-0.0017514194693097895,-0.004200483456394988
2020-06-18,0.001621097823612125,0.002482489538083408,0.007057987416923373
2020-06-19,0.009735801526522586,0.009148622962406584,0.0055583456095198444
2020-06-22,0.006596745244334687,0.007098635693695862,0.009360593752099133
2020-06-23,0.021817813275574572,0.02172178098116718,0.0215004134052211
2020-06-24,-0.014786310880349426,-0.01565948010706643,-0.012811042930579043
2020-06-25,-0.0033339592803347346,-0.0029926741396434013,-0.00577799310765178
2020-06-26,0.0008283088758694711,0.0008610706541282359,0.0035263336347361902
2020-06-29,-0.0021876435529534456,-0.0029225280922207785,-0.004988687498538934
2020-06-30,-0.0009147399981197834,-0.0012459279185914078,0.002807763696090749
2020-07-01,-0.005307118798641257,-0.004887219220177224,-0.004748257609703533
2020-07-02,0.003598873475386865,0.0035917172617732133,0.0023963895662651785
2020-07-03,0.0014986048780576688,0.0012149571646175355,0.0004008591617712608
2020-07-06,0.013527223263539362,0.014270458023083651,0.018216433981816202
2020-07-07,-0.0033602828480527027,-0.00419592184753494,-0.004856031077078426
2020-07-08,0.0029240622596766476,0.0038803090873420457,0.0025323021059951096
2020-07-09,0.00623386220011759,0.006683806220874326,0.00980795210933504
2020-07-10,0.0024369359092420296,0.0019361085495053026,-0.002760302341344745
2020-07-13,0.014259248274675939,0.0146213076456543,0.014184894134246596
2020-07-14,-0.01601784271933407,-0.016460828160692914,-0.017361287709642882
2020-07-15,0.0025995908214846756,0.0027417596386692536,0.0002591294243564743
2020-07-16,0.013371743053277003,0.013122769668839379,0.01255116126699426
2020-07-17,0.012519158272226773,0.01235294723217795,0.009612248352290121
2020-07-20,-0.0028502376032612207,-0.0035755598573183603,0.0014085052843108127
2020-07-21,-0.001146385126647917,-0.0003353765431941952,0.001051017665479903
2020-07-22,-0.012160094985381915,-0.011545587976012305,-0.010095477012324938
2020-07-23,0.0028937148444641595,0.0030892570648904266,0.004176788267585741
2020-07-24,-0.006173953124140661,-0.00660600531200292,-0.009666208169527202
2020-07-27,0.002647896727970921,0.002025228544917091,0.0008223623505478558
2020-07-28,0.00955988717474397,0.010220006404290258,0.01140732626039398
2020-07-29,-0.0011741925885279969,-0.0010983126052751555,-0.0030509881424523157
2020-07-30,-0.0019636709978554942,-0.001968591622663475,-0.0034752452800746792
2020-07-31,0.012825962264202158,0.01352311653103067,0.012067745026959543
2020-08-03,-0.009639846230783018,-0.009316176429834323,-0.006882074037421516
2020-08-04,0.009390278365185474,0.009981294660900353,0.010313687302129271
2020-08-05,0.012758919710678236,0.013700297196107242,0.017615306780807836
2020-08-06,0.00963556097426755,0.009735429978876102,0.007223436510804593
2020-08-07,0.005280100473075625,0.004565428644992577,0.007333309666280275
2020-08-10,0.00807715895282014,0.008694748321311901,0.008707006661447778
2020-08-11,0.0007698505325064255,0.001057485938683481,-0.0023247333880908605
2020-08-12,-0.006507105918051115,-0.006708837530604663,-0.007767645911022169
2020-08-13,0.0015962708922270797,0.0019706163859647195,0.0038181594767153775
2020-08-14,0.0019464146315190853,0.001997989478583743,0.001053514117710497
2020-08-17,0.01401038651423181,0.014550518135129751,0.01767581424990066
2020-08-18,0.011537981796008375,0.011257406876190996,0.011669085848832628
2020-08-19,-0.00281315430426606,-0.0024634777595042255,-0.00041139814954276304
2020-08-20,0.0029948049028912394,0.0032403582322667835,0.0032458566471465274
2020-08-21,0.0098442397226809,0.009264071867561596,0.009088798454261759
2020-08-24,-0.00013508490820446017,-0.0004086276055187307,-0.0015953782347634894
2020-08-25,-0.005878490378796421,-0.006015293439850944,-0.004839447130561325
2020-08-26,0.0006920140846999774,0.0008251650405754576,-5.942948177710709e-05
2020-08-27,0.0008675365634991625,0.0008152273672075912,-0.0008393861690025649
2020-08-28,0.0005618501294093366,0.0007293957419199758,-0.0018049199236777613
2020-08-31,-0.02681805219456889,-0.02667681564363062,-0.02510348725180017
2020-09-01,0.019622788059581356,0.019856993071770267,0.020690930132726604
2020-09-02,-0.002201790358901874,-0.0018554292889588833,-0.00029872224185674195
2020-09-03,0.002977549041211223,0.0024338954372134336,-0.0011921119366480987
2020-09-04,-0.016431442555562843,-0.016787095159454174,-0.017059702796103828
2020-09-07,0.005626947171820404,0.005579159823305458,0.004324046362212386
2020-09-08,-0.018039529091393794,-0.01832495942056478,-0.018082035078992056
2020-09-09,0.0054222882997609,0.005755592198187401,0.0065333830683986125
2020-09-10,0.0034718976460973907,0.0029830693379538508,0.004501978523498352
2020-09-11,0.0017334931463955788,0.002123472637203102,0.0024681483832697526
2020-09-14,-0.008935389063993712,-0.009018065280177364,-0.007338230168334325
2020-09-15,0.004342681321905149,0.004695861186972795,0.00515652652940849
2020-09-16,0.010882033294568957,0.011330778273774496,0.01329296879232762
2020-09-17,-0.009565102891871086,-0.009735714425228846,-0.010657922644595
2020-09-18,0.0045399307328662965,0.004227409874915862,0.0007628000390700654
2020-09-21,-0.040201617778710244,-0.04030215847142889,-0.03943780834265237
2020-09-22,-0.007831801862881732,-0.007797171058768667,-0.00921316680375991
2020-09-23,-0.0005119630727679347,-0.0003599990919455477,0.0019753632856492455
2020-09-24,-0.017381624770984483,-0.01735075325735747,-0.01626135993875809
2020-09-25,0.019846894365332813,0.02048673168960755,0.02389898190826929
2020-09-28,0.020233898047661347,0.020734375172128176,0.020979264907435825
2020-09-29,-0.00046671418754544794,0.00012883831906918995,0.004009329151480691
2020-09-30,0.00303603547346073,0.0021039223128575648,0.0027013989976021565
2020-10-01,0.010080819280723305,0.009701851770463909,0.0089896085612733
2020-10-02,0.0,0.0,0.0
2020-10-05,0.01175926722220481,0.012137994089974315,0.007828929761200299
2020-10-06,0.0011516032844650515,0.00077885715987907,0.0005734310029991583
2020-10-07,0.00012211226386417884,-0.0020497417294547196,-0.007029527742376163
2020-10-08,0.003602686498572159,0.0029394182804423044,-0.0018396174708995789
2020-10-09,-0.007861321599827092,-0.00703175129756749,-0.0023812880589563217
2020-10-12,-0.007745357072434556,-0.011481458603416664,-0.024015873428630662
2020-10-13,-0.002522674281029501,-0.0018207121540454224,0.0018658213611054018
2020-10-14,-0.0005020174361126383,-0.0008371697746546231,-0.0009786744989214056
2020-10-15,-0.00804206194524463,-0.008644067479521705,-0.01102173199448383
2020-10-16,0.009543851041550498,0.010320329144058163,0.011729988809699466
2020-10-19,0.012698032015215922,0.012961043318830126,0.013044577225767507
2020-10-20,-0.0005093923797540261,3.406658959514107e-05,-0.0012900471719987983
2020-10-21,0.0012277620592127053,0.0021605789516351143,0.0009478630804870321
2020-10-22,0.0016718032091107462,0.0021546948004659266,0.004166806909731746
2020-10-23,-0.005357231000386727,-0.005499510790753416,-0.005057934427175382
2020-10-26,-0.011379214936163834,-0.011919335804878133,-0.011863583661485665
2020-10-27,0.01423121246227163,0.013076242541882036,0.018239536784072655
2020-10-28,-0.009265776620955611,-0.008725432094424933,-0.007690783939350322
2020-10-29,-0.007528040280027329,-0.00785271478692905,-0.003939606011439601
2020-10-30,0.0024510057126475764,0.0029897439389616406,0.0026092634895737874
2020-11-02,-0.0003446223409070584,-0.00018555315157522826,-0.0025256206957362196
2020-11-03,0.00963925408722005,0.01024197467013376,0.009073305044642611
2020-11-04,0.008956791192048966,0.008212181227447594,0.003965527661703128
2020-11-05,0.02347927781041254,0.02377512946980738,0.023848535833584927
2020-11-06,-0.003948639297040984,-0.0036950142647531993,-0.002858461422960579
2020-11-09,0.014956770033934606,0.015632812558293113,0.018619233777241354
2020-11-10,-0.00868842090936147,-0.008363475759958,-0.005724628834928458
2020-11-11,0.015283655357701726,0.016217027489298583,0.015459309110560406
2020-11-12,0.00663596508618045,0.006743123298775882,0.007579695376226592
2020-11-13,0.004638240839681231,0.005339474903401618,0.0077270770792012295
2020-11-14,0.002527439415513955,0.002485413077327025,0.0017921618648152227
2020-11-16,0.0,0.0,0.0
2020-11-17,0.0013683232351580756,0.001411295252985071,0.0028094161347773316
2020-11-18,-0.0018805389743707026,-0.0013685636838713677,0.0022075895092175555
2020-11-19,-0.008515888247153372,-0.008222283676035003,-0.006348313366265491
2020-11-20,0.0036551578105296504,0.003572970509349357,0.005064612162148608
2020-11-23,0.017587165747481055,0.017761308919545523,0.017627673363364908
2020-11-24,0.009124056245489927,0.009531416673176453,0.008817955977213864
2020-11-25,-0.006047065254233209,-0.006002974625938985,-0.006650880922900482
2020-11-26,0.015300344582449645,0.016386701171812602,0.018441255919392212
2020-11-27,-0.0023181595779591434,-0.002755008076638396,0.0005385769007474677
2020-11-30,0.0,0.0,0.0
2020-12-01,0.015789935213616837,0.01600560118740233,0.013568940775158767
2020-12-02,0.013911828053956101,0.01400523327433971,0.01242563488350903
2020-12-03,0.016956122564955725,0.01695374418989011,0.019123336681079562
2020-12-04,0.020493725845686105,0.020676862875285033,0.01748697952375965
2020-12-07,0.010460501757209952,0.010335169187350616,0.0074182517854915475
2020-12-08,-0.008228864567540597,-0.007773796335437595,-0.004578906142932748
2020-12-09,0.006199083444932764,0.006390969418093702,0.007062635675275264
2020-12-10,0.010596099196442268,0.01031420819271045,0.008484805809273988
2020-12-11,0.009170033772778117,0.00934444160460423,0.008563589073513934
2020-12-14,0.010821685535324446,0.010644971033402046,0.009685889601065836
2020-12-15,-0.007255611164226187,-0.00698470264537605,-0.003976285474014219
2020-12-16,0.013307240788279832,0.01344360768003954,0.012548952636961767
2020-12-17,-0.009249868964586364,-0.009434417595876791,-0.007879546171235886
2020-12-18,0.002026429223253407,0.0020236146353324242,0.0020290540962738302
2020-12-21,-0.03649497028630651,-0.03793917060664605,-0.042441257000011404
2020-12-22,0.014277451581834286,0.01473871031138816,0.014950157982775348
2020-12-23,0.014726135153484103,0.015758655356831283,0.017659050928253837
2020-12-24,0.01140360719669146,0.01251784857913465,0.01393692416617932
2020-12-28,0.0073979000340931265,0.007736125952847747,0.0073592224013726455
2020-12-29,-0.004848758993013351,-0.005351935250306563,-0.006427414862460757
2020-12-30,0.005239664239899727,0.005312788054395442,0.00799361335436336
2020-12-31,0.003010791072826702,0.002956302970047222,0.0005254157384375847
2021-01-01,0.0011099294733498302,0.00098738110008264,-0.000169223550468367
2021-01-04,0.01952954964077722,0.020991658156281644,0.022044328871480078
2021-01-05,-0.002066498010651955,-0.002598661038142596,-0.0036722024910550103
2021-01-06,0.00807432341185494,0.00939803749146239,0.016616256040163313
2021-01-07,0.00022799302668620686,0.0011811988059809249,0.006089496463475896
2021-01-08,0.012380075418569027,0.011613848341905535,0.009423717059432924
2021-01-11,0.0035992460945402723,0.003038689781411222,0.00039688742863935845
2021-01-12,-0.013077291377805344,-0.01226374596302967,-0.00897329662944123
2021-01-13,-0.001579663761513152,-0.0015149360691549263,-0.0030681058243552718
2021-01-14,0.00038824380918172393,-5.117231111580233e-05,-0.001767339551232117
2021-01-15,-0.017901057245551792,-0.017604136879520022,-0.01769500366041634
2021-01-18,-0.023002756930231554,-0.023851085343607432,-0.023625386367903966
2021-01-19,0.01967506566116055,0.020156133571926138,0.020143231135200602
2021-01-20,0.002475188184502229,0.002350091180559605,0.0012797497615170904
2021-01-21,-0.009961507592975483,-0.010685256001465224,-0.010638302803500265
2021-01-22,-0.016125394659059617,-0.01645668434280284,-0.01799157907230806
2021-01-25,-0.001659843325096178,-0.0011736989182296212,-0.003713961171292701
2021-01-26,0.0,0.0,0.0
2021-01-27,-0.01605888994010647,-0.01615291259141416,-0.015991198104503657
2021-01-28,-0.008782278581439288,-0.00861209912156934,-0.00441236503115685
2021-01-29,-0.008886350954593688,-0.008797754332155643,-0.012521430600097663
2021-02-01,0.01944547583314901,0.020658246169645934,0.02970496281582781
2021-02-02,0.017893965589353418,0.018426535849983675,0.022192301880667897
2021-02-03,0.007419755904615535,0.007542118261441165,0.0042415442690569745
2021-02-04,0.010586608881723669,0.011007051791313978,0.014025027073828834
2021-02-05,0.0013158542777789088,0.0012827624484462782,-0.002201853948156329
2021-02-08,0.012820257822897165,0.013646800021066167,0.01813769387039907
2021-02-09,7.198309978989886e-05,-7.810188203254305e-05,0.003159110913382679
2021-02-10,0.0024928867767511674,0.0029003834103417075,0.0030783540186435036
2021-02-11,0.01257617816453173,0.012800252506575755,0.011757943401333359
2021-02-12,-0.015100473154208024,-0.015374548608088165,-0.015473023883429238
2021-02-15,0.0006609394098919257,0.0009807263648112096,0.003715083985756851
2021-02-16,0.00832540009868305,0.009145440753246952,0.010559751014627174
2021-02-17,-0.010680055172576997,-0.010042795063355404,-0.007969439729986228
2021-02-18,0.008583605128928279,0.00854221245549943,0.008393333531151594
2021-02-19,-0.012550550305449763,-0.012845759866548968,-0.013979627596637012
2021-02-22,0.00016824633988963482,0.0015791653019533117,0.006600707654650295
2021-02-23,0.01666354807680985,0.01730386222182043,0.01692971841265454
2021-02-24,0.0010794383519609906,0.0006685393289278537,0.0015074951811120283
2021-02-25,0.014103185339832063,0.01475976395165345,0.014631531735883687
2021-02-26,-0.0306108214870376,-0.030509745642057818,-0.029096086045801488
2021-03-01,0.022208457679400617,0.02222234585654387,0.025148879910880287
2021-03-02,0.008595924447502477,0.00863302608386575,0.006905266715201675
2021-03-03,0.014471083639107419,0.015135911063564945,0.014929767607291965
2021-03-04,-0.007223004697871124,-0.008085164196286994,-0.006105939087053423
2021-03-05,-0.004949054854968809,-0.0050932948392964335,-0.005121370597354879
2021-03-08,0.001981541080841836,0.002275583563548132,0.0018014735938296838
2021-03-09,-0.0007658232133570407,-0.0012287491184171202,-0.0017423897286804493
2021-03-10,0.01096022934135318,0.011328094444628508,0.010463761228365022
2021-03-11,0.0,0.0,0.0
2021-03-12,-0.009942801583448426,-0.009753136011600851,-0.00971653929744435
2021-03-15,0.0007401214061195488,0.0014613713000985983,0.0032279161786688995
2021-03-16,0.006722207155905471,0.005924217140854434,0.005539337878049955
2021-03-17,-0.020096817794929365,-0.020025691853447457,-0.018819212662920273
2021-03-18,-0.005228569959326699,-0.005013228529725709,-0.005009288528103029
2021-03-19,0.017608044205859104,0.017888208550055792,0.01444698744067148
2021-03-22,0.011832010396245774,0.011735639637064855,0.010577927945121891
2021-03-23,-0.0058243169963078534,-0.005944476592569618,-0.0014555177054156312
2021-03-24,-0.010456735284458892,-0.010854831837286983,-0.011471447716524894
2021-03-25,-0.018787782458810902,-0.018257125776658462,-0.016093536378626275
2021-03-26,0.025371234446511147,0.02509858111936062,0.024258233589660706
2021-03-29,0.0,0.0,0.0
2021-03-30,0.027190210154524934,0.026278285769195362,0.02566889889863274
2021-03-31,0.00014426515144422844,0.00021472838700908534,-0.0001768374000293728
2021-04-01,0.019695648458280465,0.021259425569368863,0.02140053271742468
2021-04-05,-0.0025889045875102097,-0.0024700461973068384,0.0006108435157176294
2021-04-06,0.017362013472772397,0.016648211539971564,0.01367640744979899
2021-04-07,0.011289613858041399,0.011073577103554756,0.012227956220687078
2021-04-08,0.016396769922224084,0.016637913458522693,0.020171775110665303
2021-04-09,0.009757827283013634,0.009407972362796538,0.0026209603237081994
2021-04-12,-0.025707542443456025,-0.027766213891220623,-0.03336801203655393
2021-04-13,0.010601186677967663,0.012178646733965732,0.012306268533278984
2021-04-14,0.0,0.0,0.0
2021-04-15,0.00490442564196275,0.005744835965244587,0.005898893852438358
2021-04-16,0.014248791706804414,0.014948116877475536,0.016988872272769497
2021-04-19,-0.015099415600872983,-0.015465036560351328,-0.01583522782768302
2021-04-20,-0.003381837677278626,-0.0034393770444291196,-0.0052163302247020486
2021-04-21,0.0,0.0,0.0
2021-04-22,-0.005921173434296823,-0.005758428506026576,-0.005694679073391851
2021-04-23,-0.009393252803119336,-0.009455331020258306,-0.009603707430962017
2021-04-26,0.010171162318911454,0.01022792729882001,0.008709442167887316
2021-04-27,0.009500118822587103,0.01070266081560605,0.011713890001197658
2021-04-28,0.003107356096507326,0.0029305091201923344,0.0022195844897255233
2021-04-29,0.014172476354015973,0.015387474244397572,0.01577755896296982
2021-04-30,-0.005437051770307247,-0.004760409207622657,-0.005732973019957777
2021-05-03,0.010305844660609003,0.01002129141879278,0.007595142031670254
2021-05-04,-0.004207378703497699,-0.004266955086533386,-0.0031110338091261845
2021-05-05,0.011847902331485824,0.012792903840471003,0.01055997202982235
2021-05-06,0.0045247554920987785,0.0052240796910448676,0.006915802875042276
2021-05-07,0.01214852796952858,0.013429618944512058,0.015914584999571234
2021-05-10,0.013536438102631092,0.015095543509478369,0.013131285243828237
2021-05-11,-0.0013624405207189052,-0.001996130990184841,-0.0028606610096136853
2021-05-12,-0.019026088754653624,-0.019279681583489996,-0.018315724442605995
2021-05-13,0.0,0.0,0.0
2021-05-14,0.008074380808366217,0.005948855554202038,0.003925192205575846
2021-05-17,0.004112007235866465,0.004619916842113538,0.008164988119358474
2021-05-18,0.008340465910393793,0.00880977844052503,0.01057543017869713
2021-05-19,0.0007000739762012815,0.0005059487861343308,-0.00030112177418555334
2021-05-20,-0.017799444865513197,-0.018516180918873065,-0.019206742350232488
2021-05-21,0.007979361139319099,0.00759287684049764,0.006479312360624623
2021-05-24,-0.007843204377541393,-0.007283088990535835,-0.008276922677302323
2021-05-25,0.013062459818913599,0.01254603020376425,0.01231364696009797
2021-05-26,-0.0034155161017642996,-0.003986415318501178,-0.0061384282052446065
2021-05-27,-0.0006166500873683975,-0.0010824011010131828,0.002733254678294117
2021-05-28,-0.007495988998605988,-0.007684179382566305,-0.005728320589854274
2021-05-31,0.010682267409513457,0.011255460372444338,0.01220062567229582
2021-06-01,0.002057106665774766,0.0015089136236397039,-0.0007699454917658218
2021-06-02,0.004508442171474718,0.004957913358041939,0.006679491894921286
2021-06-03,0.009239261043520653,0.008988458089039777,0.010142060122115127
2021-06-04,-0.0015446952562117118,-0.0014281391920186013,-0.0008725096165668406
2021-06-07,0.0021460191832100768,0.001443464044824001,0.004042320582409398
2021-06-08,-0.0008789020238579007,-0.0015299341712093416,-0.003239043067299586
2021-06-09,-0.005520310383434954,-0.005515777416550559,-0.006908915006134409
2021-06-10,0.004965701883244035,0.00508546269637253,0.0038172859126842096
2021-06-11,0.005814430389211968,0.006378762440696924,0.006240437741098347
2021-06-14,0.0022511601741389666,0.0017931625910628966,0.0022746301647292187
2021-06-15,0.004687717403817847,0.004025923418126963,0.0037941717202053973
2021-06-16,-0.004026969143558062,-0.004575465716186252,-0.006706140785002012
2021-06-17,-0.0033133158005859698,-0.0038311035145598155,-0.0038056646110355523
2021-06-18,-0.007043798327003555,-0.007647828005703291,-0.012244811911347553
2021-06-21,0.0048961725568533974,0.0048002244462517375,0.004727061274274092
2021-06-22,-0.003040979227348465,-0.003632814871660854,-0.0006042038712648079
2021-06-23,-0.0029089287455345385,-0.002848710573852005,-0.003254047323425791
2021-06-24,0.005262808598222077,0.005170837299395937,0.004581496878151104
2021-06-25,-0.0003529492094175603,0.0010148284934494041,0.00418497736146466
2021-06-28,0.004997679620034333,0.005488872568958411,0.0049847250045543245
2021-06-29,-0.0024783363218480983,-0.0029732946718592033,-0.00485810127938412
2021-06-30,-0.005874698276130574,-0.006032687199536512,-0.007387866786993425
2021-07-01,0.004225187903203369,0.004712872910155177,0.0019893661727817926
2021-07-02,-0.004484746033693741,-0.004520059567519269,-0.005321375380159788
2021-07-05,0.008424707456027993,0.009326171659295971,0.011018520330980875
2021-07-06,-0.00474817621668602,-0.004833260274792225,-0.001939240469951109
2021-07-07,0.008312676179379539,0.008589133005836042,0.007329080103616992
2021-07-08,-0.01677039975946482,-0.017177552574103527,-0.016074328046669355
2021-07-09,0.005105565158944133,0.005598533162766365,0.006269358874526165
2021-07-12,0.0024025012246108924,0.0022914516652394463,0.003020821848034605
2021-07-13,0.007321786272609971,0.007468367092121645,0.0061587098330855745
2021-07-14,-0.0010824079266698954,-0.0009552969522367972,0.0004372006777479066
2021-07-15,-0.004028479854701955,-0.0033922759643849826,-0.0030857774673369812
2021-07-16,0.003215689015146179,0.0034885210217155114,0.00234504891759989
2021-07-19,-0.005483773381761133,-0.006079807427224897,-0.007564534312646154
2021-07-20,-0.0031612292073586075,-0.004249814547447159,-0.005347856380429084
2021-07-21,0.0,0.0,0.0
2021-07-22,0.009536007643150955,0.010181000491348463,0.011357097979544883
2021-07-23,0.0008046110830246064,0.0007747831377179188,0.0017345503004586925
2021-07-26,0.00023075827248653297,0.000855202430652255,0.002414083399220568
2021-07-27,-0.0020463836437898315,-0.0010850615481399024,-0.0012217495031254903
2021-07-28,0.0004441885858768599,0.0005423052806307655,-0.0005089211349478261
2021-07-29,0.014647771666383671,0.01714080252937777,0.02119767852670058
2021-07-30,0.014526884852680996,0.01384191696717648,0.010972993526165932
2021-08-02,0.008131900843763496,0.008214019797610998,0.013607047534177266
2021-08-03,0.015440811324213724,0.01493373164646604,0.01190029254982391
2021-08-04,-0.0049566184662008855,-0.005154764387019928,-0.00465705908602666
2021-08-05,0.0012141397301436993,0.0010833650351613979,0.0014980431917729355
2021-08-06,-0.002839117461765248,-0.0027520945739984565,-0.00392454137684789
2021-08-09,-0.0005506125536786968,-0.0012185613240813249,-0.002499283714228806
2021-08-10,-0.0065107976733531185,-0.00696598112124075,-0.010552735293385997
2021-08-11,0.006244396106539931,0.007114439205556954,0.009809490268346212
2021-08-12,-0.0004970747759342153,-0.00031924239245158205,-0.00020059933940285156
2021-08-13,0.0026613663215567995,0.0029596350182754787,0.0031106162478456325
2021-08-16,0.004565239026137202,0.004365127819983651,0.004058241154464237
2021-08-17,0.0017448611239702764,0.0005839835264064351,-0.006146830313657338
2021-08-18,-0.0029473017581562078,-0.003649325303317445,-0.004517695721101578
2021-08-19,0.0,0.0,0.0
2021-08-20,-0.0030436010031200823,-0.005405170484425839,-0.00992049018577261
2021-08-23,0.004429189853204844,0.004574333498009544,0.0037105681397795135
2021-08-24,0.006416322732778801,0.0075718997349123575,0.009232938545521398
2021-08-25,0.004228247125735112,0.004910628121611468,0.006220493956561546
2021-08-26,-0.001275906641882383,-0.0019892370087799234,-0.0004283290510243127
2021-08-27,0.00807139338516184,0.008909129381873644,0.009681311687075778
2021-08-30,0.01333446630375742,0.01396795568250138,0.01445919486454801
2021-08-31,0.01094605935576658,0.011911459711402584,0.014665498461123505
2021-09-01,0.0005588626212863225,-0.00039310129288281596,-0.00028884867194869414
2021-09-02,0.012146465931182352,0.01133719085670515,0.015683636492477428
2021-09-03,0.005578222967165192,0.005938901005058664,0.00765351392889142
2021-09-06,-0.0019209814730722613,-0.0012665066472035942,0.00030797199383997265
2021-09-07,-0.00488270366422149,-0.005441744754240786,-0.004111911969443183
2021-09-08,0.0011177358122486318,0.001143960903660661,0.0006306706976768607
2021-09-09,0.008868157310990155,0.009144102744659356,0.008961556663931025
2021-09-10,0.0,0.0,0.0
2021-09-13,0.004703461013364005,0.005629642544208974,0.007725490907869481
2021-09-14,-0.002569840756723293,-0.0025428152480324374,-0.002955877659083595
2021-09-15,0.006107991090500418,0.006821294129826445,0.007628071320100061
2021-09-16,-0.003177461859584338,-0.0031276905247877847,-0.003454911061757371
2021-09-17,-0.01044469320469726,-0.010998398817400666,-0.010563088726077254
2021-09-20,-0.011570357753186203,-0.013295335125753385,-0.017570022308803213
2021-09-21,0.01708294127090396,0.01769927015782351,0.016188173181116608
2021-09-22,-3.908828751092596e-05,0.000810506567647676,0.0010044852985415245
2021-09-23,0.006242240351630554,0.00710057970477056,0.008421935998570718
2021-09-24,-0.004678364286086584,-0.005120890695871686,-0.00587653030732107
2021-09-27,-0.005019664019790033,-0.005014418262804006,-0.004607195757178828
2021-09-28,0.0049593334026505256,0.00525217043170653,0.0030261924563136358
2021-09-29,0.011931554784546782,0.012098243375942418,0.009612643725812576
2021-09-30,-0.0045446154365975785,-0.004770005554055971,-0.008096899719117446
2021-10-01,0.0022421289550829254,0.001947022573477862,0.00029956041193813805
2021-10-04,0.006794958185176643,0.008042959386648202,0.011091651502129252
2021-10-05,0.009320382527850498,0.010334096309809691,0.008682771789406775
2021-10-06,-0.013349536204502556,-0.01371655980846652,-0.014757955217285292
2021-10-07,0.0016956333426904825,0.001326044611888658,-0.0002586026328524999
2021-10-08,-0.0032418268803913364,-0.002821676930989406,-0.0021186281655937835
2021-10-11,0.009767580097296885,0.010091329619990347,0.009578854214949506
2021-10-12,0.005897858952830143,0.006999320420421039,0.009130767642618576
2021-10-13,0.0014501898908977017,0.0019702626149393377,0.0039515529668612825
2021-10-14,0.002849568208389767,0.003761905370359403,0.006562825612488244
2021-10-15,0.0,0.0,0.0
2021-10-18,0.010179291263722485,0.01344005670125244,0.02108161114563687
2021-10-19,-0.0207702647049849,-0.020613412171211046,-0.01823958686354966
2021-10-20,-0.016903479695980866,-0.017830428313110623,-0.017995404661790483
2021-10-21,-0.012757329702967082,-0.013171171038410426,-0.01402897355856083
2021-10-22,-0.0077259145851438895,-0.009401633891142066,-0.014334621539004912
2021-10-25,-0.001012123700531236,0.00011361329618410441,-0.002082232942988549
2021-10-26,0.014245327537949236,0.01432213277237444,0.016893851884572667
2021-10-27,-0.004246871810466485,-0.005376908430183566,-0.006229146683077946
2021-10-28,-0.014625438246453092,-0.016018571532864203,-0.016114953502512776
2021-10-29,-0.0036578578828195536,-0.004291428900454343,-0.0018697700195906882
2021-11-01,0.014512639753913224,0.015593186758404749,0.014017525372424046
2021-11-02,-0.0038400120395566117,-0.0040731601785584295,-0.003925745583214624
2021-11-03,-0.0032668246838136717,-0.002327605515165922,0.0006956437483510267
2021-11-04,0.0027379987855970676,0.0022976262454677994,0.0014510627133646704
2021-11-05,0.0,0.0,0.0
2021-11-08,0.008248184390072816,0.007866897745998223,0.011315333148724804
2021-11-09,-0.004077346433481862,-0.0038124606324811856,-0.0070065029451535366
2021-11-10,-0.0028664907829618383,-0.00401989928892142,-0.0018148120508809313
2021-11-11,-0.010181378346275222,-0.00958332997806152,-0.008388260984924312
2021-11-12,0.013662194535766562,0.014170749548242465,0.014571820321613107
2021-11-15,0.004939678977509168,0.0038251561147528497,0.0017352524235231146
2021-11-16,-0.007372490320528799,-0.00717976252218442,-0.007111229035159029
2021-11-17,-0.002177809858688242,-0.0014678722003795565,-0.0012383955914065715
2021-11-18,-0.009127509182383049,-0.009948558152155042,-0.01667680041353876
2021-11-19,0.0,0.0,0.0
2021-11-22,-0.0059398344703196215,-0.00477368867640022,0.00015931141325732211
2021-11-23,0.01266300165279528,0.01341392722747773,0.017456589831338524
2021-11-24,-0.0003545785707379952,3.6851711887012084e-05,-0.0010439188962742762
2021-11-25,-0.00018531399574956222,0.00042255875317519253,0.0033068072916686564
2021-11-26,-0.025835757176475446,-0.02785275551045384,-0.028896654158355996
2021-11-29,-0.009575787530586166,-0.009201881944095356,-0.009467708406256835
2021-11-30,-0.004582349365161578,-0.0058483882071303445,-0.005003966890024536
2021-12-01,0.009694859562251135,0.010585411000839366,0.011122346078135427
2021-12-02,0.014305940563867444,0.014178515688813053,0.010052248611670667
2021-12-03,-0.010814587126373077,-0.01067980111452567,-0.009730749099952708
2021-12-06,-0.014769430520187043,-0.01452094729687448,-0.013477824264620675
2021-12-07,0.01337714719684636,0.014890160453025159,0.014984313927948755
2021-12-08,0.016517563033271482,0.016783318122538804,0.01672874729654469
2021-12-09,0.0025792976395022805,0.0023554785063888825,0.004884799285180609
2021-12-10,0.0042078547236290564,0.004155163697944075,0.0045044536264413175
2021-12-13,-0.006273117410249154,-0.005670686509968487,-0.003623974932651131
2021-12-14,0.003025310334220503,0.003246532909763538,0.003908270159190975
2021-12-15,-0.0017590753884675896,-0.002080634690897827,-0.005698808450968618
2021-12-16,-0.0014641426051524007,-0.001874852321518605,0.00038960451713889767
2021-12-17,-0.014337608265323817,-0.014646018010275425,-0.014437885751698909
2021-12-20,-0.012279012902871662,-0.013132621464158589,-0.017919315610854306
2021-12-21,0.015374145938262158,0.016258557212205167,0.01832211775921653
2021-12-22,0.009012047838779014,0.010263702579961488,0.010408800796868588
2021-12-23,0.0030894803766342875,0.002454136870767107,0.0034831915138218593
2021-12-24,-0.00316010639035772,-0.0031467364686236987,-0.002167788710758989
2021-12-27,-4.42572247745022e-05,-0.0004804206301752573,-0.0029753669274346084
2021-12-28,0.013456684851588699,0.013462194916117184,0.013546637577506116
2021-12-29,0.003498253130182911,0.0029797214208370296,-0.00016259200787905855
2021-12-30,-0.0009820162476812412,-0.0016152173777788164,-0.003291278564796252
2021-12-31,0.016276080555398857,0.0177250960433288,0.01901320528588142
2022-01-03,0.006173104085632739,0.006643752905078447,0.009109069831006488
2022-01-04,0.0056165051567705635,0.0048455849050009474,0.00019077241566474272
2022-01-05,0.009329277291120857,0.009242389055911421,0.008777332136141968
2022-01-06,-0.00794476041160373,-0.007431424613221757,-0.006068757107877788
2022-01-07,0.013331702448033115,0.013452424269741487,0.014585199205363254
2022-01-10,-0.0016850574311358716,-0.0016969052643697646,-0.0009202299275007485
2022-01-11,-0.003359795403674596,-0.004293989460718938,-0.0059257971171404085
2022-01-12,0.00634295014155962,0.0075735260880817334,0.005480838221258133
2022-01-13,0.011238988115064614,0.012064813713557491,0.011076036752637585
2022-01-14,-0.013084963011549105,-0.012901942708494697,-0.010938076631860597
2022-01-17,0.0057399080408747985,0.005663028435918087,0.0031252121024542235
2022-01-18,-0.010027739681430638,-0.010553134330420865,-0.011048516131472154
2022-01-19,-0.00978558128896372,-0.007571715033382326,-0.007053100677818445
2022-01-20,-0.008705438762276542,-0.008789981317634254,-0.005317248712366251
2022-01-21,-0.0030160116949661197,-0.002906542542019985,-0.006658023265923585
2022-01-24,-0.0240619288817,-0.02484391060673725,-0.02767800530936673
2022-01-25,0.008672339444913413,0.009060526574273378,0.008679924985398114
2022-01-26,0.0,0.0,0.0
2022-01-27,-0.006481878699940102,-0.004915473214330642,-0.004022744950251611
2022-01-28,0.005187759883025211,0.005238786079186433,0.00454587968469795
2022-01-31,0.0055956982780993965,0.005166784661768885,0.00416160040165734
2022-02-01,0.029468215902902356,0.02966252540247142,0.031598876710910134
2022-02-02,0.0012915467701364992,0.0021417369705754572,0.001257613906902677
2022-02-03,-0.010369079181049783,-0.009805841267896223,-0.009306091008012942
2022-02-04,0.008013545163293294,0.009330106785954162,0.009946265368968234
2022-02-07,-0.010103112609395186,-0.008800021820059258,-0.006262850281503618
2022-02-08,0.0029705470978062037,0.0028499666705515724,0.0031054455858015137
2022-02-09,0.004696726286357692,0.004978682612627539,0.008792380197752237
2022-02-10,0.008043259128100897,0.008710862787894836,0.007524548659279029
2022-02-11,-0.010731238571328976,-0.010267362121665239,-0.010021121391530574
2022-02-14,-0.02535011695553846,-0.025804319655027264,-0.029922760221854108
2022-02-15,0.02257172567236213,0.021769525331068046,0.02519480933118199
2022-02-16,-0.0008654111805490304,-0.0008935915573666524,-0.0015399724784211032
2022-02-17,0.0021106690788473136,0.0029199268943357684,0.002394504711621359
2022-02-18,-0.005073311522548909,-0.005265049420217266,-0.006595889340251005
2022-02-21,-0.010161544841510436,-0.012188073961802612,-0.010760015526794908
2022-02-22,-0.0017681700038598208,-0.0012507343450946296,-0.001809721481015192
2022-02-23,-0.00549110720534521,-0.005736886928778059,-0.002946036941540675
2022-02-24,-0.03529446502396279,-0.03403936177000165,-0.03466665828426793
2022-02-25,0.017540082352556757,0.018792749613410473,0.02333384134343016
2022-02-28,0.01698272875755459,0.019621016161513224,0.022720003604520835
2022-03-01,0.0,0.0,0.0
2022-03-02,-0.0037969456465875794,-0.0013166852065007563,0.0003730856417084932
2022-03-03,-0.008334707198583556,-0.005411296717216735,-0.00619836722405972
2022-03-04,-0.020488065739102425,-0.022380437573350717,-0.024178334732445142
2022-03-07,0.0034373924706444514,0.00920819593634516,0.008959294351356385
2022-03-08,-0.0005546390740328856,-0.0033961716108666133,-0.005984698039953541
2022-03-09,0.007725759907467627,0.008202859826049937,0.004494876676390159
2022-03-10,0.022114148402250105,0.021391685175079382,0.01987158028765497
2022-03-11,0.008209972623519489,0.008093280391393986,0.005270847000591295
2022-03-14,-0.007135759583263795,-0.007306281118474441,-0.005361360696117635
2022-03-15,-0.011776061007540806,-0.015437279810780163,-0.014923987388956863
2022-03-16,0.01799298422494055,0.017918632769026395,0.022658782328423922
2022-03-17,0.02325038323295357,0.02269184777250937,0.021461181870186818
2022-03-18,-0.00015998581409918536,0.0,0.0
2022-03-21,-0.009285492195156671,-0.006771296643555731,-0.0049838165645375585
2022-03-22,-0.004912116867321192,-0.003286559248336212,-0.0021170083945138297
2022-03-23,-0.0034206812882189635,-0.0021973704112701435,-0.0005399623023350062
2022-03-24,0.0052516875549563444,0.006088045328437668,0.005765180463723585
2022-03-25,-0.0030597456128044122,-0.003400206338199986,-0.002520023938771066
2022-03-28,0.002775708969648301,0.003269154497124325,0.0022987048725836567
2022-03-29,0.0066376452611780065,0.005613269352773039,0.004841883151918958
2022-03-30,-0.005384364239383012,-0.00942895380872281,-0.009509952632493792
2022-03-31,0.0033726990372906006,0.0030060996681975224,0.002413696803969989
2022-04-01,0.007661567835026327,0.007924573578213193,0.009268665944177978
2022-04-04,0.014623152228237938,0.014477605987631386,0.014751770918046603
2022-04-05,0.0064803021361362415,0.006864974147933671,0.006989059616558058
2022-04-06,0.0023181482661119774,0.0023892330211102396,0.002577501512979219
2022-04-07,-0.0018858572300724222,-0.003244036056610272,-0.004676346925980691
2022-04-08,0.012343131170059677,0.012540478173738545,0.014447911714680975
2022-04-11,-0.0021508207682337565,-0.0013804752115261281,-0.0002323828938647133
2022-04-12,-0.013919478285642554,-0.014804382888154069,-0.016823693052231393
2022-04-13,0.008265207445790778,0.010110378922463928,0.009480313369856719
2022-04-14,0.0,0.0,0.0
2022-04-18,-0.00035424400148935343,0.0005110741156991103,-0.00019365512624464022
2022-04-19,-0.01602933979101362,-0.01564054070662959,-0.014455524135164967
2022-04-20,0.010816456109695482,0.009374352163112384,0.00972853396415697
2022-04-21,0.009607609883674758,0.008055508934377441,0.007599743878447318
2022-04-22,-0.015042217607435638,-0.0163831221332571,-0.014352280165385067
2022-04-25,-0.01705759736303298,-0.0178365096999445,-0.018362642868151514
2022-04-26,0.010865185260920786,0.01033516900251451,0.010929567702606426
2022-04-27,-0.005452665227847078,-0.00586779272910455,-0.006393006066631891
2022-04-28,0.018115888130900433,0.0164963605564724,0.01234199190058286
2022-04-29,-0.005537391424798726,-0.005826736679287349,-0.007413172162674097
2022-05-02,-0.0036907304441040675,-0.003367500186405793,-0.002014249274658187
2022-05-03,0.0,0.0,0.0
2022-05-04,-0.017656608002155495,-0.01790974270102189,-0.017365696462957235
2022-05-05,-0.008678914024687937,-0.007983776176638662,-0.0062443209452765274
2022-05-06,-0.012707099583626546,-0.01327652994648951,-0.017740070269336994
2022-05-09,-0.011166241106952765,-0.011119742105436838,-0.011691691271191018
2022-05-10,-0.011608033362768597,-0.015560549951836873,-0.017542792857708975
2022-05-11,-0.0025604395130837533,-0.0018154972131903752,-0.004272312052055782
2022-05-12,-0.016562175753048934,-0.01790799382344095,-0.02104262834772086
2022-05-13,0.003369303710989809,0.0008076899781523522,-0.007003977127066186
2022-05-16,-0.00209182335016631,-0.0012372864438346936,-0.005130335144176857
2022-05-17,0.03186380492729912,0.03512262453118084,0.041286852563809776
2022-05-18,0.008185345312108567,0.007409149726221366,0.007304047900588551
2022-05-19,-0.022706536371901544,-0.023428935988510105,-0.025443986167453105
2022-05-20,0.03092489220930226,0.0309527454230382,0.028451834771207284
2022-05-23,-0.012160367898040161,-0.016275144474471395,-0.01727819256168912
2022-05-24,-0.017306185706035135,-0.01731691035451432,-0.01504127730461249
2022-05-25,-0.012760395138513392,-0.009616856971606273,-0.010308518799231515
2022-05-26,0.007744337241670179,0.008298675102737399,0.012892662115457388
2022-05-27,-0.0006464231082571652,-0.0023603728843406076,-0.003881882547476679
2022-05-30,0.0008278294150869457,0.0006446509711224005,0.0047418998581094775
2022-05-31,0.005048625867093571,0.006484350395377421,0.009146378811764923
2022-06-01,-0.012895016516951702,-0.012757975850339926,-0.013300609901507022
2022-06-02,0.008813095629442722,0.008716580600856703,0.008356718075718805
2022-06-03,-0.006686992269554635,-0.0067809091517273355,-0.011732174843128785
2022-06-06,-0.0025419375658879435,-0.0006600698435939864,-0.0024062852464726498
2022-06-07,-0.013815361442711702,-0.01107459286182522,-0.01168962249349429
2022-06-08,-0.0030053840406648294,-0.0020017869559892966,-0.0030526615655930176
2022-06-09,-9.090358124123898e-07,0.0003128499451872241,-0.0044404747995605565
2022-06-10,-0.004410432882264405,-0.005323380336178782,-0.004821925687271212
2022-06-13,-0.015090270520110345,-0.016037848025673495,-0.017033536628673043
2022-06-14,-0.007585604479189243,-0.008143668738187825,-0.005826895915830743
2022-06-15,-0.0023181140553683866,-0.0035805390783963356,-0.002271966565547423
2022-06-16,-0.017959876006331296,-0.020253758790400193,-0.026033031731802846
2022-06-17,-0.015633050133625277,-0.014752891883359287,-0.015732536746541282
2022-06-20,0.0058885304991919156,0.0024634409873774267,-0.006293392820108168
2022-06-21,0.018822775435963203,0.020407643608659008,0.02100579018234119
2022-06-22,-0.019355222578709353,-0.02107532598163222,-0.0239068919325667
2022-06-23,0.015012244902584376,0.013832586651016304,0.009944832410317406
2022-06-24,0.012247428297495984,0.012765551551783529,0.012809656653300673
2022-06-27,0.01397753247037422,0.014356888686215498,0.015259925237682426
2022-06-28,0.004517660852260965,0.007816598932423632,0.009868568326407657
2022-06-29,-0.0037530359598645035,-0.0021638345130713605,-0.0012331751198054299
2022-06-30,-0.008190849038075796,-0.009138009982536268,-0.010648443176802037
2022-07-01,0.002327021057808576,-0.002611781252081256,-0.002918324669751905
2022-07-04,0.006709070618190442,0.004712397620330403,0.004887634979838618
2022-07-05,0.0043610989148268,0.0051572577467823965,0.004130803746488232
2022-07-06,0.012873869933329313,0.009540659799635864,0.009707506938090759
2022-07-07,0.013489994139508344,0.014751855006366376,0.01798955305364578
2022-07-08,-0.0003547254493649278,-0.0009677462639407365,-0.003359749225585896
2022-07-11,0.007442296017080495,0.007935667598508823,0.008276659335694627
2022-07-12,-0.012307854756516308,-0.01219718816856033,-0.010587492674417122
2022-07-13,0.011609981100841944,0.011276401673971218,0.008263832922531269
2022-07-14,0.005351340582322764,0.005849817070090595,0.002964390013622254
2022-07-15,0.008626402526407529,0.007955082741968184,0.0075216489524318475
2022-07-18,0.009723203285432329,0.010673642427574098,0.013585043034315835
2022-07-19,-0.0028222085154919266,-0.0032158932326242008,-0.002127044548953028
2022-07-20,0.009501474470786017,0.01075837405072097,0.014200899760434793
2022-07-21,0.006640050549664523,0.006284946692774091,0.007773858006558011
2022-07-22,0.00511814864306301,0.005091154660098936,0.006171455451308161
2022-07-25,-0.0021216076665069063,-0.002863766250826103,-0.0015453600989212453
2022-07-26,-0.00728052986915532,-0.007364075426416943,-0.005615280686240154
2022-07-27,0.015311006240924156,0.014742592383831118,0.013853254624577715
2022-07-28,0.013782700518965654,0.013364308006206103,0.01028501210600734
2022-07-29,0.025870163646911873,0.026637392213086655,0.024878495109214138
2022-08-01,-0.0018423570523166356,-0.0007222289309623685,0.003231228735122416
2022-08-02,0.005044636330894162,0.004020995437742276,0.0015555183928588126
2022-08-03,-0.005081680207776465,-0.005767518703276393,-0.005545718661863753
2022-08-04,0.011442784894123917,0.011565309311423601,0.008968653046850027
2022-08-05,0.00017009171189843515,0.00011382625447526901,0.0007056692371044896
2022-08-08,-0.000692527548088951,-0.0002543147315090184,0.0003238499606827759
2022-08-09,0.0,0.0,0.0
2022-08-10,0.002216128660859686,0.0024144142643189215,0.0024370824228825195
2022-08-11,-0.002992483818070885,-0.0030827222477122517,-0.0021284213791832648
2022-08-12,0.004018852062004276,0.005145513448747377,0.007208086413231263
2022-08-15,-2.059900034737549e-05,0.0,0.0
2022-08-16,0.006390068550916942,0.005723050322271958,0.005317912466359787
2022-08-17,0.007174191601662256,0.007138734757541834,0.00680969645412175
2022-08-18,-0.0020113802986514388,-0.002302319028854747,-0.0015028947969111806
2022-08-19,-0.01346036040834969,-0.013355511880655663,-0.012742088490754377
2022-08-22,-0.017827745158276613,-0.01744545703085488,-0.01756951348271729
2022-08-23,0.00641821997205849,0.006939064055712376,0.008979767105863257
2022-08-24,0.0015087244757699702,0.0017414122631299166,0.0037983079615331763
2022-08-25,-0.0021433158092572556,-0.001994131146924594,-0.0004005419560734748
2022-08-26,0.005036585989344038,0.0054538778732388625,0.007087448014420884
2022-08-29,-0.003956123871427797,-0.004388781088240669,-0.004790761685949208
2022-08-30,0.020058691685144438,0.020169617272707597,0.0178669445672456
2022-08-31,0.0,0.0,0.0
2022-09-01,-0.015792107289878503,-0.016959638008807527,-0.01684334120395934
2022-09-02,-0.00668479471600547,-0.00697839124795346,-0.009762009353855728
2022-09-05,0.008105256785061354,0.008502657156099902,0.008029823087736098
2022-09-06,-0.0033668804787015676,-0.0033019951814662407,-0.0013539976004783407
2022-09-07,0.005469189808052905,0.005131183648816728,0.00993616397218744
2022-09-08,0.0020444122651788205,0.0011080974412022247,0.004257699168757679
2022-09-09,0.0024907101988399997,0.003015223059828189,0.0037479086809655954
2022-09-12,-0.0009741620987192684,-0.0006632750201185298,-0.00021072067599793288
2022-09-13,0.004829616899064093,0.005167479750684573,0.007313711587780891
2022-09-14,0.0028931909851348985,0.0032922666849214653,0.011035619895172644
2022-09-15,-0.008684318148556401,-0.008495783928837835,-0.00695123348190494
2022-09-16,-0.01798716353609659,-0.01810666426989716,-0.023829345679358738
2022-09-19,0.0037885642474696597,0.00345397908916848,-0.0009706587432085304
2022-09-20,0.015256366961880066,0.015272734700246345,0.011947531069511576
2022-09-21,-0.004539732756355411,-0.0045921950882655835,-0.0076982736593970815
2022-09-22,0.00631050898995307,0.005423363627888374,0.004050246348731423
2022-09-23,-0.006861126473510409,-0.006694332279480907,-0.009758569043059651
2022-09-26,-0.019354768877590443,-0.021003965793035942,-0.02303058217826145
2022-09-27,0.0031457693989080326,0.0028929485683940994,0.004065171260001555
2022-09-28,0.0010098686719028388,-0.00026246886357575265,-0.004047648114980261
2022-09-29,0.004034246086215698,0.006109553298456019,0.006923628850915044
2022-09-30,0.010008662196098087,0.010982891069368393,0.011154457889951442
2022-10-03,-0.00918163694269166,-0.008039951408493805,-0.008533024557056935
2022-10-04,0.01608169177201582,0.0163662129257733,0.018614578365305758
2022-10-05,0.0,0.0,0.0
2022-10-06,0.008155703670122406,0.008640028181737366,0.01250384406079175
2022-10-07,-0.0008045725506191409,-0.0007111404191921686,-0.0002967737398840377
2022-10-10,-0.005493433573156271,-0.005073761385569979,-0.0037937786021996715
2022-10-11,-0.01783218696424213,-0.018560034070861132,-0.020182929963502037
2022-10-12,0.008336472259209443,0.008695096186604427,0.0077317277037870615
2022-10-13,-0.0009236184445886311,-0.0007279990054641996,0.0009062163174949569
2022-10-14,-0.002094474283002576,-0.002469991107884024,-0.003666653475989168
2022-10-17,-0.0030121768803678508,-0.003275264305627557,-0.007041249042595189
2022-10-18,0.007048191629643116,0.007012736254746016,0.006753117972684431
2022-10-19,-0.003125889881547245,-0.0033176983085959964,-0.0018200734687807921
2022-10-20,0.005834825797380939,0.006624965078700628,0.008779704818047674
2022-10-21,0.0006555748935576297,0.0013511965554046127,-0.0037754658785618673
2022-10-24,0.0018646860445963704,0.0020290053161046316,0.004229108479546928
2022-10-25,-0.005885779872546183,-0.005860725134065854,-0.004931821075490717
2022-10-26,0.0,0.0,0.0
2022-10-27,0.014241442804751838,0.015000991124204555,0.01539527062089552
2022-10-28,-0.0034993102469447193,-0.0035349290458116874,-0.0019554265669702534
2022-10-31,0.012050988906477045,0.011355253496223362,0.010344840066000328
2022-11-01,0.01339834194288764,0.01343573520936335,0.01254274015144743
2022-11-02,-0.00020273196000737854,0.0005953564341947405,0.0011647233875578201
2022-11-03,0.0003498886810353618,6.786459411487096e-05,0.002529173881482395
2022-11-04,0.010776144738240914,0.011332640089287123,0.017280118111529644
2022-11-07,0.0031446413430304236,0.0035117750583132205,0.006455433724281235
2022-11-08,0.0,0.0,0.0
2022-11-09,-0.010045035678415123,-0.010040764014490739,-0.008967003253585293
2022-11-10,-0.004505347954204142,-0.004092823918543825,-0.006615014916407336
2022-11-11,0.007766159317283808,0.00842680221379991,0.010388372386166545
2022-11-14,-0.00041393426854670183,0.0008184229932807572,0.003945804764672624
2022-11-15,0.005030303844192622,0.005067469016238993,0.006525055128826374
2022-11-16,-0.0016879283865225737,-0.0022771156459312015,-0.004303625650354371
2022-11-17,-0.004607875620581957,-0.004867417017525709,-0.005141544213807803
2022-11-18,0.00020288641655057875,-7.704415625923132e-05,-0.000297229885140815
2022-11-21,-0.0034868390097686267,-0.003934121945476948,-0.004038148379989636
2022-11-22,0.004355855040017537,0.004297490377902224,0.004112251493957587
2022-11-23,0.0035993319070561007,0.0037755757277620206,0.0027119818021549722
2022-11-24,0.012165555299532223,0.012419133631546213,0.010260084428894256
2022-11-25,-0.0006679906345618599,-0.00034634848586669097,0.0011560139660452883
2022-11-28,-0.0013926873585579293,-0.002282366074419029,-0.0020685469449890693
2022-11-29,0.017162793689716346,0.017524545686676878,0.014578878600683267
2022-11-30,0.011742290690045636,0.01196119635889249,0.014075352701677493
2022-12-01,0.0009062701186490487,0.0015094707599295324,0.004534163575644012
2022-12-02,-0.006611093157582079,-0.006298258601039209,-0.003108154139596898
2022-12-05,0.007762448067716915,0.008813627733964696,0.008408297368558783
2022-12-06,-0.0014384331493360004,-0.0021972285683480378,-0.00277254477347495
2022-12-07,-0.00023919411005106014,-0.001183304461794018,-0.001281364096037707
2022-12-08,-0.00299968205224165,-0.002616285134248649,0.0007783113280276254
2022-12-09,0.0017965879709856659,0.0013845534571446717,-0.0010025301838219487
2022-12-12,-0.0011253713865144515,-0.0005009227831657634,-0.0005047905342456139
2022-12-13,0.002237845433453065,0.0024518085400224337,0.00235935636750656
2022-12-14,0.0030726742822814413,0.003859543430441932,0.004682248397114541
2022-12-15,-0.007280954954017741,-0.007341533848040198,-0.007092119735431213
2022-12-16,-0.0060735807586622306,-0.005613826592830112,-0.00783725663835072
2022-12-19,0.007496928018436119,0.007233705330176251,0.008716593657329309
2022-12-20,-0.004231384289051832,-0.0042255669166375055,-0.00387468241391733
2022-12-21,-0.0012951702704094505,-0.0015705736071438413,-0.005558118157903991
2022-12-22,-0.001970716006751538,-0.0023045376198314042,-0.0016479902055585138
2022-12-23,-0.01668874317264154,-0.017230860928949664,-0.02161504097536402
2022-12-26,0.0050751636375798,0.005532642650517302,0.010145002632430988
2022-12-27,0.014633728191754524,0.015176946839791343,0.01899033628584115
2022-12-28,-0.0026578242885790995,-0.0029570932591578224,-0.0021923548748520763
2022-12-29,-4.417739538935435e-05,0.00040837374857319655,-0.0024854030952195954
2022-12-30,-0.0009302993349449585,-0.00044426301248695307,-0.0004471467014098838
2023-01-02,0.004171871042797759,0.005122905127169003,0.007124608662521548
2023-01-03,-0.001593311767115549,-0.0016108909719688667,-0.0011164756664156284
2023-01-04,-0.01387328064309533,-0.014623799982205435,-0.014838252967525889
2023-01-05,0.01130899818671486,0.011436308125304778,0.010812093868041094
2023-01-06,-0.00597267081499775,-0.005688024627495711,-0.005453129030939286
2023-01-09,0.010720489235778024,0.01109505809272202,0.009659702136118222
2023-01-10,0.0009647434146940019,0.001427163476961118,0.00030082805134460343
2023-01-11,-0.0013833458092961288,-0.0007442114830355425,0.0001806915530727982
2023-01-12,0.000644499391407077,0.0005470418069605977,0.0004046919159910957
2023-01-13,0.004410332438773392,0.004524964334336747,0.0051775220206525365
2023-01-16,-0.0036313922884250297,-0.003826531960752758,-0.004142368583182765
2023-01-17,0.008046133888942621,0.007948426462304443,0.0069281257284708915
2023-01-18,0.007748764348697535,0.008369903108335401,0.008799671917026176
2023-01-19,-0.0052051317060135514,-0.004592445555409569,-0.0018360180944583687
2023-01-20,-0.019338601276440263,-0.018962123915977895,-0.015373077768702805
2023-01-23,0.00522722045306942,0.005609394939485663,-0.0009488150999454109
2023-01-24,-0.00387170586105722,-0.004323320941218345,-0.004169240883189984
2023-01-25,-0.000271999361033181,0.00016844298428398937,-0.0025523446975670105
2023-01-26,0.0,0.0,0.0
2023-01-27,-0.009089087614421763,-0.009239867343522477,-0.010999851449534106
2023-01-30,-0.004655550214651486,-0.00538524775588293,-0.001129059658207354
2023-01-31,-0.0008858177074749136,-0.0008011195589139983,0.0038392824488553082
2023-02-01,-0.0001041487840451891,-0.0003988949756259996,0.0012206655523331889
2023-02-02,0.0025409177095206347,0.002492623569513061,0.0050133238282596086
2023-02-03,0.008110977726701534,0.007529479430817432,0.005735347004819969
2023-02-06,-0.009065092630238,-0.009559999529563568,-0.011141468314759973
2023-02-07,-0.006641116151662548,-0.007294351443763213,-0.005074179090012087
2023-02-08,0.005564657717336333,0.005928186665780566,0.006243537999609462
2023-02-09,0.0014323599720132447,0.0015799690741204963,-0.0009770599367887709
2023-02-10,-0.0020026355390143523,-0.0025049429792080567,-0.000292481058662353
2023-02-13,0.0009776525520778009,0.0008403951980703636,-0.000322833763316799
2023-02-14,0.0019474489658120302,0.002374122623624403,0.0054246808337290574
2023-02-15,-0.0029251243738915933,-0.0030949234028353496,-0.0010435344434818307
2023-02-16,0.008159546457651648,0.008375048219048636,0.009063142519742762
2023-02-17,-0.004640723078779281,-0.005200925676605921,-0.0028947525151094117
2023-02-20,-0.0031189380522657255,-0.003123052842467956,-0.002024953475657054
2023-02-21,-0.0033253372696657236,-0.0034686868436975132,-0.0025632187805749605
2023-02-22,-0.009184468472372554,-0.00912571685136578,-0.009576682174544137
2023-02-23,-0.0026918932648228623,-0.00153913555336128,-0.003704957687596967
2023-02-24,-0.0036068058167379622,-0.004697018146665761,-0.007235580101651639
2023-02-27,-0.004257297497816133,-0.004650247695991977,-0.0051487525302384325
2023-02-28,-0.0058299751821344805,-0.007573023290181014,-0.008342112609213147
2023-03-01,0.008829681034060287,0.009615297705904035,0.01113134683689988
2023-03-02,-0.002827084867009086,-0.002998072808464148,-0.0029706707175901743
2023-03-03,0.004148624104501305,0.004886432190723661,0.005292773417445219
2023-03-06,0.0021436168782154458,0.0018399036890794302,-0.00040263851299103797
2023-03-07,0.0,0.0,0.0
2023-03-08,-0.0017500874619986813,-0.002158144589233719,-0.0008458025432210633
2023-03-09,-0.004330331286752422,-0.004083462016247896,-0.0045139650798080135
2023-03-10,-0.0007556143261195602,-0.0011861979763998257,-0.0009444439810600723
2023-03-13,-0.005796253533451369,-0.0056688910716313655,-0.006543156291882246
2023-03-14,-0.005431997577053911,-0.005150482336422544,-0.0061123574604203266
2023-03-15,-0.0012677478089117033,-0.0012307391538480877,0.0005164727863655183
2023-03-16,0.0054527248002877345,0.004237219451387685,0.0010350354366947872
2023-03-17,0.005371281438080055,0.006187370111145046,0.008857505342507576
2023-03-20,0.0005273219215750349,-7.91701643407328e-05,-0.0040626068144720365
2023-03-21,-0.005764800097170006,-0.005495740266166342,-0.0031251172446499446
2023-03-22,0.00405521610183174,0.004066735576320668,0.003731756995572555
2023-03-23,0.0025913676723628757,0.0027300732408188535,-0.001453439933063406
2023-03-24,-0.00833835759398776,-0.008856527782231612,-0.00862208983852727
2023-03-27,0.0048940578269988854,0.004931785473920311,0.004558744132885795
2023-03-28,-0.0035870077457732744,-0.0032974009528794336,-0.0033948759785417007
2023-03-29,0.014167947842148108,0.014208407647349503,0.015646365122566265
2023-03-30,0.0,0.0,0.0
2023-03-31,0.008285086048702447,0.00824561338063371,0.007415739388888233
2023-04-03,-0.00036947433898381916,-0.0002963642433529614,0.0025974904883316993
2023-04-04,0.0,0.0,0.0
2023-04-05,0.009745118712022556,0.009522506485758458,0.008238026861336244
2023-04-06,-0.0008985921237808399,-0.0008465736956276137,-0.0005190127108806843
2023-04-10,-9.607166629049682e-05,0.0012120839823013463,0.0003856425593211309
2023-04-11,0.008817756848071429,0.009060463632788741,0.009029211728950893
2023-04-12,-9.785239122212267e-06,-0.00015867945051691252,0.00038222582046968366
2023-04-13,0.0014225501892999592,0.0017112343835571438,0.002427729212255525
2023-04-14,0.0,0.0,0.0
2023-04-17,0.008905101001643333,0.009180011276252127,0.009733880965614151
2023-04-18,0.0023106474597763653,0.0024410439829586307,0.0013445959586167123
2023-04-19,-0.004132667878180327,-0.003685881933958458,-0.0037979496719825704
2023-04-20,-0.007638673217344873,-0.007510510728503203,-0.007651478210392382
2023-04-21,0.0005072882226616095,0.0005092501225786874,-0.0006888281669821471
2023-04-24,0.002328299166302291,0.0024261696575463444,0.0023447611551871365
2023-04-25,0.0015281539047105682,0.0015707400699086693,0.004682204183656424
2023-04-26,0.0021918595931030606,0.0021160791744685562,0.00046125439186441865
2023-04-27,0.00019257298472607413,0.0003077604056438668,0.0005618668348512214
2023-04-28,0.006361239061968539,0.005972808609689364,0.009817851485591056
2023-05-01,0.0,0.0,0.0
2023-05-02,0.0033063896819975733,0.004336102789538491,0.0046082614948760765
2023-05-03,-0.000716148279399257,-0.001442578187817162,-0.001805600477902403
2023-05-04,0.00700371245356626,0.006686400610167396,0.006484003096477643
2023-05-05,-0.0016726602818279918,-0.0020329069773285186,-0.0019224914371176018
2023-05-08,0.0048546313890844425,0.005450930723603581,0.006359423865909975
2023-05-09,-0.0028533922941885365,-0.0023658284682306213,-0.0019341761063238266
2023-05-10,0.0014150391255207877,0.0014951122479628489,0.002476637509805091
2023-05-11,0.0052539411984904244,0.004240805437835196,0.0021280935056545037
2023-05-12,-0.0064055529309967885,-0.0071211559683718485,-0.009667161368881263
2023-05-15,0.004069897834319477,0.004195879337690079,0.003518424449748037
2023-05-16,-5.8368998360605145e-05,0.0003010420692900513,0.0005628406066924608
2023-05-17,-0.006122828485314341,-0.006072801556882851,-0.0049370596604618846
2023-05-18,-0.0062688131617504375,-0.006074388236014992,-0.006496404874892537
2023-05-19,-0.0008619155318132166,-0.0007346687411755646,0.00040434078026985176
2023-05-22,0.003958623386059405,0.004366434321493501,0.004641670027124101
2023-05-23,-0.0002884734713486431,-0.0002597242245897602,0.001956958189707836
2023-05-24,-0.00016092791233226502,0.00031145314413704686,-0.0023733447044824276
2023-05-25,-0.0008575572239218452,-0.0005585922890996016,0.00257407297796236
2023-05-26,0.012398865684944811,0.012011872042853936,0.01143591087418766
2023-05-29,-0.0008431678810824262,-0.0007609388766852336,0.001040978205201648
2023-05-30,-0.0020626330668511595,-0.0019017844457721476,3.553410384639138e-05
2023-05-31,-3.9414552956245665e-05,-0.0008404478491246916,-0.0037228395810106406
2023-06-01,0.005521541896192202,0.00523864012589065,0.0034672354825472595
2023-06-02,0.010291045544080292,0.010476210000388031,0.009261642223538603
2023-06-05,-0.0009379055915562792,-0.0009433675622919106,-0.001890300886519547
2023-06-06,0.00041941958040239225,-0.0002933927593325044,0.002214821619839935
2023-06-07,0.012205164743586966,0.012064342827510016,0.013009395857358743
2023-06-08,-0.004793395600879497,-0.005185772170555837,-0.00370797500883866
2023-06-09,-0.006472191512043793,-0.00653497324457713,-0.005529087186156956
2023-06-12,0.0038272526861601723,0.003734533024779889,0.004521689857190192
2023-06-13,0.009918354836695497,0.009608532526767105,0.009893451769315886
2023-06-14,0.007944212345357762,0.008087637773042795,0.0077940622039873965
2023-06-15,0.0011364972294253197,0.0008888113725530109,0.0011764910322781153
2023-06-16,0.004900414909315269,0.00483424929260007,0.0044524992324060046
2023-06-19,-0.0009466489096815398,-0.0007070846351366202,-0.0017284276902195916
2023-06-20,-0.0002769716453100363,-0.00017233051192925165,0.0014920841067562309
2023-06-21,-0.002008373452521658,-0.0024986654290207006,-0.003542641353250076
2023-06-22,-0.008867164021147473,-0.008412840940154605,-0.008307074355570121
2023-06-23,-0.004626598693236405,-0.005439230601515225,-0.007538552331517645
2023-06-26,0.001660670547159266,0.0027573439719357595,-0.00035301002002565644
2023-06-27,0.004956025553222771,0.005063982454492812,0.004545696882535122
2023-06-28,0.010021650744923241,0.010053734901188837,0.008336572946876153
2023-06-29,0.0,0.0,0.0
2023-06-30,0.008675455023085664,0.008741399677873634,0.00532546533282936
2023-07-03,0.001444512306324866,0.0015179118550582016,0.0024380749736106267
2023-07-04,0.0012292593492462165,0.0014013123400335795,0.00015776346258592475
2023-07-05,0.006795300749074712,0.0059893025203594675,0.00621607562843649
2023-07-06,0.005290465939703394,0.005583482050197378,0.006230697842279453
2023-07-07,-0.01257925169673227,-0.012133913908771343,-0.011671266366929379
2023-07-10,0.0007941845406203883,0.0013407685257103127,0.0022126688534940936
2023-07-11,0.008546679912210343,0.008094895309614884,0.0046282041526055084
2023-07-12,0.005574287530047393,0.005436458853638073,0.005587581090362215
2023-07-13,-0.002105851204782452,-0.0013339135181104742,-0.0001682687232214208
2023-07-14,0.008312551861547161,0.008833671670473449,0.010854717356322851
2023-07-17,-0.001632950784473592,-0.0016078777824787766,-0.002329560981239009
2023-07-18,-0.002788590156292857,-0.003163209952715692,-0.004081670927964565
2023-07-19,0.001028621896471361,0.0009347530621655613,0.0008313266494025751
2023-07-20,0.0056934186516059224,0.00594484640301603,0.001616059643244927
2023-07-21,-0.009206959576975874,-0.009084651648866127,-0.008110630977451095
2023-07-24,-0.004070907973359373,-0.004367778136252802,-0.0054528285762696525
2023-07-25,0.001981313805541942,0.0033351608801361478,0.005298543590507153
2023-07-26,0.005948684167153252,0.005830920197769378,0.007171514285868065
2023-07-27,-0.004748938815418236,-0.004168737568139296,-0.0072154096697677585
2023-07-28,0.006620297529698798,0.006456568779388178,0.00633305122971708
2023-07-31,0.0045283018183596944,0.005128156587040962,0.003530187216502478
2023-08-01,-0.0006977291128728418,-0.00042893660568777824,0.0002087583127894144
2023-08-02,-0.0027572281897848905,-0.0035882456633063984,-0.00478030540739437
2023-08-03,-0.008005058478342115,-0.008332844118489478,-0.011754888614148374
2023-08-04,0.0001993496151311508,0.00014535676693649296,-0.0009634395487430945
2023-08-07,0.004141284238247273,0.004521579414455962,-0.0011349722696562753
2023-08-08,-0.006218167800715459,-0.006585186690829384,-0.005653406226185941
2023-08-09,0.007193728888398437,0.008174807636158845,0.009016044802371172
2023-08-10,-0.004345176877000993,-0.0038632660354833972,-0.004720416702883557
2023-08-11,-0.012297275136592957,-0.012467792689498509,-0.011967009363679362
2023-08-14,-0.0014626946540500908,-0.0022219985807486525,-0.005410866303689166
2023-08-15,0.0,0.0,0.0
2023-08-16,0.002687735015346373,0.002453973678790873,0.002268000599569886
2023-08-17,-0.0041015830613302445,-0.003926344448777983,-0.0042953574018504866
2023-08-18,-0.003229909761532589,-0.0038050465255880708,-0.00412855087510886
2023-08-21,0.005624645213627828,0.006137925708075222,0.0059116587906509425
2023-08-22,0.0008528122252699535,0.0009139805307821509,0.0017095205167842133
2023-08-23,0.0006384665121435105,0.0012527321032691897,0.002354650547079096
2023-08-24,-0.0011756602031370213,-0.001739539082605152,-0.0004982190060901612
2023-08-25,-0.00514325080439717,-0.005687227340429038,-0.005533082602703465
2023-08-28,0.0007424880546209427,0.0008641272528074774,0.0019002698242633455
2023-08-29,0.0014454025841953702,0.001890465379249901,0.003398413503503706
2023-08-30,0.0028133108899247306,0.00272714840439016,0.0020616794953807085
2023-08-31,-0.008605949098988786,-0.00810565207970776,-0.009296613133907328
2023-09-01,0.011129531137748077,0.012266077494378583,0.01369874313668017
2023-09-04,0.004309047333218294,0.005199994831644652,0.011430105381979994
2023-09-05,0.0055972906181625155,0.005710545817342306,0.0039008346165452677
2023-09-06,0.00262145563751192,0.001961738146948619,0.0009652637754628769
2023-09-07,-0.0036514149113726978,-0.0038537629974963947,-0.0035242645277892004
2023-09-08,0.001149760639908688,0.001314070928909661,0.0015437573080808288
2023-09-11,0.006619921644219155,0.00679260272272665,0.005709678461869894
2023-09-12,-0.005083964965136561,-0.005310087562408356,-0.005597651165524154
2023-09-13,0.0038056246451514267,0.004091127787151399,0.005091085470548296
2023-09-14,0.003296275348671392,0.004563093267578324,0.005893307275927274
2023-09-15,-0.0028605004060013525,-0.0024596269860468565,-0.0014831408400996838
2023-09-18,0.0009048133848460438,-0.0001451835277351439,-0.0011370034740948443
2023-09-19,0.0,0.0,0.0
2023-09-20,-0.006667302057037951,-0.006535613339080634,-0.00854620612206074
2023-09-21,-0.002382302223691919,-0.002644378839756839,-0.0025518196714100715
2023-09-22,-0.0025110196848611927,-0.002919557179749568,-0.0033035334295871913
2023-09-25,0.00025621333773987397,-0.0005536215577987998,-0.00048626906753392865
2023-09-26,0.00332240093897125,0.0035743904048163608,0.0037247672414360555
2023-09-27,0.0019007278974961129,0.001986153775686642,-0.0022573844222160584
2023-09-28,-0.015519420936053071,-0.014900705062246368,-0.016391173633784686
2023-09-29,0.013952445610800255,0.01587887322126511,0.017921625649581097
2023-10-02,-0.00014002160991806911,0.0,0.0
2023-10-03,-0.008250563000617066,-0.009883412763927527,-0.006184617629341272
2023-10-04,3.775344103260894e-05,-0.002007798552009458,-0.003979081998072842
2023-10-05,0.0009045440806567133,1.2963663717599494e-05,0.0004202362879084376
2023-10-06,0.000349294017789968,0.0011333338471972503,0.0013945776250138603
2023-10-09,-0.0038364099002666232,-0.0036883725898174346,-0.005089338826408241
2023-10-10,0.0076303318402512095,0.007878421345407102,0.009344246287837865
2023-10-11,0.008300398891991963,0.007631239251591503,0.008760674119318523
2023-10-12,0.0011794613349448608,0.0013587574641826298,0.0010913852329458296
2023-10-13,0.0033348348810843796,0.004123564690641132,0.003271241199400543
2023-10-16,-0.0011966573404673978,-0.0013335800056687797,-1.56613304009955e-05
2023-10-17,0.001175602101164591,0.0011756546825127453,0.001253653942260147
2023-10-18,-0.0002278683985542823,0.001250097597078533,0.001209857082491805
2023-10-19,0.00031335492325171126,-0.000809613309679475,-0.0025230651946583802
2023-10-20,-0.007999311278057957,-0.007373986966984873,-0.007687623420935353
2023-10-23,-0.013688505774956516,-0.014414540314992315,-0.01619088567702035
2023-10-24,0.0,0.0,0.0
2023-10-25,-9.859632326118502e-05,-3.306133220898897e-05,0.0009864502089067752
2023-10-26,-0.016745388608963907,-0.01653575684134974,-0.01697794703319574
2023-10-27,0.007029469056927317,0.00747358391405529,0.007528826348821228
2023-10-30,0.0038703038820906595,0.004374876914148683,0.004564098809994
2023-10-31,-0.0013865916336051956,-0.004051034360536855,-0.003311582998005891
2023-11-01,-0.0026618589817283753,0.00027029389422303656,0.00020280663306188073
2023-11-02,0.01304401188017179,0.013112958689417269,0.015199915461149805
2023-11-03,0.008908201019613152,0.008693333793816756,0.008178490345838363
2023-11-06,0.009232391736107527,0.009511530669212415,0.011177894049884873
2023-11-07,0.0033542829455166507,0.0046113066086207145,0.00577421156228235
2023-11-08,0.00718775036410891,0.006810065161268618,0.004528407194847928
2023-11-09,-0.008659403489785385,-0.007871016355242386,-0.007747607481272933
2023-11-10,0.005928616401683842,0.005126498842318302,0.008187228561189853
2023-11-13,0.00041953548225126124,0.0007184696884363343,4.021677323524605e-05
2023-11-14,0.0,0.0,0.0
2023-11-15,0.009025249590945928,0.009479120455811835,0.008629965185694631
2023-11-16,0.0010973947069876872,0.0018573230787326419,0.0006205178805543385
2023-11-17,0.0031995946928282744,0.00197114557198999,0.0010613991989653403
2023-11-20,-0.004702860408346468,-0.004378838667640272,-0.003909129179659321
2023-11-21,0.00416078410325144,0.005266103411763053,0.004417794904667449
2023-11-22,-0.001811345435557741,-0.0015367178681757632,-0.0030960607135609333
2023-11-23,-4.3582197116800113e-05,-0.00017065975491972887,-0.0005570675682314397
2023-11-24,-0.0019011843606352706,-0.001930579997678986,-0.0032372250475740773
2023-11-27,0.0,0.0,0.0
2023-11-28,0.006188484428796668,0.0059441143158019336,0.008551465445128437
2023-11-29,0.0029501365564416266,0.0036302580225700404,0.0032707687883593685
2023-11-30,0.006939333873388537,0.008690435789822017,0.008163305685796686
2023-12-01,0.009221615873500039,0.008204163529451294,0.010686702326281796
2023-12-04,0.010924888720436371,0.010588109856199977,0.01070163994034591
2023-12-05,0.0008549180296236166,0.0014136560061914082,0.0030017310429480302
2023-12-06,0.0060028425315771395,0.004992609011572984,0.006563274987294176
2023-12-07,-0.0073439520302806816,-0.006992447248058575,-0.004703972965031956
2023-12-08,-0.0018854071058157056,-0.0013957645219845206,-0.0040065151652999955
2023-12-11,0.003906847567336436,0.0042029153923044205,0.0066484313950459836
2023-12-12,-0.002436463169155342,-0.003646434727223709,-0.002292788450699945
2023-12-13,0.004417983960530715,0.004173300141024143,0.004969928921433842
2023-12-14,0.0026080240781879175,0.0024131845497727036,0.003617720455386131
2023-12-15,0.009616589734631892,0.00951874060090356,0.009112088875016043
2023-12-18,0.0022431807982456094,0.002283928105667944,0.0015357083198161538
2023-12-19,0.008535582155929576,0.007433728008108516,0.007266628206368142
2023-12-20,-0.01025497594653217,-0.009518022124502035,-0.011610651805456118
2023-12-21,0.0032847382688567196,0.0027775675692789407,0.00510858307401425
2023-12-22,0.011937261206225057,0.011620026034480535,0.012047148450857536
2023-12-26,0.008124866134858551,0.00764930884907576,0.009342396532747954
2023-12-27,0.010274184781331023,0.009919447816925555,0.009338615365767022
2023-12-28,0.010040583820605567,0.009935503923918853,0.01007172681921963
2023-12-29,0.002908463363621385,0.0021592175260659236,0.002445990198680492
2024-01-01,-1.948947301866474e-05,0.0010709132450462903,7.471633804393427e-05
2024-01-02,-0.0011793448250843478,0.0017541223182741977,0.00018722761638956297
2024-01-03,-0.009504163458238072,-0.009518003188290668,-0.007817855559967201
2024-01-04,0.00597167972299267,0.007654747753976107,0.008559753702806538
2024-01-05,-0.004590350929597097,-0.005363125134496268,-0.009452670479396864
2024-01-08,-0.011346046233450978,-0.009010996899396592,-0.009922538309237006
2024-01-09,-0.0017847132596527607,-0.0006828342051786812,-0.0017912225038307697
2024-01-10,0.0008743743833185549,-0.0005671567134204853,-0.00022734674325580707
2024-01-11,-0.0039612115881518415,-0.004864327819323202,-0.0005397583230533293
2024-01-12,0.006781602460908949,0.008552139000563874,0.006623298223253471
2024-01-15,0.005769538352613242,0.006505364335745718,0.0048261321586038014
2024-01-16,0.00181383473530601,0.0005542559218623956,0.0017069494301062082
2024-01-17,-0.015029691968852288,-0.014131414346304388,-0.01783374074258709
2024-01-18,-0.004500702705685578,-0.001247653665034605,-0.0018028318347904524
2024-01-19,0.009067760885543622,0.009514717805035254,0.009576402668616903
2024-01-22,0.0,0.0,0.0
2024-01-23,-0.03445550456117465,-0.027289437008145918,-0.024765872022701862
2024-01-24,0.01873730859446321,0.018042371358457394,0.01890667019886347
2024-01-25,-0.004125573510230197,-0.004457398176256391,-0.0022917402176448227
2024-01-26,0.0,0.0,0.0
2024-01-29,0.014403537862157187,0.01653850564203128,0.015280735137903678
2024-01-30,-0.004415557188176086,-0.005832801211754438,-0.006156886749980361
2024-01-31,0.013393201548175561,0.014961212994101117,0.015492916717778017
2024-02-01,-0.011307290359199994,-0.010200399553391904,-0.008049767187080347
2024-02-02,0.010049635399103831,0.009196827216500645,0.006901070760370998
2024-02-05,-0.00152973529420043,0.0007603298204966911,-0.0042585473134120755
2024-02-06,0.008101255886194987,0.008393924753827097,0.009620711870827402
2024-02-07,0.010648177003855494,0.010740510530972486,0.011302653000841002
2024-02-08,-0.009869865933159201,-0.00872054531956716,-0.012438539325114219
2024-02-09,0.0006768658240520764,0.0029351578433457134,0.0015133272917613014
2024-02-12,-0.009343516973062,-0.009238130823719338,-0.009912764626320103
2024-02-13,-0.008411391835243661,-0.007716487808898687,-0.009596292443280108
2024-02-14,0.005192970051978571,0.0036845108989329058,0.0059883951863657255
2024-02-15,-0.002581788327614136,-0.0023985800455679288,-0.005351847633255157
2024-02-16,0.00491928898790295,0.004631028026721749,0.002773173214794545
2024-02-19,0.0038230253074471895,0.004708116603937043,0.005349514277866218
2024-02-20,0.004182942552985999,0.004232710737487642,0.002293585559910649
2024-02-21,0.00011362836854294318,-5.941886026568827e-05,-0.0008495488624466366
2024-02-22,0.004309906104413657,0.004827968562067656,0.006190289377379855
2024-02-23,-0.003570225789806775,-0.0029419329790949674,-0.004341020621024871
2024-02-26,-0.010600906027655146,-0.009586431301170283,-0.011843010721955982
2024-02-27,0.004610351847510171,0.005299868697477562,0.003841989221292097
2024-02-28,-0.010266342026481499,-0.009535471225170306,-0.01101876761037517
2024-02-29,0.0030814293782523133,0.00281942393470072,0.004619310268155319
2024-03-01,0.011391389858267946,0.009244466473941951,0.010212535352983066
2024-03-04,0.0025295470036413134,0.0024237101286515993,0.002710932017993418
2024-03-05,-0.001545789251803351,-0.0007450233220017168,-0.0010506655465130521
2024-03-06,0.00020603816185512118,0.0016120554102067983,-0.00014636276986902403
2024-03-07,0.008615747276931303,0.007567413214492939,0.006823171335283618
2024-03-08,0.0,0.0,0.0
2024-03-11,-0.003065118218789181,-0.00310810360107616,-0.0010554781229011878
2024-03-12,-0.00884937757991848,-0.008671736292058902,-0.010171421913315982
2024-03-13,-0.026736345914359,-0.025805592954058668,-0.02743495466412178
2024-03-14,0.013641110414563229,0.013823633862606708,0.017139573317615397
2024-03-15,-0.003485699532056987,-0.004355969197230042,-0.0007600035202150134
2024-03-18,0.004707642939438584,0.004720844694611315,0.005997561116600603
2024-03-19,-0.013000914916697194,-0.013491810055043761,-0.014330215270038183
2024-03-20,0.0005068787950481654,0.000804518872995468,0.0011683858759635956
2024-03-21,0.008009808251480604,0.007503501099832019,0.009106709166972048
2024-03-22,0.009877109718239872,0.01104809660767639,0.00844821797837635
2024-03-25,0.0,0.0,0.0
2024-03-26,0.00013100066870210697,0.0004912534108450109,0.002932923272560461
2024-03-27,-0.0013536377851567818,-0.0016136716768015958,-0.0005934502376490737
2024-03-28,0.011134873982516377,0.011149198848830238,0.008081191076818895
2024-04-01,0.015147395778590502,0.013167530770305464,0.016674489606958155
2024-04-02,0.007330102216943217,0.0055072677066472665,0.008612858670139356
2024-04-03,-0.006003788165515932,-0.0055334571239235636,-0.005911632304677006
2024-04-04,0.00019017928551734843,-0.0012928629228454694,0.0002513495945814289
2024-04-05,-0.0027518343318919183,-0.003953712483510958,-0.0020534969437763563
2024-04-08,0.004075390868663249,0.0034033342612941704,0.004810289984835114
2024-04-09,0.002189360043276985,0.00139789605114006,0.004273001983508806
2024-04-10,0.011522118143463822,0.009423515869430278,0.01284953231309931
2024-04-11,0.0,0.0,0.0
2024-04-12,-0.012646155399549663,-0.015412585355916116,-0.00996839410508199
2024-04-15,0.0032866714702382283,0.0042301905559775956,0.004409293222883693
2024-04-16,0.0009002504307257243,-0.00016292396213573825,-0.000976630492344299
2024-04-17,0.0,0.0,0.0
2024-04-18,-0.009080889719845768,-0.010298299843022796,-0.008374236305393856
2024-04-19,0.0038411511862718514,0.0039808451319883085,0.0018298162992850917
2024-04-22,0.003998267550084139,0.005084412811386462,0.004303417336493032
2024-04-23,-0.0007193837266416986,-0.0029563821874727236,-0.0014307194964858108
2024-04-24,0.00937119853629108,0.009545771223288216,0.010557859942730265
2024-04-25,0.007167668497350054,0.00916537277629342,0.0065820963946865985
2024-04-26,-0.00497106710820882,-0.0064814827435340045,-0.002438998508911383
2024-04-29,0.006532573208384266,0.006313444581940622,0.006734364420202088
2024-04-30,-0.004735985277809136,-0.005068150574497828,-0.004755180685246086
2024-05-01,0.0,0.0,0.0
2024-05-02,0.00867525178121844,0.007438968813463821,0.009520426134697259
2024-05-03,-0.003079394513619184,-0.004031558627645835,9.773384624526225e-05
2024-05-06,0.005577859372653795,0.006160079177265035,0.005794758281832336
2024-05-07,-0.00023750175750926038,0.00026362678968286325,-0.004465454558551161
2024-05-08,0.0025081626428334605,0.002839312559571692,0.006143406435275811
2024-05-09,-0.024018412952398767,-0.02343147608602925,-0.024196093062346602
2024-05-10,0.015794296505220365,0.014755100809364213,0.01522483709875361
2024-05-13,0.0075703743013754874,0.007049556756137698,0.008583575803706646
2024-05-14,0.009405821981289279,0.008951555991346925,0.01079773566585476
2024-05-15,-0.007388230413022763,-0.007548902075561216,-0.006069346761499872
2024-05-16,0.006256988873106476,0.006694994076014319,0.004784367789742971
2024-05-17,0.001859380841473657,0.0007659225450973937,0.003898714512067602
2024-05-20,0.0,0.0,0.0
2024-05-21,0.01688420127442259,0.015360014380585204,0.021943465725370537
2024-05-22,0.003119187293211379,0.0030036448787040355,0.0011425702810144106
2024-05-23,-0.0019126401695546346,-0.002590637309759488,-0.0031100130526962033
2024-05-24,-0.005677647148524284,-0.005597124130968136,-0.005708832714659629
2024-05-27,-0.004281273110250141,-0.004610335325251665,-0.0041149471123930305
2024-05-28,0.0016236422763369555,0.0017052957143941058,0.00188878774227651
2024-05-29,0.0008399358295337928,0.0013682976467577351,0.0009116876019996671
2024-05-30,-0.015445110386024953,-0.01526325802405977,-0.01566897673870018
2024-05-31,-0.005616938215000451,-0.0059734101765150345,-0.004932948237729518
2024-06-03,0.017202817972186354,0.016274491875323007,0.016619759553089312
2024-06-04,-0.02776790789029192,-0.026137625532533914,-0.03182345177440147
2024-06-05,0.043366282247812166,0.04304225354367747,0.042412750905785494
2024-06-06,-0.00626970427639521,-0.00697522625786536,-0.004133275942090109
2024-06-07,0.017179241210670316,0.01709160178339103,0.01634397956686644
2024-06-10,0.0012449927620397031,0.0018786560376928764,0.0027657425103902343
2024-06-11,0.002609122588112465,0.00250888528849395,0.002506441098691892
2024-06-12,0.0006529141234187743,0.0005301121823727142,0.00137167889184886
2024-06-13,-0.0019627810560881843,-0.001569495629418909,-0.0016692155664519205
2024-06-14,0.0036362184924433674,0.003269003843412107,0.0038533408011569127
2024-06-17,0.0,0.0,0.0
2024-06-18,0.0017900046505316448,0.0016927428635820736,0.001498191794903647
2024-06-19,-0.011761474061261708,-0.011843220829044016,-0.010807340240276332
2024-06-20,0.00730401428978051,0.00567523262152752,0.01009834283754011
2024-06-21,-0.005675430839999612,-0.005701180202591605,-0.00511829989054835
2024-06-24,0.003010808570042854,0.0038347321908474346,0.00098948447994055
2024-06-25,-0.004405101767240792,-0.0036408244642287435,-0.004542337136458897
2024-06-26,0.0007448450422266268,0.0013312927286130605,-0.00021263552895917082
2024-06-27,0.0063239969200241586,0.0061857134043783145,0.006664829725944688
2024-06-28,0.007543782055893756,0.007139240617123348,0.008573201564272027
2024-07-01,0.0061110460600305345,0.005424975707822818,0.006774772523465022
2024-07-02,-0.0038553212083901273,-0.0034002210711165043,-0.005941411804432906
2024-07-03,0.005170470214366104,0.0049156346743995175,0.0037998766050696964
2024-07-04,0.002107897170531627,0.0022719589074639396,0.002282261664726149
2024-07-05,0.014538780277272892,0.014443170647760337,0.013487484065133094
2024-07-08,0.0026582322758969754,0.0028491985828211653,6.878865584508675e-05
2024-07-09,0.006855815831034392,0.007526942006977419,0.008503895335085321
2024-07-10,0.002843050233804229,0.002664501717586431,0.0014403060775931681
2024-07-11,-6.677877258515262e-05,-9.079761461986926e-05,-0.000890211642622274
2024-07-12,0.0028044877650064944,0.002739367270815401,0.0020850956479563807
2024-07-15,0.006732608096907321,0.006703580281434268,0.007190861669491901
2024-07-16,0.005190651964291951,0.004763624232751143,0.0033905336452537127
2024-07-17,0.0,0.0,0.0
2024-07-18,0.006655503025275915,0.00704951078487177,0.0043019034538101415
2024-07-19,-0.01869094417514273,-0.019068336555617814,-0.019917382180315548
2024-07-22,0.004971530981864072,0.004972753548155139,0.0068860058730105264
2024-07-23,-0.0028071057222134217,-0.0023070828756141895,-0.004760216019410436
2024-07-24,-0.0043065725305132885,-0.004301815348151163,-0.006284989599155389
2024-07-25,0.005758437771979305,0.00531697238643511,0.0025909870049392603
2024-07-26,0.012529888346250429,0.013425168300022746,0.013760677188454763
2024-07-29,0.0011628146716000664,0.001096874415405613,0.0007211541694747246
2024-07-30,-0.0035728252077642086,-0.0036720574201876913,-0.0027153581256764486
2024-07-31,0.010786921979050169,0.011021563760410077,0.010496786654020842
2024-08-01,0.005270460461816213,0.005140213848619856,0.0038279879678578925
2024-08-02,-0.012283032548805072,-0.012350660777442126,-0.01424089013472515
2024-08-05,-0.0170056449894922,-0.017459438232457013,-0.02038389325177097
2024-08-06,0.002238591360984489,0.0023518782368574086,0.0012099187655091991
2024-08-07,0.016650065645655306,0.01676591353857803,0.01446811180583756
2024-08-08,-0.013890278352266791,-0.013881085797743196,-0.017952987725719217
2024-08-09,0.0110111452592421,0.01093506477348737,0.011371779414992414
2024-08-12,0.004346954364315043,0.0041417145073295745,0.0037145647603816566
2024-08-13,-0.0056021465081155485,-0.005401906362394841,-0.007006291151455523
2024-08-14,-0.006481801669398749,-0.006489820466899544,-0.0052688054810899
2024-08-15,0.0,0.0,0.0
2024-08-16,0.011029322266399976,0.011345202576679852,0.012942134811429494
2024-08-19,0.008248963857872528,0.00822698187313992,0.010850130458981666
2024-08-20,0.004189501629826578,0.004391426254961766,0.004360516472847608
2024-08-21,0.008916257445869075,0.00880435915418946,0.00983585784216845
2024-08-22,0.0002996969267131506,0.00018435958769308283,0.0018696512375393271
2024-08-23,9.2054203378579e-05,0.00030731031048937454,-0.003965155459629744
2024-08-26,0.010596171602007102,0.011109041794131441,0.0132126275878776
2024-08-27,-0.005497693315446081,-0.005313736394421355,-0.004710428858141658
2024-08-28,-0.000872035542158118,-0.00047763127813848583,-0.0018954844703197083
2024-08-29,0.0008325697469845365,0.0003176824052423524,0.0013298862789843937
2024-08-30,0.003979188341685895,0.004068655464769152,0.0059667943059368515
2024-09-02,-0.0019424733926738792,-0.0024584507861148243,-0.0028918202495342824
2024-09-03,-0.0018953678195642986,-0.002156711806189993,-0.0015763806343365497
2024-09-04,0.0040142590043128566,0.003506558780355593,0.0015633638578876016
2024-09-05,-0.0036643214686240023,-0.0036553571722370993,-0.002827310713200526
2024-09-06,-0.0001426606615489703,-0.0002572542963950404,-0.001319002000046521
2024-09-09,0.0032155628597734637,0.002296164261916427,0.001668488443215444
2024-09-10,0.0008529356268555486,0.0007473769889065487,0.0008758663891200611
2024-09-11,-0.00424627368252926,-0.00505566740130914,-0.00689866130116137
2024-09-12,0.018927937734871624,0.019242360497911216,0.020749805747765304
2024-09-13,-0.0032422863759828326,-0.0033809236061316883,-0.0007071705063404266
2024-09-16,-0.0012488317344553734,-0.0006119844916487758,-0.0017100572402386272
2024-09-17,0.00018436242994516582,0.00012086295432278205,0.00018621939062245515
2024-09-18,-0.0040811991397879735,-0.004423420507825926,-0.0041546278404167684
2024-09-19,0.0025186335615931766,0.0021210094239637618,0.0009435410973929972
2024-09-20,0.015582306106853136,0.015757248318038816,0.013670414304003153
2024-09-23,0.007322123011730199,0.007570798759225969,0.00827719166139431
2024-09-24,0.000582251861563616,0.0011694107387101227,0.005319615425884938
2024-09-25,-0.0003864496750337369,-0.00039531805958421763,0.0007736697679360802
2024-09-26,0.014320074636238436,0.014197744339183051,0.015918669085996706
2024-09-27,0.0068846201526198995,0.006940441447163539,0.0075937047205318926
2024-09-30,0.0010634917121033509,0.0011297154141562647,0.0025887432660782425
2024-10-01,-0.003539163253684272,-0.0039846799954272,-0.0006952001344924465
2024-10-02,0.0,0.0,0.0
2024-10-03,-0.010058147656732222,-0.009523708546330854,-0.010946067940141569
2024-10-04,-0.009670303751932412,-0.009046567166325663,-0.009640378537336592
2024-10-07,-0.010705520167756936,-0.010828938228374356,-0.013252727452523127
2024-10-08,0.00042754697509358357,6.359467942321662e-05,0.0009425305122013564
2024-10-09,-0.008621111678420118,-0.008387433339618607,-0.009503660559431871
2024-10-10,-0.00560866834765898,-0.0051247675878929935,-0.005437960832594591
2024-10-11,0.005787061272974197,0.0063548851866905105,0.004562801149564222
2024-10-14,-0.001252603033954399,-0.0016316022147433674,-0.0010170988502363194
2024-10-15,-0.00484874572733672,-0.005548650482443401,-0.00469722598654616
2024-10-16,-0.0009289507618144711,-0.0008848943425594921,-0.0015238188648890815
2024-10-17,-0.012917822674397216,-0.012805191886606192,-0.01379666737378854
2024-10-18,0.0009821895525001316,0.0017049766533813238,0.002001008345562828
2024-10-21,-0.0064666224002456725,-0.00784202741357773,-0.007984140400843009
2024-10-22,-0.011019420712092696,-0.01146505281917298,-0.012366059227107418
2024-10-23,-0.007952102776162935,-0.008267425268578918,-0.004316893597084559
2024-10-24,-0.016676185073390897,-0.01697656849865439,-0.012389988728366073
2024-10-25,-0.0032326718792061206,-0.0038298896324400933,-0.006263663941995358
2024-10-28,0.015285388593423484,0.015577693723343902,0.014807051030114492
2024-10-29,-0.0052821819661503224,-0.00541233818367096,-0.0025745754970173725
2024-10-30,-0.001791026047878131,-0.0023003526049564555,-0.001104258368511579
2024-10-31,-0.004808430329309899,-0.0035280350826777454,-0.00481075774199492
2024-11-01,0.0059789162083372545,0.006404292278919872,0.0059651216041531115
2024-11-04,-0.015809611797986137,-0.016286691912024965,-0.016250845354264045
2024-11-05,0.006956959429807074,0.009126903633905887,0.009602572258900434
2024-11-06,0.008390804561192662,0.008561232880573276,0.009408758876965816
2024-11-07,-0.01982884648756482,-0.02066475092685417,-0.021654418481592743
2024-11-08,0.0020955291273162787,0.0033837953598651093,0.0012723808042429115
2024-11-11,-0.021336747696236905,-0.018145929205768355,-0.019810491380015595
2024-11-12,-0.014456427409707378,-0.013464528637289017,-0.01778932084845627
2024-11-13,-0.010704660349441222,-0.011772997941402298,-0.012851337565389066
2024-11-14,-0.010081335132266932,-0.010267795830875955,-0.008484318063523899
2024-11-15,0.0,0.0,0.0
2024-11-18,0.006862628736785919,0.007677929547710963,0.009053549535975947
2024-11-19,0.0017368259341393184,0.0016579263465051263,0.00024110984872431932
2024-11-20,0.0,0.0,0.0
2024-11-21,-0.006958350970789697,-0.0071176682143526075,-0.007008896384358577
2024-11-22,0.01819008012646788,0.017786522659771403,0.017090467354621074
2024-11-25,0.00785246518145914,0.007422151574898405,0.00844282380242356
2024-11-26,2.3571705570591978e-05,0.0005270413460981716,0.0024234828834278186
2024-11-27,1.8857958512599098e-05,-0.000642897261860209,-0.00010524558874619455
2024-11-28,-0.009921598626895227,-0.010479730828419432,-0.008232572739147149
2024-11-29,0.013319673747889432,0.013237391724906525,0.011613849003766118
2024-12-02,0.008122533971234823,0.007605895919184206,0.008971162022416601
2024-12-03,0.00466284663372074,0.004570468529821582,0.006390342804745319
2024-12-04,-0.003474946998162539,-0.003956750411827822,-0.0032759004030079035
2024-12-05,0.0036769739280874225,0.0049563927516473975,0.0022399134740655807
2024-12-06,0.0011770145730968487,0.0005075924757440937,0.0060085905885020165
2024-12-09,-0.010723834121425899,-0.010218708235301932,-0.009857993976883972
2024-12-10,-0.00043187813441682567,-0.0010676152467577298,0.0003562448017216059
2024-12-11,0.004585652009298969,0.0040963206708550534,0.007285444500115435
2024-12-12,-0.007764249256036502,-0.007800787081206252,-0.005473298227149648
2024-12-13,0.00597869475158316,0.005382622638912079,0.004253876163595094
2024-12-16,-0.005278585133212985,-0.006327991230364107,-0.004722161293670113
2024-12-17,-0.012668908152856328,-0.013667046436559534,-0.013570309096348187
2024-12-18,-0.005885497409672068,-0.0061114662220454665,-0.007737895149045538
2024-12-19,-0.005754477452557817,-0.0062333518735689245,-0.007888182510811559
2024-12-20,-0.011018430456904017,-0.010661695602042939,-0.013013703357783492
2024-12-23,0.005418809848405731,0.006101409472293516,0.005208542672819062
2024-12-24,-0.0030319511749431383,-0.0030413498054865074,-0.003979979979117977
2024-12-26,-0.0006324974881999311,-0.00038975898353103833,-0.002017566742433874
2024-12-27,-0.0007133101994086001,-0.0007169989140715589,-0.0037370099530380733
2024-12-30,-0.0039110253850834125,-0.004532077687541388,-0.007112702340115051
2024-12-31,0.0022774297824666176,0.002851194112524379,0.002887397131369785
2025-01-01,-0.0010455055072646543,-0.0009648366705110145,-0.0011962771230634604
2025-01-02,0.014813986184188005,0.013912732745027639,0.015876347198970853
2025-01-03,0.00563556086845796,0.0070355094256451265,0.005997120212669693
2025-01-06,-0.01534703234122369,-0.01598659786314305,-0.017718621402306678
2025-01-07,0.011613327423329106,0.012306296880096717,0.012506840846924128
2025-01-08,0.003956997914166221,0.004033487695431692,0.004282398604295279
2025-01-09,-0.00017500101000412138,-0.0006894197690591402,-0.0012646219100852054
2025-01-10,-0.007284418137155372,-0.006840928106295264,-0.007298730827435142
2025-01-13,-0.01662101769115095,-0.016205575161812542,-0.019482935526094158
2025-01-14,0.004557398145939452,0.00543882242062162,0.00955550510547104
2025-01-15,-0.0023349822732831073,-0.0026963250266386213,-0.0008266897673947834
2025-01-16,0.001502224397855105,0.0017748036165032705,0.004458570999021616
2025-01-17,0.01075503582669251,0.011440901280398147,0.010571449010764546
2025-01-20,0.0018731531902205644,0.0026354645059549547,0.0037704857938305023
2025-01-21,-0.005442963708440241,-0.005030375984927895,-0.005147834993868106
2025-01-22,0.0040576751229522,0.0030646024974645423,0.0024185841131675323
2025-01-23,0.004095710628455667,0.003033926555416887,0.0036919126872347447
2025-01-24,-0.0001983247722228674,-2.0463665285536266e-05,-0.0010503196774234395
2025-01-27,-0.01299294416943612,-0.01237206988860782,-0.014970783630946128
2025-01-28,-0.010862232764964567,-0.012619015710396378,-0.007709782128755004
2025-01-29,0.009931436970780127,0.00972427595424538,0.010207215365508827
2025-01-30,0.010005350760492434,0.010636833429635641,0.010171599257477616
2025-01-31,0.018659277893376677,0.017172042956288457,0.018873091344399275
2025-02-01,0.0007220339967798457,0.0006255998356547183,-0.0006799531062038019
2025-02-03,-0.014893204587195475,-0.01561770905682218,-0.016334038280971186
2025-02-04,0.010647710291893826,0.010286913723765096,0.011733603958153404
2025-02-05,-0.0034848082221697408,-0.003401822752212564,-0.0002738896715761658
2025-02-06,-0.006571568597269662,-0.006199128561568084,-0.006563886893240867
2025-02-07,0.005744339864758176,0.005929486011026995,0.00745047754381939
2025-02-10,-0.010551611084874714,-0.010946458797725704,-0.012313077804518603
2025-02-11,-0.013227269211649998,-0.012882351239472338,-0.0118191925455708
2025-02-12,0.0008582027757526003,0.0005425738154620206,0.0010919660655721365
2025-02-13,0.0051334310019352175,0.005027489315015438,0.00321599663876595
2025-02-14,-0.007844963854862462,-0.00648462382098678,-0.004387870818853878
2025-02-17,0.006916409714737343,0.007565429971194169,0.006218076574479926
2025-02-18,-0.0029413258247959315,-0.002348699243634673,-0.001133356196475788
2025-02-19,-0.004310308391737365,-0.0038352642761282905,3.150034880374788e-05
2025-02-20,0.0035994715079014335,0.004193733804645411,0.005584597288282122
2025-02-21,-0.001670896121690647,-0.0009158938891968793,0.0012494581684931777
2025-02-24,-0.008081907094499192,-0.008508724078672626,-0.010633269618965935
2025-02-25,-0.00792032990238764,-0.006918778779416678,-0.008975347191357818
2025-02-26,0.0,0.0,0.0
2025-02-27,0.006381611884833814,0.005673569012862003,0.0039767032233915985
2025-02-28,-0.026313522347562176,-0.025325849498293022,-0.02570089780859546
2025-03-03,0.002398692910399792,0.002568551470092996,0.006157231263482066
2025-03-04,-0.007359941371671721,-0.0066313985543368075,-0.006305972216671164
2025-03-05,0.018635785393498423,0.018277262656612097,0.023390035776064425
2025-03-06,0.019015739990567028,0.019322944601275344,0.01789892939468133
2025-03-07,0.001974427764700225,0.0022154571110301656,0.00362499882893127
2025-03-10,-0.0006925754121924724,-0.0010895832411168,-0.003723469823120762
2025-03-11,0.007914673238654323,0.006665035212599744,0.0065325909580153385
2025-03-12,-0.004770939450120243,-0.006586274718058667,-0.006542881037050474
2025-03-13,-0.004140461418275673,-0.004867747445019563,-0.005656455764643953
2025-03-14,0.0,0.0,0.0
2025-03-17,0.0035039566124570407,0.0037189840514170293,0.003254697130964457
2025-03-18,0.0,0.0,0.0
2025-03-19,0.017859561579809953,0.017818941584983667,0.01935881581924801
2025-03-20,0.01368312579457941,0.014040570701249797,0.014158998748942397
2025-03-21,0.009615688517344255,0.009434758738910464,0.0072003084963478846
2025-03-24,0.004333820308316321,0.0039968327641057375,0.005179041143498165
2025-03-25,-0.002426698943919337,-0.0027622241173950682,-0.00310626136859662
2025-03-26,-0.003964758924487224,-0.004802798618867746,-0.0022135036610689165
2025-03-27,0.00028634502977998373,0.0003785979353586684,0.0029016471956624266
2025-03-28,0.0041623061419829655,0.003625910223131492,0.003073885637487339
2025-03-31,0.0,0.0,0.0
2025-04-01,-0.01106787833146722,-0.01098241626864432,-0.010574494383403988
2025-04-02,0.0029407827902998,0.002639352051689237,0.003185362530929769
2025-04-03,0.0052765865827587985,0.003395799879310593,0.0005060398675879822
2025-04-04,-0.026401947522873514,-0.028545163881073057,-0.031577761105743826
2025-04-07,-0.0244140376552738,-0.02619041551943516,-0.029346766114741473
2025-04-08,0.01870902962454568,0.01877977526843446,0.018685080734459805
2025-04-09,0.002257093586754757,0.001752891880949421,0.0018855143808885317
2025-04-10,0.0,0.0,0.0
2025-04-11,0.018788418242984724,0.021440866836880214,0.01969503726991815
2025-04-14,0.0,0.0,0.0
2025-04-15,0.011988056843246428,0.01155277497426731,0.015980499643995418
2025-04-16,0.003888539805353754,0.005054757616960184,0.00470643712543356
2025-04-17,0.010388806307040702,0.009885112550615296,0.007881094076263695
2025-04-21,0.0030444535026855997,0.004557044215085352,0.006616944075650666
2025-04-22,0.0036824889926044884,0.003974894246110813,0.0021150048948231693
2025-04-23,0.010627712196482092,0.01160947124219229,0.009596992527155401
2025-04-24,-0.005396430864103388,-0.006366345421629652,-0.0033631671676362276
2025-04-25,-0.008227450406423278,-0.00850065267529326,-0.00946279097804944
2025-04-28,0.010035060143166201,0.01078310734211774,0.008672324353102546
2025-04-29,-0.008977375951644825,-0.009265607582167674,-0.007814877304217649
2025-04-30,0.0017092288328242474,0.0018999316351271719,-0.00025744925683276435
2025-05-01,0.0,0.0,0.0
2025-05-02,-0.014636617155039552,-0.01505309818320778,-0.015301396233668997
2025-05-05,0.0038839488733954978,0.0028517543614407547,0.0035751558204472284
2025-05-06,0.0008763537097644354,0.0009836728990877768,-0.0006354740573471965
2025-05-07,-0.007888749252521062,-0.00689550278542146,-0.004496634451857906
2025-05-08,-0.010001233889730596,-0.010821860233109744,-0.010795426353051862
2025-05-09,-0.002980930609191332,-0.002101488048064747,-0.0003011527419206849
2025-05-12,0.02062908683414597,0.022268124147923393,0.029766535318846647
2025-05-13,-0.007804244000605688,-0.008806871618884158,-0.009696252899320967
2025-05-14,0.0033830253249455176,0.003954598858382475,0.005942313653045873
2025-05-15,0.014854520986724865,0.015720441025130486,0.015034501804857638
2025-05-16,0.00184085311107502,0.0007186898824957,0.0007427441077124562
2025-05-19,-0.0016465049361302857,-0.0015631500940092619,-0.0011013734706803115
2025-05-20,-0.010030573042775279,-0.009537917909326026,-0.008955934239378138
2025-05-21,0.00639911814049633,0.005602876039461824,0.00484366097547605
2025-05-22,-0.010883382800215181,-0.011040102378882085,-0.010279975084705309
2025-05-23,0.004007583917917661,0.0043567830883283485,0.005866876772254014
2025-05-26,0.007950828335742037,0.00969569136223638,0.008678586860621663
2025-05-27,-0.002497652316854541,-0.003240565750869299,-0.0029683752474635953
2025-05-28,-0.011816849274225761,-0.011038807563991192,-0.012076530373042172
2025-05-29,0.005655482164533588,0.005617698496318561,0.004710162162911291
2025-05-30,-0.01365815950398063,-0.013892712522212004,-0.014870947440876216
2025-06-02,0.000528987186622688,6.398350408335935e-06,-0.000375912421545976
2025-06-03,-0.004407222921917158,-0.00446977367365952,-0.0034221749791638386
2025-06-04,0.0010636469430573311,0.0009478223785446172,0.0009966782207595172
2025-06-05,0.0038427590411807557,0.003635595843410869,0.003461404129989232
2025-06-06,0.007826594737815898,0.009674224869609994,0.010237653735106211
2025-06-09,0.005676785833529151,0.005527902654834115,0.007193603754769329
2025-06-10,0.0011343315838374063,0.0012979817597167495,0.0017590956807990391
2025-06-11,-0.0006999480548292284,-0.0004048312295492391,0.0007599149099774107
2025-06-12,-0.007564498799087067,-0.007926806926436608,-0.008250348333978919
2025-06-13,-0.002879860761091513,-0.0025061481061851285,-0.002748420118905559
2025-06-16,0.007497899670003498,0.008394000705277682,0.008888153308812818
2025-06-17,-0.007468444170301421,-0.008010656367595834,-0.007221515467797247
2025-06-18,-0.0053192973166146015,-0.005407853031963257,-0.00470206510316108
2025-06-19,-0.002596492735167401,-0.0022562431270776906,-0.004806382713225021
2025-06-20,0.007313130287198621,0.008244180440156795,0.007223306106806782
2025-06-23,-0.0024962273429820453,-0.0016597260462694304,-0.0014047225548081909
2025-06-24,-2.704430296539078e-05,-0.000764857598903106,0.0007570098771481292
2025-06-25,0.007659221774221315,0.0067042613147570845,0.007148923115648221
2025-06-26,0.01048599809562289,0.009858462737789255,0.014997104051402158
2025-06-27,0.011369289535638212,0.008987172594825323,0.0104986143049548
2025-06-30,-0.0034404591869517313,-0.003252224812358163,-0.0022597274419896675
2025-07-01,-0.0011998296367268261,-0.0015232590395163714,-0.0009789559411713556
2025-07-02,0.008015302744659558,0.0071458997831877775,0.00792388040248626
2025-07-03,-0.0010767097627154471,-0.0007617065025973113,-0.002949897793027789
2025-07-04,0.0020909663291631972,0.0026593683560059422,0.0016704909506040095
2025-07-07,0.0069140346100863,0.00629127821535622,0.00334536682248181
2025-07-08,0.00031064550662159604,-4.147393849044745e-05,0.0009605146515104909
2025-07-09,0.0013419658999338855,0.00039038047991866217,-0.001676543011036302
2025-07-10,-0.006221733170815619,-0.005107667772203298,-0.005504844020871148
2025-07-11,0.006847760246261859,0.006402937003540436,0.0019348754052076593
2025-07-14,-0.0004707449825312358,0.00024247571357886703,0.00026773098080586934
2025-07-15,0.007436346475338345,0.006153001252526541,0.00423755555729517
2025-07-16,-0.002880574240305619,-0.0025644453278657925,-0.0017849164638301664
2025-07-17,0.00021021494106776908,0.0005578938552475377,0.00023880676293867062
2025-07-18,-0.002039000846283035,-0.0013073013687524863,-0.0009965616934272895
2025-07-21,0.0002533825747411478,-0.0007357200588894827,0.002666472552683807
2025-07-22,-0.00032159095301664115,-0.00012986077908849248,0.0017163024808197979
2025-07-23,0.0005144053756950929,8.33734653274017e-05,0.0012155700624318037
2025-07-24,-0.007995393640995104,-0.008063290536650641,-0.009420725676180842
2025-07-25,-0.00849176964458784,-0.00917389302943401,-0.011682665204273301
2025-07-28,5.618904041749346e-05,0.00018079956522923434,-0.0017766873385575697
2025-07-29,0.004707478472501202,0.004809898490907743,0.003626224953849045
2025-07-30,0.003961124713431248,0.002987336343546019,0.003156003848852562
2025-07-31,0.0014427157408074434,0.0032051056345914664,0.0006952411898487499
2025-08-01,-0.009459671568281612,-0.008429633792822506,-0.005991255058132871
2025-08-04,0.00709198186602526,0.006820218757860463,0.007995260354664534
2025-08-05,-0.004845035313063408,-0.004313836087930944,-0.00481099999360739
2025-08-06,-0.0056469336512684045,-0.00553409138453527,-0.004645876265589289
2025-08-07,0.0021266540581556,0.0019601491158472823,0.0026949129385130943
2025-08-08,-0.01072453939597821,-0.010574795803115032,-0.011434119570453417
2025-08-11,0.006394001129116637,0.005781853860361822,0.0042909473542155465
2025-08-12,-0.003946432844857911,-0.0035444364333583707,-0.0035837987470957343
2025-08-13,0.011049956675692491,0.011513070953447767,0.01180391123078428
2025-08-14,-0.003877223671914974,-0.004386280350048991,-0.00561951924500752
2025-08-15,0.0,0.0,0.0
2025-08-18,0.02353290330219031,0.022977531439836767,0.024379842162465172
2025-08-19,0.002134556979121785,0.0026862572850041475,0.0029836992610942636
2025-08-20,0.008522825025210953,0.009006137683021843,0.006981644013852917
2025-08-21,-0.00276875871634432,-0.002921770403111852,-0.00313785640257912
2025-08-22,-0.009764188307625227,-0.00948805526445655,-0.010769363328371952
2025-08-25,0.002798266844569156,0.0029593024109149427,0.0032997403416062505
2025-08-26,-0.00384780748913031,-0.0034919712159863538,-0.0014792105312661282
2025-08-27,0.0,0.0,0.0
2025-08-28,-0.0073411601743960785,-0.0072406745740331725,-0.007118257519168959
2025-08-29,0.0008877920814024511,0.0014114591783026017,0.0005722267286203287
2025-09-01,0.006622900732182007,0.006828576931037665,0.011391948612842342
2025-09-02,0.005632854564215543,0.005466578653935794,0.004899345775008191
2025-09-03,0.006613711382832047,0.007131878634836128,0.007935142000929263
2025-09-04,0.0031748298375167926,0.0023889926125582046,0.003100887563043242
2025-09-05,0.0006845787533994862,-0.00014686142013568652,0.002055788108236867
2025-09-08,-0.004267673161639063,-0.0040717595846340195,-0.0038609709031537046
2025-09-09,0.003943911421125132,0.003963890872954867,0.002276963822227418
2025-09-10,0.0014740033488007899,0.0019666364809415512,0.0017188784222583412
2025-09-11,0.0029049370952095345,0.0028870770895416736,0.003939631388646426
2025-09-12,5.1486133410341586e-05,-0.0007062902766348656,0.0013921981353467337
2025-09-15,-0.00543612108122863,-0.004732217137941184,-0.004665977673598787
2025-09-16,0.0032140450075915823,0.0034119230143656674,0.004187991516056534
2025-09-17,-0.0006686673624484525,-0.0006611512541183625,-0.0021378593230846786
2025-09-18,0.005557752308385369,0.004848237023667654,0.0034565258474024917
2025-09-19,-0.0029486621391790883,-0.002731276574708074,-0.0027698233448777317
2025-09-22,-0.0014128395098171047,-0.0009025450522528918,-0.0007496009258295853
2025-09-23,-0.0070304670814560965,-0.007135380282705337,-0.00624664502509632
2025-09-24,0.00238874788790529,0.0037040897781742124,0.0014319151868808168
2025-09-25,-0.0015432695494659743,-0.0014092944310197504,0.0002354286884530097
2025-09-26,-0.015256916560849557,-0.014602265515768573,-0.015062225023920175
2025-09-29,0.0026049286351136525,0.0009538442910354102,0.004090945707120796
2025-09-30,0.005224350736050938,0.006139991140153594,0.006494908869823502
2025-10-01,0.008924511425950086,0.00904005799349272,0.005852037490300688
2025-10-02,0.0,0.0,0.0
2025-10-03,0.005144087816115658,0.005475323568493539,0.006131103981225716
2025-10-06,0.0040366677610628775,0.003945667202041518,0.0031514011873939873
2025-10-07,-0.004225612184375549,-0.004692233130854868,-0.004234536845391579
2025-10-08,-0.007172350387591086,-0.007551383727696639,-0.006595605831342855
2025-10-09,0.010935289413391301,0.011168633486099444,0.011148556534425171
2025-10-10,0.0032686148572848043,0.0036854170323851847,0.0022818324970816594
2025-10-13,-0.0049093270193460384,-0.005998063469467486,-0.004561017176874505
2025-10-14,-0.00620361081422916,-0.005634407335126509,-0.005689350771134517
2025-10-15,0.011749918194944631,0.01216533083618784,0.012695239589538243
2025-10-16,0.014141752329431583,0.014159155159107765,0.01348490532351977
2025-10-17,0.007280953739074135,0.007739956274945668,0.004822180794735198
2025-10-20,-0.0008022909901981793,-0.0005551562998238285,-0.0021345523388668014
2025-10-21,0.0003908915681348825,0.0003181104509401938,0.0006073348278686664
2025-10-22,0.0,0.0,0.0
2025-10-23,0.0008540542587970314,0.0012032466931934799,0.002080959979326358
2025-10-24,0.0026545551970017342,0.0014320040080523298,0.004724232126169703
2025-10-27,0.001752244592415536,0.0012673503235625314,0.0016143844640643893
2025-10-28,-0.0005995369488606417,-0.0006535594520571126,-0.000916108596446708
2025-10-29,0.011058547930767274,0.010797791123933384,0.012356550590507474
2025-10-30,-0.003935709825980653,-0.0035352033489483817,-0.004474821906050153
2025-10-31,-0.007316430113811306,-0.005889809206808616,-0.008163179357182582
2025-11-03,0.0014888239029760006,0.0017668015349893535,0.0030042433823551655
2025-11-04,-0.00924190938111809,-0.009317628229430098,-0.008762579938347882
2025-11-05,0.0,0.0,0.0
2025-11-06,-0.003376294220280608,-0.002151762009223392,-0.0015745275912319133
2025-11-07,0.0026143725931794233,0.003184966698718248,0.00525404106955959
2025-11-10,0.0009942515947509091,0.00126142732467297,0.0007051520235393238
2025-11-11,0.0042893207988436086,0.004006015705074485,0.001501533313907988
2025-11-12,0.00649523801343796,0.006654921289061659,0.005291206643735347
2025-11-13,0.004138598480168014,0.003922538666853053,0.005411310810367065
2025-11-14,0.0014034645724407564,0.0017346072560674515,-0.0013504703378047103
2025-11-17,0.0009808743389042567,0.0009964403578159192,0.0003378788679956116
2025-11-18,-0.005466526385185335,-0.0056094195985323635,-0.006277330314033958
2025-11-19,0.0071682103151240375,0.007034841707315903,0.005040544102303091
2025-11-20,-0.002289299278733873,-0.0023304017335322386,-0.0023553477514593807
2025-11-21,-0.004928467060501289,-0.0057248911894193675,-0.007414769219181961
2025-11-24,-0.0055877550767085785,-0.006020311111340528,-0.0051932463726472415
2025-11-25,0.0011636184838965057,0.0015169064326702377,0.0037173383650455864
2025-11-26,0.013024235724966155,0.013195257490467795,0.01362969865435394
2025-11-27,0.0012364963813441179,0.000983152123819635,-0.00040323037942660014
2025-11-28,0.0022320663653240466,0.0024818133924949205,0.0013116845051797225
2025-12-01,-0.0013059342510031195,-0.0005952626977983336,0.000850602792692401
2025-12-02,0.0026171235526055176,0.002361822301963531,0.00394776280279845
2025-12-03,-0.006136580102591923,-0.006610494145280753,-0.006872120853658914
2025-12-04,0.003830002345742898,0.003916898364836388,0.003118654028340462
2025-12-05,-0.007937353128783386,-0.007572728177455208,-0.0038118627967563606
2025-12-08,-0.014265330023419846,-0.014800222286336952,-0.01497820208717602
2025-12-09,-0.008327739671154048,-0.007399050792790138,-0.005691293953993549
2025-12-10,-0.0005769540338302462,-0.0003610099387860718,-0.0002447829821597524
2025-12-11,0.003785098647523198,0.0036235787311743595,0.0036898398543401493
2025-12-12,0.0035434473613071447,0.0035875600412118977,0.00841140456451519
2025-12-15,0.003967000531631582,0.00299120774116758,0.004493127703392485
2025-12-16,-0.007828883402072549,-0.00758275675961456,-0.005015541000429814
2025-12-17,0.001438440245183452,0.0015374951786009982,0.0018872771608920095
2025-12-18,-0.006651031603505519,-0.0059670610805073986,-0.004084336501321406
2025-12-19,0.0038047681837080705,0.0036933095940629166,0.003800098135325636
2025-12-22,0.00837353933094085,0.008452172429404766,0.007389757702778311
2025-12-23,0.0005150554342006486,0.0005578296361410807,0.001051170541003965
2025-12-24,-0.004329417399577792,-0.00452667107675421,-0.001381702707636778
2025-12-26,0.000390244206251339,0.0003871466588037288,0.0019047383355689784
2025-12-29,0.0007410863115660331,0.0005548113638899801,-0.0008060998766727499
2025-12-30,0.0031494597473211003,0.003586625444779386,0.004730468087175921
2025-12-31,0.011659590464895984,0.012631886441894587,0.011094901210260634
2026-01-01,0.001714604510955855,0.001048460992949648,0.0011224659510702727
2026-01-02,0.00798041264431573,0.008697519773430036,0.009484212602668707
2026-01-05,0.009580883179451863,0.007781387121178312,0.008270176689209341
2026-01-06,0.010461952531038264,0.010786606945376299,0.009698358804672359
2026-01-07,-0.0016563548389078478,-0.0015732424736937714,-0.002148989751795505
2026-01-08,-0.016434444545220056,-0.01775302832902098,-0.020070440235187715
2026-01-09,-0.0026583638426193818,-0.0019996559769877645,3.1929520352413704e-05
2026-01-12,0.012917885640888322,0.012880107737843587,0.013285992630223953
2026-01-13,0.0017131979348832408,0.0035709542992408585,0.004910920576197099
2026-01-14,-0.0037813042544094905,-0.0018693700042139256,0.004969930188562655
2026-01-15,0.0,0.0,0.0
2026-01-16,-0.005122030679829028,-0.005075543125257894,-0.003111722321709376
2026-01-19,0.003319188006435165,0.0024667569031064382,-0.00039662852179750386
2026-01-20,-0.019604773410958943,-0.01914308676127611,-0.01637427882018653
2026-01-21,3.415204382060835e-05,0.0007617943510051089,0.0011187073652758396
2026-01-22,0.011324186708140404,0.011015900840638752,0.010472995313299238
2026-01-23,-0.001846743568584487,-0.0010787838981645129,-0.0026784765398462085
2026-01-26,0.0,0.0,0.0
2026-01-27,0.006133192213807998,0.007466974061162666,0.009286465268647182
2026-01-28,-0.0015099958735917255,0.0037550520481475424,0.007202577520468146
2026-01-29,-0.0033603883703660635,-0.00045517294803931133,0.0020765130880674894
2026-01-30,-0.0038908960235253813,-0.0069447607121385455,-0.01391481074691353
2026-02-02,-0.009985303303069444,-0.012600630740168383,-0.01495138288967044
2026-02-03,0.01712249660348414,0.017504305797946155,0.01537921173354403
2026-02-04,0.005659182393952359,0.00734856694028276,0.008722771228775541
2026-02-05,-0.004288446502485758,-0.0037703552204294798,-0.007584889425329356
2026-02-06,0.005445368284915831,0.0055503217309037685,0.005644437138378211
2026-02-09,0.0037653142883646287,0.0033615391938899473,0.002703520410124283
2026-02-10,0.0032215082000831632,0.004643439648829653,0.0032301493973889714
2026-02-11,0.0037670807903978317,0.0041722204566482166,0.006406492637353078
2026-02-12,-0.002284651982544403,-0.002100882805241257,-0.0009251164710113223
2026-02-13,-0.025518573352604844,-0.026335027868769796,-0.02612148746690795
2026-02-16,0.007736207882025759,0.008069524897283265,0.009054126829323161
2026-02-17,0.0008623492717797809,0.00023603451274409,-0.0009250387858904201
2026-02-18,0.005352866401824634,0.004964433906863436,0.006055415023426747
2026-02-19,-0.009239970128364434,-0.006006028568525965,-0.005804088790064255
2026-02-20,0.01196692657995945,0.01221190590228334,0.011790403318515942
2026-02-23,0.003706002920373267,0.002602818482524968,0.0010936660258428108
2026-02-24,0.0036692192501379234,0.004133736410062984,0.004978296271213301
2026-02-25,0.010313612318291069,0.010843639884817801,0.01242377548805943
2026-02-26,0.002610195347091229,0.0036329937148778164,0.002623186470369199
2026-02-27,-0.0180608478961083,-0.017163302959980052,-0.017827943417766414
2026-03-02,-0.002553621770228637,-0.0008988742962063906,-0.0007830682867656868
2026-03-03,0.0,0.0,0.0
2026-03-04,-0.01969644630767977,-0.02029652350371586,-0.021591552183100406
2026-03-05,0.011108427907840493,0.010804284050556038,0.010599231100753304
2026-03-06,-0.0016462450611368317,-0.000776931460323889,-8.999899326569429e-05
2026-03-09,-0.016866442866650382,-0.01731266638833834,-0.020848576824620768
2026-03-10,0.008824734532067759,0.007617744218906726,0.010306581098256263
2026-03-11,-0.008451772350977625,-0.007117775866025876,-0.007165054236105939
2026-03-12,-0.005715535735105222,-0.005005406140416072,-0.005737901897635289
2026-03-13,-0.01716939153679404,-0.01873174853305932,-0.022006215025832457
2026-03-16,0.005607648061415515,0.004318883601466922,0.005303853094069676
2026-03-17,0.006064066017356463,0.0069900581805164425,0.00924651052579304
2026-03-18,-0.0014549767681941155,-0.0020678527902733244,-0.0016164432148811135
2026-03-19,-0.025517338361994095,-0.023083742106092306,-0.024088953254479843
2026-03-20,0.006458246326510034,0.005268533311178341,0.00360249647962545
2026-03-23,-0.024724604733747848,-0.02344086019753007,-0.026801026681305476
2026-03-24,0.015980058399671454,0.014877160616225515,0.016078754553896325
2026-03-25,0.021729947547681948,0.020930088102667766,0.022420443849631842
2026-03-26,0.0,0.0,0.0
2026-03-27,-0.01313072857360964,-0.009353713231577555,-0.010874386952859284
2026-03-30,-0.009936946262431577,-0.007944012936946528,-0.007551455040972966
2026-03-31,0.0,0.0,0.0
2026-04-01,0.008562973702219704,0.008658681150247306,0.012631473737092658
2026-04-02,-0.004922609340763297,-0.003939419309107926,-0.0022241849026729435
2026-04-06,0.006314065478828185,0.004660310406357292,0.00698237494640751
2026-04-07,0.011520021315658954,0.012621639486859767,0.011538571707725764
2026-04-08,0.014026646553402362,0.012107100169302911,0.014528801013104633
2026-04-09,0.003987339346381949,0.005159520190946093,0.004682198864512897
2026-04-10,0.005115409692777723,0.0031577581798102067,0.007524080734750282
2026-04-13,-0.006152059191341385,-0.006186467122851387,-0.004182144593504789
2026-04-14,0.0,0.0,0.0
2026-04-15,0.019980074052549444,0.019399532982111306,0.01991897630769355
2026-04-16,-0.00021378086672079735,-0.0005299809399582558,0.002095013763841902
2026-04-17,0.015371206112345125,0.014852123037488688,0.013379804924610241
2026-04-20,0.0017823489651248516,0.0007935692784789949,-0.00031999939236467814
2026-04-21,0.01729006893533289,0.016848475812261638,0.014684601468295568
2026-04-22,0.005915906139067603,0.006071682338086699,0.003051617972872801
2026-04-23,-0.0019083080018680826,-0.0009284579804464729,-0.004370104438840228
2026-04-24,-0.010802679807577233,-0.010733999635847383,-0.00881027603759379
2026-04-27,0.01632829846918416,0.017284141805202814,0.014028375048413411
2026-04-28,0.0033567058057200555,0.005333443678365,0.003962864118191645
2026-04-29,0.007035778878429872,0.007444879193482796,0.007388826754952128
2026-04-30,-0.03256654576634237,-0.032896530786921625,-0.07227549153658924
2026-05-01,0.0,0.0,0.0
2026-05-04,0.009597289932530098,0.008879517645674316,0.013799003321590519
2026-05-05,0.0022390702106447405,0.0022275741913856213,0.004628407397292223
2026-05-06,0.005781404645078834,0.005096813464851747,0.006819302685862361
2026-05-07,-0.001723130956429582,-0.002479980804137445,-0.0006250925644171511
2026-05-08,-0.0008153017552578439,-0.0016543600585031178,-0.00718449919110513
2026-05-11,-0.001729656542648186,-0.0009024656048678803,-0.003915510634720599
2026-05-12,-0.004863040956408269,-0.0035023137996266487,-0.0014766702437946973
2026-05-13,0.01179947417123298,0.011159529676160223,0.015924597257760388
2026-05-14,0.009051421094760037,0.00988497852549334,0.012241544715885823
2026-05-15,-0.005078871545230484,-0.005231808272973221,-0.00784474861646648
2026-05-18,-0.0005624146822080119,-0.0005571341690755749,-0.003566271646239938
2026-05-19,-0.004424546716519348,-0.004174270612563025,-0.0002652773993674254
2026-05-20,-0.0005569652017961859,-0.0005182912769518321,-0.0005380802230119824
2026-05-21,-0.0025559445370961415,-0.002797899633177928,-0.00209059120769024
2026-05-22,0.0006016438601953397,-0.00028862632997774234,0.00143273373995495
2026-05-25,-0.0018691610973215486,-0.002375403164127106,0.00015998270331489756
2026-05-26,0.00418686675916409,0.004900308639557914,0.0061011254641805575
2026-05-27,0.0017718052848818286,0.001385788548105169,0.004917999814074548
2026-05-28,0.0,0.0,0.0
2026-05-29,-0.017556276452157907,-0.018208697974048615,-0.01600619970616245
2026-06-01,-0.009393609201460425,-0.00948213222365954,-0.010499666858544966
2026-06-02,0.002911136777244902,0.002591941020428869,0.0011412122215566423
2026-06-03,-0.001549024086481193,-0.0015475974365260227,-0.003663710058674008
2026-06-04,-0.004749074439874882,-0.004866284320565191,-0.004665149872238872
2026-06-05,-0.0013248172430291947,-0.0019879961420859035,-0.006636334096753216
2026-06-08,-0.007636860626364409,-0.007533863788595212,-0.011591019871502906
2026-06-09,0.0035361025639136135,0.0028437431112803375,0.003197844131784167
2026-06-10,0.0017739176305772162,0.0011376245641872185,-0.0003678540487128902
2026-06-11,-0.004101220949252658,-0.0035584682314335507,-0.002982720926790039
2026-06-12,0.003186619045631042,0.002318507023004149,0.003902188932267293
2026-06-15,-0.002699761832965819,-0.0031945779229413536,-0.0018834714134413843
2026-06-16,0.0021039315226110415,0.002053111490384992,2.866357867659081e-05
2026-06-17,0.005308659697825331,0.005696534176534273,0.006925294780986858
2026-06-18,0.003909454700076979,0.0036610894487596347,0.003873277815347009
2026-06-19,-0.0022319325277971288,-0.0019056301424258194,-0.0040255670249288444
2026-06-22,-0.0021506092798608102,-0.0012495996623515496,-0.0006985059747138475
2026-06-23,-0.008471055847987305,-0.009555690654461331,-0.013732994205702741
2026-06-24,-0.0018533881352493856,-0.0023997776564095323,0.000930091420677159
2026-06-25,-0.006016387841953779,-0.0062847242741211305,-0.009525792132929266
2026-06-26,0.0,0.0,0.0
2026-06-29,-0.0010278997986790407,-0.0004267532434557363,-0.00023543847108296043
2026-06-30,-0.00399276300112392,-0.004050604713741633,-0.00261872035924664
2026-07-01,0.012440697762315087,0.011202611100004426,0.010216504725688946
2026-07-02,0.007217876262932272,0.006871991199910985,0.007613749259486281
2026-07-03,0.006031369649994382,0.006389782219762236,0.007547688650114815
2026-07-06,0.009458692744069758,0.009842138386118165,0.009961154324438393
2026-07-07,-0.0015923875636920724,-0.0015816328191868528,-0.0033691274529397235
2026-07-08,-0.015646288820478443,-0.014846703654265688,-0.015139468270459191
2026-07-09,0.005963555538837149,0.005711471363986709,0.004572578829123719
2026-07-10,0.004011765836955627,0.004138074069536407,0.004776603011439574
2026-07-13,-0.0060706641039279755,-0.005831150338117647,-0.005716505471936384
2026-07-14,0.0011310313811022086,0.0014426972638190043,-0.00048060009820767276
2026-07-15,-0.0031254972054550814,-0.0042124762707398435,-0.003330892637539217
2026-07-16,-0.00100851891794458,-0.0011853278997108984,-0.001279914525872772
2026-07-17,0.0036554326079469915,0.003303568626462498,0.0005343965213857605
2026-07-20,0.003067219675833208,0.0033665424918252794,0.006924742258564797
2026-07-21,0.009023651225892037,0.009262868103274889,0.00927701825708067
2026-07-22,-0.0017962144707262563,-0.0018154799325135222,-0.0034111186667936558
2026-07-23,-0.0007812390996041819,-0.0002101958379867575,-0.0007586933165972477
2026-07-24,-0.007604377859024802,-0.007539795445190435,-0.006611083458042899
2026-07-27,0.005484989941551524,0.004321945206370871,0.0029878374938086647
2026-07-28,-0.007405550597147135,-0.008320677459522877,-0.0035194184320342606
2026-07-29,0.016802850527776497,0.017287957501679854,0.014375899630315903
2026-07-30,0.0022041211423881823,0.0027511801419967986,0.0024403531424999846
2026-07-31,-0.002665001620697167,-0.002670841065044423,-0.0038782488691183063
