Date,ASIANPAINT.NS,BRITANNIA.NS,BZ=F,HINDALCO.NS,HINDUNILVR.NS,JSWSTEEL.NS,NESTLEIND.NS,ONGC.NS,SHREECEM.NS,SUNPHARMA.NS,VEDL.NS
2018-01-01,1062.9544677734375,2061.89208984375,,255.8974151611328,1172.3109130859375,241.23561096191406,352.48919677734375,120.28316497802734,17332.30859375,530.2835083007812,116.53333282470703
2018-01-02,1062.1181640625,2026.1219482421875,66.56999969482422,256.605224609375,1167.1666259765625,240.1011505126953,352.5048828125,123.09712982177734,17401.232421875,528.5283203125,117.35687255859375
2018-01-03,1061.3284912109375,2036.95751953125,67.83999633789062,260.94647216796875,1177.4117431640625,243.86761474609375,352.3503112792969,120.97100067138672,17497.13671875,525.664794921875,119.05768585205078
2018-01-04,1089.35107421875,2013.2196044921875,68.06999969482422,264.0608215332031,1179.0684814453125,251.53665161132812,352.7603454589844,124.75428009033203,17379.962890625,536.888427734375,121.42096710205078
2018-01-05,1101.6192626953125,2020.922119140625,67.62000274658203,260.8520812988281,1182.81787109375,258.7520446777344,352.1999816894531,124.09768676757812,18333.291015625,534.6251831054688,121.58209228515625
2018-01-08,1098.598876953125,2042.527587890625,67.77999877929688,260.6161193847656,1193.1500244140625,259.56878662109375,355.98345947265625,123.44107818603516,18729.498046875,546.4954833984375,121.83273315429688
2018-01-09,1108.8692626953125,2019.986572265625,68.81999969482422,256.2276916503906,1186.9595947265625,257.7536315917969,348.7259216308594,123.19092559814453,18783.396484375,541.7843017578125,120.9197006225586
2018-01-10,1094.3233642578125,2034.259521484375,69.19999694824219,253.67959594726562,1190.88330078125,256.66455078125,351.747314453125,123.75373077392578,18852.7109375,540.490966796875,119.88125610351562
2018-01-11,1105.058349609375,2054.625,69.26000213623047,252.68862915039062,1202.0875244140625,256.43768310546875,352.98675537109375,123.75373077392578,18885.865234375,543.1237182617188,119.55896759033203
2018-01-12,1105.755615234375,2048.859130859375,69.87000274658203,253.72677612304688,1198.0328369140625,260.2947998046875,349.1742248535156,125.53594970703125,18244.1640625,538.9667358398438,121.58209228515625
2018-01-15,1119.0931396484375,2053.885498046875,,251.69773864746094,1192.1038818359375,258.6611633300781,347.77105712890625,122.94080352783203,18446.396484375,532.5005493164062,121.45672607421875
2018-01-16,1104.8724365234375,2035.39111328125,69.1500015258789,245.89364624023438,1205.0086669921875,255.21240234375,348.5174255371094,123.31603240966797,18468.392578125,533.6552124023438,118.21623992919922
2018-01-17,1109.519775390625,2066.91796875,69.37999725341797,247.9699249267578,1195.59130859375,258.7065734863281,347.94818115234375,122.37799835205078,18343.4453125,539.2439575195312,119.91708374023438
2018-01-18,1104.4078369140625,2015.43896484375,69.30999755859375,239.61776733398438,1183.1666259765625,253.9417724609375,346.7960510253906,121.37751007080078,17827.25390625,532.7315673828125,116.98090362548828
2018-01-19,1105.9415283203125,2038.48095703125,68.61000061035156,243.4871368408203,1187.9622802734375,256.0292053222656,344.30596923828125,121.1273422241211,17762.4140625,528.482177734375,118.75334930419922
2018-01-22,1093.0224609375,2048.446044921875,69.02999877929688,240.75027465820312,1181.553466796875,252.8980712890625,343.6939392089844,125.50468444824219,17883.140625,532.223388671875,117.07041931152344
2018-01-23,1087.3529052734375,2061.109130859375,69.95999908447266,250.04615783691406,1193.1064453125,266.87481689453125,340.6770935058594,129.66314697265625,17798.560546875,535.1793823242188,122.9964370727539
2018-01-24,1069.832763671875,2053.6240234375,70.52999877929688,244.14772033691406,1190.97021484375,261.973876953125,340.3721923828125,131.85183715820312,17646.287109375,541.8304443359375,121.74324798583984
2018-01-25,1069.27490234375,2012.8717041015625,70.41999816894531,244.38368225097656,1196.9429931640625,263.9251403808594,335.7930908203125,130.38229370117188,17575.8828125,535.6412963867188,123.7483901977539
2018-01-26,,,70.5199966430664,,,,,,,,
2018-01-29,1070.762451171875,2041.809814453125,69.45999908447266,244.05337524414062,1218.3492431640625,266.3302917480469,337.5906982421875,128.2874298095703,17251.546875,543.1237182617188,123.5335464477539
2018-01-30,1047.2005615234375,2047.6844482421875,69.0199966430664,239.28744506835938,1220.921142578125,262.38232421875,334.23089599609375,128.0685577392578,16767.53125,546.8187255859375,122.20868682861328
2018-01-31,1048.6881103515625,2038.35009765625,69.05000305175781,241.74118041992188,1193.9783935546875,263.15374755859375,334.8248291015625,127.224365234375,16651.1640625,535.6875,121.8685531616211
2018-02-01,1071.64501953125,2062.87109375,69.08000183105469,241.83554077148438,1195.635009765625,274.6800231933594,327.7286071777344,121.87773132324219,16889.953125,512.0391845703125,122.26240539550781
2018-02-02,1057.610595703125,2056.75732421875,68.58000183105469,235.7955780029297,1196.46337890625,271.3673400878906,319.8658447265625,120.5020523071289,16488.681640625,509.1755676269531,119.70223999023438
2018-02-05,1054.07861328125,2008.99853515625,67.62000274658203,232.7283935546875,1182.1201171875,264.3335876464844,319.8321838378906,118.03193664550781,16098.9228515625,514.9490356445312,117.75077819824219
2018-02-06,1031.911376953125,1971.466064453125,66.86000061035156,230.65213012695312,1155.613525390625,257.0276184082031,314.524658203125,115.96833038330078,15984.8759765625,509.72991943359375,115.17269134521484
2018-02-07,1041.9957275390625,1980.169189453125,65.51000213623047,232.16213989257812,1144.5401611328125,263.1991271972656,314.1076354980469,118.81356811523438,16448.1796875,507.6053161621094,113.04216766357422
2018-02-08,1044.73779296875,2013.915771484375,64.80999755859375,231.40711975097656,1159.2755126953125,276.0867919921875,313.16632080078125,118.00066375732422,16456.40625,539.5671997070312,112.59457397460938
2018-02-09,1050.96533203125,2019.6383056640625,62.790000915527344,229.8027801513672,1162.327392578125,280.7608642578125,312.43341064453125,117.15647888183594,16491.62890625,538.2739868164062,113.25699615478516
2018-02-12,1063.65185546875,2076.79638671875,62.59000015258789,229.56683349609375,1172.267333984375,282.0314636230469,320.1549377441406,119.43893432617188,16406.373046875,544.2322387695312,112.98845672607422
2018-02-13,,,62.720001220703125,,,,,,,,
2018-02-14,1058.772216796875,2073.16259765625,64.36000061035156,229.56683349609375,1176.58349609375,280.9423828125,325.6710510253906,116.15592956542969,16270.69921875,530.9762573242188,113.0600357055664
2018-02-15,1055.3331298828125,2069.507568359375,64.33000183105469,237.35275268554688,1184.212890625,279.3540954589844,339.93743896484375,117.75052642822266,16796.7109375,531.8538208007812,116.1573486328125
2018-02-16,1063.1407470703125,2080.90869140625,64.83999633789062,233.71932983398438,1178.937744140625,283.5289306640625,340.3700256347656,116.87501525878906,16428.875,531.3920288085938,114.49235534667969
2018-02-19,1041.298828125,2059.738037109375,,233.62493896484375,1164.8125,274.7254333496094,336.50811767578125,115.87452697753906,16225.8876953125,518.5979614257812,114.70718383789062
2018-02-20,1046.922119140625,2060.08642578125,65.25,234.8046417236328,1161.2374267578125,277.357421875,339.4645690917969,116.93760681152344,16384.595703125,516.8428344726562,117.6970443725586
2018-02-21,1047.6654052734375,2075.60009765625,65.41999816894531,227.1130828857422,1160.191162109375,270.7320556640625,340.5806884765625,118.90741729736328,16455.87109375,485.666015625,117.30318450927734
2018-02-22,1039.2073974609375,2113.067138671875,66.38999938964844,226.4052734375,1156.5726318359375,270.1875,338.1487731933594,116.37480163574219,16189.794921875,500.1690673828125,117.67912292480469
2018-02-23,1024.057861328125,2159.21533203125,67.30999755859375,232.68118286132812,1153.6953125,278.5826721191406,339.91949462890625,118.68853759765625,16663.9375,526.2189331054688,120.99128723144531
2018-02-26,1026.8460693359375,2160.455810546875,67.5,232.3508758544922,1162.54541015625,286.8870544433594,341.822509765625,119.03246307373047,16440.291015625,513.5634765625,122.87112426757812
2018-02-27,1032.00439453125,2155.016357421875,66.62999725341797,230.55776977539062,1173.924072265625,288.7022399902344,347.86077880859375,117.87560272216797,16315.9345703125,503.2635498046875,121.95804595947266
2018-02-28,1038.8824462890625,2173.29296875,65.77999877929688,231.5958709716797,1148.9869384765625,283.3475341796875,347.93695068359375,117.75052642822266,16087.1142578125,494.5340270996094,118.0730209350586
2018-03-01,1039.950927734375,2151.361083984375,65.70999908447266,227.25465393066406,1154.6544189453125,277.26666259765625,351.87060546875,118.62600708007812,16059.9248046875,494.580322265625,115.74560546875
2018-03-02,,,64.37000274658203,,,,,,,,
2018-03-05,1027.914794921875,2133.345458984375,65.54000091552734,216.68466186523438,1133.292236328125,264.6966857910156,345.8009338378906,116.03087615966797,16089.6826171875,506.7276611328125,113.11378479003906
2018-03-06,1023.8717041015625,2099.729248046875,65.79000091552734,213.14561462402344,1127.5809326171875,266.37567138671875,344.6734924316406,115.93704986572266,16108.8427734375,491.2084655761719,112.23651123046875
2018-03-07,1029.1231689453125,2125.621337890625,64.33999633789062,211.82437133789062,1128.1478271484375,262.7453308105469,345.3728332519531,113.49827575683594,15658.0703125,484.8345642089844,110.76844787597656
2018-03-08,1048.0372314453125,2109.82470703125,63.61000061035156,210.1728057861328,1127.5372314453125,262.5184326171875,345.62384033203125,112.654052734375,15579.2958984375,475.3660888671875,110.42823791503906
2018-03-09,1049.4315185546875,2106.952392578125,65.48999786376953,207.8134002685547,1134.164306640625,264.9689025878906,343.2613525390625,112.49768829345703,15484.5087890625,468.1606750488281,108.90646362304688
2018-03-12,1051.662109375,2117.83154296875,64.94999694824219,214.8443603515625,1154.610595703125,270.32366943359375,341.54229736328125,114.9677734375,15630.3916015625,473.5647277832031,113.6508560180664
2018-03-13,1059.8411865234375,2119.202880859375,64.63999938964844,213.4287109375,1151.42822265625,275.4514465332031,345.18450927734375,116.23395538330078,16253.6630859375,483.40277099609375,114.95782470703125
2018-03-14,1056.7738037109375,2099.09814453125,64.88999938964844,213.9477996826172,1148.2459716796875,272.6833801269531,342.8310852050781,114.3346939086914,16422.58203125,480.4467468261719,114.20587158203125
2018-03-15,1078.894775390625,2118.462646484375,65.12000274658203,212.24903869628906,1133.4664306640625,267.8731994628906,346.0631408691406,114.14479064941406,16273.1162109375,477.0749206542969,113.48976135253906
2018-03-16,1043.5294189453125,2115.1337890625,66.20999908447266,209.2290496826172,1132.7689208984375,263.4259948730469,344.9648742675781,112.15057373046875,15894.4892578125,464.69659423828125,110.60726928710938
2018-03-19,1024.7547607421875,2095.530029296875,66.05000305175781,202.48123168945312,1141.706298828125,257.3905944824219,343.5281982421875,111.96063995361328,15498.7802734375,459.7083740234375,109.99858093261719
2018-03-20,1028.4259033203125,2099.6640625,67.41999816894531,205.0765380859375,1145.0633544921875,259.114990234375,351.5142517089844,110.21969604492188,15893.859375,469.9620056152344,110.42166900634766
2018-03-21,1025.6842041015625,2103.754638671875,69.47000122070312,202.62281799316406,1147.1123046875,261.7469787597656,352.04315185546875,111.13764953613281,15597.5380859375,466.0361022949219,109.90243530273438
2018-03-22,1028.9837646484375,2105.38623046875,68.91000366210938,204.60467529296875,1143.842529296875,259.56878662109375,351.4828186035156,113.2584457397461,15826.796875,469.63873291015625,112.22930908203125
2018-03-23,1034.1419677734375,2106.017578125,70.44999694824219,194.50657653808594,1134.94873046875,259.56878662109375,349.3781433105469,112.30885314941406,15521.814453125,464.09619140625,106.15248107910156
2018-03-26,1038.6964111328125,2114.002197265625,70.12000274658203,198.70626831054688,1154.697998046875,266.7386779785156,350.9583435058594,113.2584457397461,15748.40625,464.835205078125,108.96012878417969
2018-03-27,1051.2900390625,2160.47705078125,70.11000061035156,206.20907592773438,1162.109375,271.2312316894531,363.67364501953125,113.70162200927734,15575.4248046875,466.5903625488281,110.38318634033203
2018-03-28,1041.3453369140625,2163.001220703125,69.52999877929688,202.48123168945312,1162.5888671875,261.52008056640625,367.74627685546875,112.56206512451172,15673.89453125,457.352783203125,106.8640365600586
2018-03-29,,,70.2699966430664,,,,,,,,
2018-04-02,1068.996337890625,2222.37841796875,67.63999938964844,199.36688232421875,1178.2401123046875,269.143798828125,372.47113037109375,113.92318725585938,15880.7939453125,469.1306457519531,108.57550811767578
2018-04-03,1070.8084716796875,2219.22412109375,68.12000274658203,196.25250244140625,1175.711669921875,275.0430603027344,374.04010009765625,112.3721694946289,16107.001953125,471.1167907714844,108.92166900634766
2018-04-04,1055.8443603515625,2186.412841796875,68.0199966430664,189.5047149658203,1183.6025390625,268.50848388671875,374.3583679199219,111.0427017211914,15791.5693359375,463.9576416015625,105.4986343383789
2018-04-05,1062.2576904296875,2205.3203125,68.33000183105469,202.10374450683594,1205.1827392578125,279.898681640625,375.8466491699219,112.34053039550781,16150.8427734375,468.8535461425781,111.49856567382812
2018-04-06,1062.8153076171875,2253.362548828125,67.11000061035156,201.96217346191406,1198.73046875,279.7171630859375,374.17462158203125,112.02395629882812,16507.59375,473.51849365234375,109.6332015991211
2018-04-09,1075.7811279296875,2246.68212890625,68.6500015258789,208.89874267578125,1213.3787841796875,280.8062438964844,375.7569885253906,112.94194793701172,16535.080078125,471.9019470214844,108.21012878417969
2018-04-10,1075.1304931640625,2234.21484375,71.04000091552734,217.0621795654297,1213.2918701171875,282.5760498046875,380.9951477050781,114.08145904541016,16447.7890625,469.50018310546875,109.26782989501953
2018-04-11,1074.2939453125,2234.693603515625,72.05999755859375,221.02589416503906,1228.68115234375,283.3475341796875,379.9753112792969,115.31599426269531,16364.126953125,481.69378662109375,114.15235137939453
2018-04-12,1082.984130859375,2246.660888671875,72.0199966430664,219.51593017578125,1231.8203125,279.7624816894531,387.1746520996094,115.06275177001953,16396.6953125,476.5669860839844,111.03703308105469
2018-04-13,1080.1959228515625,2266.699951171875,72.58000183105469,224.42343139648438,1229.9022216796875,279.9893493652344,389.440673828125,115.5375747680664,16377.388671875,473.8880310058594,112.171630859375
2018-04-16,1095.6712646484375,2311.71728515625,71.41999816894531,225.9805908203125,1237.70556640625,280.3524169921875,392.2154541015625,114.90450286865234,16420.83984375,479.80010986328125,111.65239715576172
2018-04-17,1093.0224609375,2324.6630859375,71.58000183105469,225.9333953857422,1260.4197998046875,280.57928466796875,404.0589904785156,114.46134185791016,16429.451171875,473.1028747558594,111.0754623413086
2018-04-18,1089.5833740234375,2333.17041015625,73.4800033569336,229.14215087890625,1264.735595703125,281.305419921875,402.3398132324219,115.28433990478516,16485.244140625,472.96429443359375,111.96012115478516
2018-04-19,1082.79833984375,2348.030517578125,73.77999877929688,249.85745239257812,1267.9617919921875,293.0132141113281,409.97393798828125,116.4555435180664,16588.83984375,470.3777770996094,119.88308715820312
2018-04-20,1077.5472412109375,2316.068359375,74.05999755859375,247.3565216064453,1279.820068359375,293.0132141113281,410.7113952636719,115.442626953125,16451.375,466.77508544921875,118.69076538085938
2018-04-23,1095.53173828125,2312.021484375,74.70999908447266,241.22213745117188,1266.6973876953125,292.06024169921875,399.20635986328125,114.61959838867188,16564.982421875,475.04278564453125,117.32539367675781
2018-04-24,1087.53857421875,2305.124755859375,73.86000061035156,223.43246459960938,1272.7138671875,294.7375793457031,395.47222900390625,115.63253021240234,16689.486328125,478.3220520019531,114.38314056396484
2018-04-25,1080.9859619140625,2339.110107421875,74.0,218.99685668945312,1272.3211669921875,291.96954345703125,391.5497741699219,113.60667419433594,16849.064453125,474.8579406738281,111.61396789550781
2018-04-26,1074.1546630859375,2338.283203125,74.73999786376953,220.83714294433594,1300.2669677734375,297.41497802734375,405.3746032714844,114.46134185791016,16671.529296875,473.51849365234375,111.65239715576172
2018-04-27,1098.2271728515625,2376.29443359375,74.63999938964844,221.7336883544922,1285.182373046875,297.32427978515625,406.2151184082031,114.39802551269531,16469.857421875,484.1879577636719,113.09468078613281
2018-04-30,1116.90869140625,2399.118408203125,75.16999816894531,222.39434814453125,1315.6566162109375,294.9645080566406,421.2257080078125,114.30304718017578,16397.130859375,488.1139831542969,114.76774597167969
2018-05-01,,,75.16999816894531,,,,,,,,
2018-05-02,1136.05517578125,2360.759521484375,73.36000061035156,215.22186279296875,1283.438720703125,286.02490234375,412.4708251953125,113.98650360107422,16068.0009765625,475.9203186035156,108.99860382080078
2018-05-03,1121.6025390625,2322.4873046875,73.62000274658203,218.52499389648438,1266.218017578125,289.79132080078125,407.87158203125,114.65126037597656,16162.2119140625,495.1343994140625,110.07551574707031
2018-05-04,1106.45263671875,2343.11376953125,74.87000274658203,218.33624267578125,1276.68115234375,288.06689453125,408.443115234375,114.11314392089844,15806.66796875,478.4606628417969,108.32553100585938
2018-05-07,1129.5025634765625,2381.494873046875,76.16999816894531,224.4705810546875,1306.0653076171875,295.69061279296875,407.6048278808594,116.42388916015625,16021.697265625,474.53466796875,109.78705596923828
2018-05-08,1124.5302734375,2369.310302734375,74.8499984741211,225.2727813720703,1304.452392578125,294.102294921875,408.72552490234375,115.91740417480469,15994.361328125,472.4561462402344,108.80626678466797
2018-05-09,1136.28759765625,2350.511474609375,77.20999908447266,224.75372314453125,1304.4083251953125,292.0148620605469,408.8623046875,115.7591552734375,15825.296875,467.56024169921875,108.9024658203125
2018-05-10,1131.77978515625,2343.962158203125,77.47000122070312,227.72653198242188,1296.1251220703125,290.0181579589844,402.6222229003906,119.17780303955078,15585.7802734375,459.2926330566406,107.5755386352539
2018-05-11,1195.6790771484375,2383.670654296875,77.12000274658203,229.0477752685547,1311.4710693359375,293.8300476074219,426.8941955566406,118.7030029296875,15684.2978515625,436.06011962890625,110.36397552490234
2018-05-14,1205.8096923828125,2377.75244140625,78.2300033569336,228.48153686523438,1310.9913330078125,298.6401672363281,429.0638732910156,118.54471588134766,15662.3291015625,437.6766357421875,108.49858093261719
2018-05-15,1221.889404296875,2373.704833984375,78.43000030517578,230.1802520751953,1321.4111328125,303.6319580078125,428.78594970703125,119.65257263183594,15913.939453125,432.91937255859375,108.34475708007812
2018-05-16,1230.3004150390625,2411.738525390625,79.27999877929688,226.26368713378906,1372.50634765625,305.49249267578125,433.550048828125,117.87995910644531,15943.4072265625,435.73675537109375,107.2293930053711
2018-05-17,1217.055908203125,2383.25732421875,79.30000305175781,219.94058227539062,1368.7569580078125,301.3175964355469,437.0556945800781,119.39937591552734,15889.3134765625,443.26544189453125,106.51789093017578
2018-05-18,1216.0335693359375,2435.606689453125,78.51000213623047,218.47776794433594,1400.1466064453125,289.9274597167969,436.04925537109375,117.15191650390625,15861.390625,429.4552307128906,103.96019744873047
2018-05-21,1209.8526611328125,2402.774169921875,79.22000122070312,215.4105987548828,1376.4736328125,280.6701354980469,427.1715393066406,117.59507751464844,15556.1689453125,409.9177551269531,101.47947692871094
2018-05-22,1196.0509033203125,2438.80517578125,79.56999969482422,221.7336883544922,1372.6807861328125,288.9744873046875,433.83154296875,117.24691009521484,15832.408203125,418.4625244140625,103.82559204101562
2018-05-23,1188.3826904296875,2487.23876953125,79.80000305175781,217.01499938964844,1367.2750244140625,281.35076904296875,434.1489562988281,111.0427017211914,15526.3623046875,417.76971435546875,97.17183685302734
2018-05-24,1202.324462890625,2488.326171875,78.79000091552734,220.93153381347656,1361.17138671875,285.1172180175781,435.2319641113281,106.16795349121094,15651.0576171875,427.5614929199219,96.38338470458984
2018-05-25,1201.1627197265625,2535.88916015625,76.44000244140625,231.6902618408203,1373.945068359375,295.91748046875,438.359375,111.07435607910156,15726.00390625,430.8870544433594,96.84490203857422
2018-05-28,1228.581298828125,2542.612548828125,,228.05682373046875,1380.1358642578125,296.8704528808594,434.9483337402344,111.1692886352539,16283.517578125,461.60205078125,97.55644226074219
2018-05-29,1207.8079833984375,2526.14111328125,75.38999938964844,228.85902404785156,1371.2855224609375,301.0907287597656,428.3400573730469,111.13764953613281,16282.79296875,461.4172668457031,97.402587890625
2018-05-30,1202.556884765625,2519.50537109375,77.5,224.70651245117188,1382.7080078125,301.8168029785156,429.1394348144531,110.1563720703125,16313.662109375,456.84466552734375,96.57568359375
2018-05-31,1212.5948486328125,2577.860107421875,77.58999633789062,221.02589416503906,1405.0728759765625,301.2268981933594,434.7208557128906,112.6253890991211,16335.96875,443.7273864746094,95.49874877929688
2018-06-01,1201.8131103515625,2529.340576171875,77.58999633789062,225.08401489257812,1385.3673095703125,301.2268981933594,445.7330627441406,109.64991760253906,16119.0009765625,447.42236328125,95.47953033447266
2018-06-04,1193.81982421875,2509.213623046875,75.29000091552734,228.00967407226562,1363.0023193359375,301.1814270019531,442.06085205078125,108.3204345703125,15829.796875,442.1107482910156,94.90262603759766
2018-06-05,1183.7354736328125,2529.056884765625,75.37999725341797,228.434326171875,1362.6536865234375,298.6856384277344,429.3915710449219,108.38372802734375,15582.4912109375,437.3996276855469,94.71033477783203
2018-06-06,1173.6978759765625,2557.40771484375,75.36000061035156,234.14402770996094,1369.93408203125,306.76312255859375,439.50982666015625,107.81397247314453,15620.5224609375,452.5030517578125,94.7872314453125
2018-06-07,1199.721923828125,2608.03857421875,77.31999969482422,234.61590576171875,1397.748779296875,311.7548522949219,440.7301330566406,109.30169677734375,15801.0537109375,451.4869079589844,95.07568359375
2018-06-08,1188.614990234375,2575.119140625,76.45999908447266,228.52870178222656,1391.2528076171875,311.5279235839844,445.2962341308594,109.9664306640625,15700.9423828125,487.975341796875,94.72953796386719
2018-06-11,1192.7510986328125,2571.9853515625,76.45999908447266,230.9352569580078,1396.309814453125,309.44049072265625,446.5525817871094,109.71318817138672,16191.873046875,494.8573303222656,94.65261840820312
2018-06-12,1196.8406982421875,2587.716064453125,75.87999725341797,227.1130828857422,1428.6148681640625,309.80352783203125,442.8375244140625,108.5103530883789,15730.5537109375,499.2451171875,94.42185974121094
2018-06-13,1195.632568359375,2618.4169921875,76.73999786376953,231.2183837890625,1413.5740966796875,311.3010559082031,442.9637145996094,107.62403106689453,15853.69921875,504.64923095703125,93.49878692626953
2018-06-14,1201.0020751953125,2611.715576171875,75.94000244140625,230.98245239257812,1403.4595947265625,307.7160339355469,439.34771728515625,106.67440795898438,15792.826171875,516.61181640625,92.32574462890625
2018-06-15,1197.3597412109375,2670.396728515625,73.44000244140625,224.04588317871094,1413.6614990234375,301.8168029785156,438.7060852050781,104.7435073852539,15689.6689453125,527.7431030273438,91.76803588867188
2018-06-18,1197.2197265625,2643.15625,75.33999633789062,218.0059051513672,1402.544189453125,296.9158630371094,433.12457275390625,104.20540618896484,15609.1982421875,526.634521484375,89.3065414428711
2018-06-19,1185.2205810546875,2600.749267578125,75.08000183105469,213.09840393066406,1395.9610595703125,297.23345947265625,433.1156311035156,104.3320083618164,15221.2333984375,517.2586059570312,86.26811218261719
2018-06-20,1187.1812744140625,2609.017578125,74.73999786376953,213.4759063720703,1397.181884765625,304.1764831542969,437.92034912109375,103.03416442871094,14999.86328125,521.092041015625,87.96040344238281
2018-06-21,1170.092041015625,2594.722900390625,73.05000305175781,209.7952880859375,1399.861572265625,302.08905029296875,443.5648193359375,101.1032943725586,14812.4609375,512.2240600585938,88.0949935913086
2018-06-22,1183.8194580078125,2593.30810546875,75.55000305175781,209.51217651367188,1412.7315673828125,305.8101501464844,444.49468994140625,101.0083236694336,15075.201171875,533.239501953125,87.9027099609375
2018-06-25,1170.51220703125,2601.119140625,74.7300033569336,206.1146697998047,1418.92529296875,301.4083557128906,445.56866455078125,99.17237854003906,15122.912109375,528.2050170898438,88.71038818359375
2018-06-26,1190.262939453125,2632.756103515625,76.30999755859375,210.40872192382812,1424.7235107421875,293.0132141113281,454.1064147949219,100.21697235107422,15407.283203125,529.267333984375,89.0180892944336
2018-06-27,1183.3056640625,2649.07421875,77.62000274658203,205.64280700683594,1413.785888671875,288.88372802734375,450.2720642089844,98.91917419433594,15232.0732421875,532.9161376953125,88.49885559082031
2018-06-28,1184.47314453125,2667.328857421875,77.8499984741211,208.6156005859375,1408.0316162109375,292.6048278808594,440.0569152832031,97.17816162109375,14999.2841796875,524.048095703125,88.46040344238281
2018-06-29,1180.7845458984375,2703.969482421875,79.44000244140625,217.53402709960938,1441.7664794921875,296.5981750488281,441.75006103515625,100.2802963256836,15052.365234375,520.999755859375,90.844970703125
2018-07-02,1207.491943359375,2712.32421875,77.30000305175781,210.69186401367188,1443.7869873046875,284.4366149902344,439.7260437011719,98.44434356689453,15373.0224609375,520.2146606445312,92.24880981445312
2018-07-03,1206.371826171875,2705.1875,77.76000213623047,213.3815460205078,1443.830810546875,282.8936767578125,440.6040954589844,99.83711242675781,15462.927734375,529.8677978515625,88.8642349243164
2018-07-04,1204.4571533203125,2741.392822265625,,211.49404907226562,1472.38232421875,283.30206298828125,444.1186828613281,98.7608871459961,15481.9443359375,535.1331787109375,87.71040344238281
2018-07-05,1233.9664306640625,2744.67822265625,77.38999938964844,207.90782165527344,1482.9244384765625,281.75921630859375,448.36737060546875,99.01406860351562,15903.681640625,523.7247924804688,85.1142807006836
2018-07-06,1235.6007080078125,2745.809814453125,77.11000061035156,208.0493621826172,1474.403076171875,282.95135498046875,447.73681640625,98.41265106201172,15678.73046875,515.5494995117188,84.26815032958984
2018-07-09,1272.9071044921875,2777.554443359375,78.06999969482422,209.55935668945312,1486.3507080078125,286.8487243652344,445.77349853515625,99.64718627929688,16054.021484375,525.4336547851562,87.15272521972656
2018-07-10,1279.770751953125,2780.53564453125,78.86000061035156,216.16561889648438,1482.0462646484375,291.11297607421875,450.5377197265625,99.9953842163086,16262.6162109375,520.9535522460938,86.9411849975586
2018-07-11,1269.82568359375,2766.632080078125,73.4000015258789,208.3796844482422,1509.4117431640625,287.3531494140625,458.8863525390625,100.09037017822266,16390.408203125,517.99755859375,83.883544921875
2018-07-12,1268.0511474609375,2787.47607421875,74.44999694824219,207.90782165527344,1530.6715087890625,290.7919616699219,451.6094055175781,100.62847137451172,16570.06640625,521.4154052734375,81.306640625
2018-07-13,1277.2957763671875,2817.6982421875,75.33000183105469,206.44500732421875,1530.9351806640625,290.01251220703125,456.6956787109375,97.55802917480469,16576.888671875,517.0737915039062,80.94126892089844
2018-07-16,1269.592041015625,2842.76318359375,71.83999633789062,201.06561279296875,1538.490478515625,282.1259765625,459.3388671875,97.36808776855469,15811.552734375,493.24078369140625,79.38359069824219
2018-07-17,1285.18701171875,2796.72314453125,72.16000366210938,207.15281677246094,1477.389892578125,281.896728515625,473.345458984375,98.85582733154297,15502.5068359375,506.8200988769531,80.8066635131836
2018-07-18,1300.82861328125,2770.135498046875,72.9000015258789,200.4521942138672,1444.050537109375,271.6259460449219,468.02294921875,101.48313903808594,15728.95703125,507.9747314453125,78.34513854980469
2018-07-19,1310.1668701171875,2772.96337890625,72.58000183105469,186.48472595214844,1447.30078125,278.4119873046875,463.32855224609375,102.40107727050781,15722.6171875,503.4021911621094,80.07589721679688
2018-07-20,1304.050537109375,2766.80615234375,73.06999969482422,184.6444091796875,1454.6805419921875,278.9163513183594,465.9808349609375,99.9953842163086,16032.6728515625,517.3970947265625,77.84515380859375
2018-07-23,1338.3687744140625,2800.661865234375,73.05999755859375,185.1162872314453,1484.3741455078125,281.20892333984375,468.01611328125,99.10907745361328,16352.95703125,518.9212646484375,81.38356018066406
2018-07-24,1370.632568359375,2813.934326171875,73.44000244140625,195.9221954345703,1465.2667236328125,291.8465881347656,463.38482666015625,99.5206069946289,17223.15625,519.798828125,83.17198944091797
2018-07-25,1354.197021484375,2804.164306640625,73.93000030517578,197.24342346191406,1452.132568359375,290.7919616699219,460.8202819824219,100.69178009033203,16959.201171875,515.5956420898438,84.21045684814453
2018-07-26,1338.9757080078125,2806.90625,74.54000091552734,194.93125915527344,1467.067138671875,286.39019775390625,464.8865051269531,102.90757751464844,16947.078125,513.055419921875,83.26815795898438
2018-07-27,1339.9093017578125,2789.388671875,74.29000091552734,201.39593505859375,1457.4478759765625,296.4317321777344,463.09661865234375,102.11622619628906,16566.73828125,514.5795288085938,84.51815032958984
2018-07-30,1335.567138671875,2765.907470703125,74.97000122070312,199.36688232421875,1483.539306640625,300.6501159667969,455.8130187988281,103.88885498046875,16653.9453125,519.798828125,86.49887084960938
2018-07-31,1355.3646240234375,2857.97412109375,74.25,201.39593505859375,1521.271484375,302.9885559082031,474.1852722167969,104.90177917480469,16499.49609375,525.1565551757812,85.46043395996094
2018-08-01,1342.1041259765625,2835.104736328125,74.25,196.29971313476562,1523.5994873046875,300.375,487.9847717285156,105.85140228271484,16734.076171875,530.8377685546875,83.9219970703125
2018-08-02,1324.548095703125,2820.9287109375,73.44999694824219,196.205322265625,1536.074462890625,304.5016784667969,484.501708984375,105.3449478149414,16871.412109375,536.1493530273438,82.36431884765625
2018-08-03,1318.4315185546875,2792.664794921875,73.20999908447266,199.6971893310547,1548.8128662109375,309.3161315917969,464.9180908203125,105.5981674194336,16929.728515625,541.183837890625,85.53734588623047
2018-08-06,1304.9375,2763.832763671875,73.75,203.94406127929688,1520.08544921875,308.99517822265625,474.376708984375,107.14921569824219,16925.654296875,532.223388671875,86.287353515625
2018-08-07,1330.0111083984375,2708.657958984375,74.6500015258789,206.68093872070312,1519.8656005859375,312.25067138671875,474.5185546875,106.0729751586914,16746.24609375,526.2650146484375,87.22965240478516
2018-08-08,1331.4114990234375,2752.780029296875,72.27999877929688,208.19091796875,1543.673583984375,314.3139343261719,484.8101501464844,109.20677185058594,16782.119140625,530.2374267578125,86.46041107177734
2018-08-09,1323.5673828125,2767.6328125,72.06999969482422,214.65560913085938,1541.0819091796875,314.4973449707031,490.03826904296875,106.92765808105469,16702.951171875,527.8817749023438,88.69114685058594
2018-08-10,1324.7347412109375,2771.28076171875,72.80999755859375,210.1728057861328,1539.7640380859375,311.70037841796875,482.0802001953125,107.14921569824219,16813.044921875,511.76220703125,86.03733825683594
2018-08-13,1306.6651611328125,2809.24365234375,72.61000061035156,209.1818389892578,1518.8116455078125,313.7178955078125,489.5328369140625,105.12335968017578,16665.0,520.9073486328125,83.19123840332031
2018-08-14,1302.7894287109375,2821.846435546875,72.45999908447266,208.99310302734375,1532.340576171875,312.8008117675781,489.78997802734375,105.24999237060547,16740.380859375,555.9177856445312,82.72970581054688
2018-08-15,,,70.76000213623047,,,,,,,,
2018-08-16,1302.509521484375,2836.983154296875,71.43000030517578,203.94406127929688,1526.3228759765625,300.92523193359375,489.80364990234375,104.11042785644531,16496.396484375,572.4529418945312,80.3066635131836
2018-08-17,1307.97265625,2896.285888671875,71.83000183105469,207.34153747558594,1567.92041015625,306.2899169921875,490.51416015625,103.22413635253906,17217.23828125,575.96337890625,82.76815032958984
2018-08-20,1315.8634033203125,2958.1005859375,72.20999908447266,213.90060424804688,1561.112060546875,313.2135314941406,489.07269287109375,106.80103302001953,17179.4765625,578.595947265625,85.32581329345703
2018-08-21,1310.4471435546875,2995.692138671875,72.62999725341797,213.6646728515625,1539.58837890625,313.534423828125,491.11883544921875,107.75064849853516,17261.2109375,586.9560546875,84.17198944091797
2018-08-22,,,74.77999877929688,,,,,,,,
2018-08-23,1302.462890625,3014.3447265625,74.7300033569336,208.6156005859375,1557.4222412109375,311.4253234863281,520.7871704101562,108.82687377929688,17385.353515625,590.8820190429688,82.61431121826172
2018-08-24,1301.2955322265625,2958.99658203125,75.81999969482422,209.60653686523438,1564.58203125,325.3642578125,512.6057739257812,110.63116455078125,17813.3046875,581.782958984375,86.17198181152344
2018-08-27,1307.1790771484375,2972.757080078125,76.20999908447266,217.29808044433594,1574.5531005859375,326.0978698730469,511.2819519042969,111.45419311523438,17993.150390625,574.3928833007812,86.72966003417969
2018-08-28,1314.369140625,2990.536376953125,75.94999694824219,225.555908203125,1556.0162353515625,335.8184509277344,510.9548034667969,110.53620910644531,18207.857421875,573.838623046875,88.5757827758789
2018-08-29,1301.762451171875,2942.548583984375,77.13999938964844,223.52685546875,1542.5313720703125,365.8972473144531,509.7458190917969,112.05561828613281,18224.048828125,573.8849487304688,87.71040344238281
2018-08-30,1287.4747314453125,2922.541015625,77.7699966430664,226.73556518554688,1557.466064453125,364.888427734375,509.16375732421875,112.34053039550781,18294.14453125,591.1592407226562,88.46040344238281
2018-08-31,1281.6383056640625,2942.963623046875,77.41999816894531,224.56497192382812,1563.835205078125,363.467041015625,522.5103759765625,113.98650360107422,18349.06640625,603.0756225585938,87.5757827758789
2018-09-03,1271.50634765625,2868.305908203125,,225.9333953857422,1492.6759033203125,364.06317138671875,508.7803955078125,112.24553680419922,18466.18359375,606.1703491210938,87.86424255371094
2018-09-04,1224.53466796875,2771.41162109375,78.16999816894531,221.8752899169922,1450.59521484375,358.42340087890625,489.0794372558594,110.37796783447266,17812.822265625,605.3848876953125,86.46041107177734
2018-09-05,1233.872802734375,2701.930419921875,77.2699966430664,226.4524688720703,1415.89404296875,365.3011779785156,468.5462951660156,109.9664306640625,17672.771484375,613.1446533203125,88.24886322021484
2018-09-06,1227.52294921875,2706.059326171875,76.5,222.1584014892578,1413.1708984375,365.7137756347656,466.2682189941406,110.47290802001953,17641.263671875,625.7539672851562,88.42194366455078
2018-09-07,1228.923583984375,2721.195556640625,76.83000183105469,228.9062042236328,1439.65771484375,372.86669921875,471.2756652832031,108.82687377929688,17407.318359375,613.6064453125,88.55655670166016
2018-09-10,1207.5386962890625,2662.177001953125,77.37000274658203,222.4415283203125,1414.664306640625,367.9147033691406,466.03125,106.76935577392578,16738.443359375,589.3578491210938,85.96044158935547
2018-09-11,1211.974365234375,2594.923583984375,79.05999755859375,218.5721893310547,1397.4017333984375,362.4125061035156,453.2823486328125,106.23125457763672,16516.951171875,582.3372802734375,84.47967529296875
2018-09-12,1205.5777587890625,2627.884033203125,79.73999786376953,225.68711853027344,1429.2037353515625,366.5849609375,467.10040283203125,106.67440795898438,16364.6396484375,600.3505249023438,85.99888610839844
2018-09-13,,,78.18000030517578,,,,,,,,
2018-09-14,1245.6390380859375,2670.171630859375,78.08999633789062,232.84954833984375,1431.35595703125,374.2422790527344,466.26361083984375,109.2384033203125,17141.1328125,614.5302734375,90.6142349243164
2018-09-17,1222.0599365234375,2630.6142578125,78.05000305175781,228.9600372314453,1410.4036865234375,377.68115234375,459.0274963378906,108.70027160644531,17000.115234375,598.7326049804688,90.34500122070312
2018-09-18,1206.60498046875,2650.1201171875,79.02999877929688,222.12965393066406,1462.675048828125,373.3710632324219,462.1177062988281,110.09304809570312,16396.341796875,595.304443359375,88.51810455322266
2018-09-19,1205.9044189453125,2603.59521484375,79.4000015258789,223.5526580810547,1446.993408203125,382.4496765136719,457.67181396484375,112.93231964111328,16591.458984375,601.18798828125,88.49885559082031
2018-09-20,,,78.69999694824219,,,,,,,,
2018-09-21,1218.4178466796875,2529.701904296875,78.80000305175781,228.05880737304688,1424.328125,374.1505126953125,439.8341369628906,115.1016616821289,16344.66796875,588.2627563476562,88.63346099853516
2018-09-24,1187.7880859375,2447.245849609375,81.19999694824219,227.58448791503906,1397.225830078125,367.2269287109375,435.90484619140625,115.22924041748047,16701.115234375,578.1635131835938,88.42194366455078
2018-09-25,1204.550537109375,2522.31884765625,81.87000274658203,230.57276916503906,1432.7177734375,370.1614074707031,437.4770202636719,116.31393432617188,16607.01953125,594.0072631835938,88.61422729492188
2018-09-26,1197.1732177734375,2482.150390625,81.33999633789062,235.22120666503906,1415.0595703125,374.2422790527344,438.9206237792969,115.22924041748047,16910.7265625,592.8491821289062,92.90265655517578
2018-09-27,1202.3094482421875,2489.9697265625,81.72000122070312,231.37911987304688,1423.2735595703125,367.08935546875,432.12200927734375,112.16668701171875,16896.8125,584.8807983398438,92.55648803710938
2018-09-28,1207.7255859375,2544.008544921875,82.72000122070312,217.86065673828125,1412.9952392578125,349.9866027832031,437.5807800292969,113.05992126464844,16377.486328125,577.468505859375,89.3449935913086
2018-10-01,1195.1190185546875,2552.76708984375,84.9800033569336,230.43045043945312,1442.7763671875,349.25299072265625,433.52056884765625,114.20838165283203,16289.55078125,588.0775146484375,89.47960662841797
2018-10-02,,,84.80000305175781,,,,,,,,
2018-10-03,1168.9249267578125,2507.26904296875,86.29000091552734,240.7234649658203,1422.1756591796875,351.59149169921875,421.5272216796875,115.77157592773438,16125.50390625,575.2448120117188,92.34497833251953
2018-10-04,1143.6644287109375,2457.4462890625,84.58000183105469,238.9210205078125,1382.7303466796875,346.2726745605469,421.7144775390625,109.99736785888672,15884.8681640625,555.0462036132812,92.07573699951172
2018-10-05,1129.470458984375,2379.83935546875,84.16000366210938,228.67544555664062,1369.201171875,336.1852111816406,424.9152526855469,93.82315826416016,15238.6796875,554.0269775390625,89.09500885009766
2018-10-08,1165.236328125,2421.690185546875,83.91000366210938,211.12513732910156,1369.9041748046875,345.03466796875,423.1941223144531,95.57775115966797,15508.3544921875,559.8642578125,79.5182113647461
2018-10-09,1121.9066162109375,2407.6015625,85.0,212.7378692626953,1328.701904296875,340.5870361328125,428.2107238769531,93.56792449951172,15264.806640625,564.9600830078125,81.57588958740234
2018-10-10,1144.8319091796875,2493.7705078125,83.08999633789062,215.2518310546875,1342.055419921875,345.5390319824219,429.03631591796875,94.8121109008789,15067.9921875,558.6595458984375,83.90276336669922
2018-10-11,1138.3885498046875,2433.35400390625,80.26000213623047,205.3857421875,1340.6939697265625,331.6918640136719,423.35882568359375,97.58755493164062,14372.0185546875,543.603271484375,79.96051025390625
2018-10-12,1177.74951171875,2515.17626953125,80.43000030517578,215.06210327148438,1378.9088134765625,348.1983947753906,437.5897216796875,100.42682647705078,14880.33984375,547.2166748046875,82.42200469970703
2018-10-15,1167.5706787109375,2477.650390625,80.77999877929688,219.8528594970703,1340.8695068359375,345.5390319824219,435.6070861816406,102.18141174316406,14753.6240234375,555.8800048828125,80.99895477294922
2018-10-16,1183.7259521484375,2490.275634765625,81.41000366210938,218.71444702148438,1358.351806640625,342.6045227050781,439.2882385253906,105.65872192382812,15058.2001953125,558.4281005859375,81.71047973632812
2018-10-17,1175.695068359375,2420.619384765625,80.05000305175781,216.05819702148438,1372.2322998046875,331.64593505859375,438.7401123046875,103.42557525634766,14665.0576171875,549.8574829101562,79.97974395751953
2018-10-18,,,79.29000091552734,,,,,,,,
2018-10-19,1153.6568603515625,2430.4267578125,79.77999877929688,215.34669494628906,1386.6396484375,333.3424377441406,433.4935607910156,102.3728256225586,14092.9892578125,565.1453247070312,81.19126892089844
2018-10-22,1120.9725341796875,2437.700439453125,79.83000183105469,212.50071716308594,1392.3502197265625,325.6393737792969,434.9347839355469,99.5016860961914,13988.8134765625,562.3195190429688,82.1335678100586
2018-10-23,1063.121826171875,2395.937255859375,76.44000244140625,208.2317352294922,1363.4910888671875,318.6698913574219,421.9175109863281,99.1507568359375,13388.0947265625,533.5502319335938,80.90280151367188
2018-10-24,1108.36572265625,2341.593017578125,76.16999816894531,218.05038452148438,1393.272705078125,322.750732421875,430.11676025390625,100.6501235961914,13271.994140625,528.7786254882812,81.49895477294922
2018-10-25,1120.645751953125,2319.37890625,76.88999938964844,210.9354248046875,1388.50146484375,324.08038330078125,430.29949951171875,99.11883544921875,13117.83984375,517.7063598632812,78.69129180908203
2018-10-26,1111.5408935546875,2324.272216796875,77.62000274658203,209.8918914794922,1376.7506103515625,309.45367431640625,431.70697021484375,96.85382080078125,13155.359375,513.3516235351562,78.32591247558594
2018-10-29,1119.59130859375,2358.237060546875,77.33999633789062,212.64300537109375,1372.02392578125,311.7921142578125,436.8363342285156,98.83171844482422,13099.3203125,531.465576171875,81.306640625
2018-10-30,1119.8251953125,2379.927001953125,75.91000366210938,212.4058380126953,1407.4974365234375,307.9405212402344,438.4288330078125,97.58755493164062,13102.375,520.7640380859375,81.22972869873047
2018-10-31,1151.7449951171875,2465.63720703125,75.47000122070312,209.0855255126953,1432.81005859375,311.24188232421875,457.8004150390625,97.77896118164062,13493.240234375,537.6271362304688,81.2104721069336
2018-11-01,1139.9508056640625,2438.967529296875,75.5,219.37852478027344,1420.396728515625,314.3139343261719,449.75445556640625,98.41699981689453,13557.955078125,529.8440551757812,81.84510040283203
2018-11-02,1167.2840576171875,2446.808837890625,72.83000183105469,228.10623168945312,1447.609375,323.5301513671875,461.49066162109375,100.3949203491211,14314.3798828125,529.8440551757812,86.88349914550781
2018-11-05,1164.5225830078125,2496.391357421875,73.16999816894531,229.90872192382812,1449.0230712890625,324.3096008300781,466.1372985839844,98.86361694335938,14541.2021484375,529.6124877929688,85.55658721923828
2018-11-06,1159.3275146484375,2499.340087890625,72.12999725341797,230.1458740234375,1441.8663330078125,321.6502685546875,458.3598327636719,99.56549072265625,14894.837890625,536.793212890625,86.36863708496094
2018-11-07,1170.981689453125,2499.340087890625,72.06999969482422,231.5214385986328,1452.38037109375,321.6502685546875,461.0732727050781,100.17161560058594,14902.9833984375,539.5264892578125,87.3472671508789
2018-11-08,,,70.6500015258789,,,,,,,,
2018-11-09,1212.7772216796875,2510.34912109375,70.18000030517578,226.5409393310547,1477.78173828125,318.6698913574219,461.3260192871094,99.78876495361328,14920.3828125,553.563720703125,87.05574798583984
2018-11-12,1197.0511474609375,2515.1982421875,70.12000274658203,217.48118591308594,1461.6131591796875,315.9646301269531,456.749267578125,99.56549072265625,14927.169921875,546.1976928710938,84.59878540039062
2018-11-13,1202.7613525390625,2539.224853515625,65.47000122070312,219.66314697265625,1476.45654296875,319.22015380859375,457.6312561035156,99.85259246826172,14718.8681640625,520.4860229492188,85.61907196044922
2018-11-14,1236.13232421875,2520.96435546875,66.12000274658203,217.71836853027344,1515.6849365234375,311.4253234863281,468.9208068847656,102.72374725341797,14827.4521484375,481.89544677734375,84.99440002441406
2018-11-15,1234.026123046875,2541.671142578125,66.62000274658203,221.6078643798828,1507.3355712890625,316.0104675292969,472.05389404296875,101.35197448730469,15375.140625,477.26275634765625,86.43110656738281
2018-11-16,1236.8343505859375,2598.243408203125,66.76000213623047,218.14527893066406,1492.359619140625,307.29864501953125,482.1343688964844,99.75687408447266,15450.279296875,481.5712585449219,86.11878204345703
2018-11-19,1228.2694091796875,2616.54736328125,66.79000091552734,222.41424560546875,1503.2271728515625,308.7200012207031,466.58843994140625,98.60843658447266,15407.5224609375,492.5044250488281,88.01354217529297
2018-11-20,1223.307861328125,2572.491455078125,62.529998779296875,210.5559539794922,1496.6888427734375,301.0169372558594,462.6184387207031,97.68325805664062,15420.4169921875,486.8524475097656,85.47330474853516
2018-11-21,1239.5489501953125,2623.144287109375,63.47999954223633,211.69435119628906,1493.11083984375,298.9994201660156,461.8808288574219,96.82192993164062,15478.296875,493.708984375,84.07823944091797
2018-11-22,1230.3753662109375,2624.91357421875,,206.90362548828125,1479.9906005859375,293.3597412109375,464.8108825683594,97.14094543457031,15258.4560546875,487.31585693359375,83.12044525146484
2018-11-23,,,58.79999923706055,,,,,,,,
2018-11-26,1263.2314453125,2624.62939453125,60.47999954223633,207.5676727294922,1540.8653564453125,291.25048828125,471.5777893066406,93.5360336303711,15508.4033203125,473.2322998046875,81.5379867553711
2018-11-27,1253.96435546875,2636.42431640625,60.209999084472656,208.61119079589844,1531.4114990234375,285.3815002441406,474.51690673828125,93.21703338623047,15533.9970703125,457.57366943359375,81.204833984375
2018-11-28,1239.5958251953125,2604.403564453125,58.7599983215332,204.95884704589844,1530.4395751953125,283.2264404296875,482.65087890625,91.11150360107422,15511.4072265625,450.3003234863281,80.35113525390625
2018-11-29,1263.9803466796875,2649.37744140625,59.5099983215332,212.9750518798828,1562.511474609375,291.11297607421875,478.4891052246094,89.70783233642578,15904.7900390625,448.81781005859375,82.78730010986328
2018-11-30,1259.9083251953125,2769.424072265625,58.709999084472656,214.5877685546875,1549.700439453125,288.1784362792969,485.6351318359375,89.51641082763672,15984.923828125,456.4155578613281,81.55882263183594
2018-12-03,1253.1220703125,2703.677978515625,61.689998626708984,221.08612060546875,1612.960693359375,288.7745361328125,484.7689208984375,90.92008209228516,16281.5517578125,421.9480285644531,84.51551055908203
2018-12-04,1244.463134765625,2702.454833984375,62.08000183105469,221.37071228027344,1597.1015625,287.3072509765625,477.70196533203125,93.2489242553711,16171.6513671875,410.36627197265625,85.8689193725586
2018-12-05,1244.5101318359375,2702.3671875,,209.98675537109375,1632.8399658203125,279.0997619628906,473.1658630371094,91.68571472167969,15916.13671875,382.6163024902344,82.6207046508789
2018-12-06,1212.3092041015625,2609.18701171875,60.060001373291016,206.7138671875,1591.6678466796875,280.06268310546875,465.08612060546875,89.42070007324219,15581.2607421875,389.287353515625,81.3506088256836
2018-12-07,1234.3536376953125,2625.787353515625,61.66999816894531,207.5676727294922,1611.8121337890625,277.31158447265625,469.383056640625,88.94218444824219,15840.0283203125,381.0412292480469,81.49635314941406
2018-12-10,1192.745361328125,2604.206787109375,59.970001220703125,206.7138671875,1586.631591796875,269.7001953125,469.1259460449219,87.4747085571289,15533.4638671875,369.69097900390625,80.18457794189453
2018-12-11,1238.9873046875,2618.66650390625,60.20000076293945,205.14859008789062,1585.836669921875,275.9819030761719,479.7568359375,88.11274719238281,15506.5107421875,391.279541015625,80.60100555419922
2018-12-12,1245.820556640625,2670.477294921875,60.150001525878906,209.9393310546875,1624.88818359375,277.357421875,491.5508728027344,90.40966033935547,16112.5625,399.7574157714844,82.9955062866211
2018-12-13,1235.8046875,2746.22705078125,61.45000076293945,208.9906768798828,1639.42236328125,273.3224182128906,498.43133544921875,91.4305191040039,16184.986328125,391.0941467285156,83.55770111083984
2018-12-14,1255.2281494140625,2739.71826171875,60.279998779296875,208.8483428955078,1643.840087890625,268.7831726074219,497.9486083984375,93.69554901123047,16373.072265625,389.75067138671875,83.95331573486328
2018-12-17,1250.4542236328125,2763.701416015625,59.61000061035156,213.87628173828125,1635.1370849609375,274.97314453125,506.3204040527344,94.58880615234375,16412.82421875,390.0287170410156,85.57740783691406
2018-12-18,1269.03515625,2768.507080078125,56.2599983215332,213.68655395507812,1626.346435546875,280.1084899902344,502.8482971191406,94.174072265625,16511.0859375,401.6104736328125,86.84754943847656
2018-12-19,1310.7374267578125,2821.06005859375,57.2400016784668,215.48899841308594,1629.9246826171875,285.19805908203125,506.4880065917969,94.58880615234375,16962.6875,392.6693420410156,86.13960266113281
2018-12-20,1334.654052734375,2770.38525390625,54.349998474121094,212.4058380126953,1620.603271484375,283.08892822265625,509.1282043457031,94.8121109008789,16964.580078125,397.53363037109375,84.43221282958984
2018-12-21,1299.4576416015625,2725.78271484375,53.81999969482422,212.50071716308594,1593.4349365234375,282.4469909667969,499.0591735839844,94.74829864501953,16623.408203125,394.0591125488281,83.3078384399414
2018-12-24,1270.29931640625,2708.964111328125,50.470001220703125,206.6664276123047,1576.780517578125,267.9578552246094,495.1133728027344,94.36547088623047,16244.029296875,393.1789245605469,81.787841796875
2018-12-26,1275.86865234375,2698.8291015625,54.470001220703125,207.3779296875,1582.9208984375,271.71771240234375,488.1649169921875,93.5360336303711,16554.1328125,383.2648620605469,81.787841796875
2018-12-27,1284.7611083984375,2686.990234375,52.15999984741211,209.27525329589844,1603.5068359375,268.64556884765625,495.997314453125,95.5139389038086,16430.955078125,380.948486328125,81.55882263183594
2018-12-28,1278.6767578125,2707.1728515625,52.20000076293945,212.02638244628906,1609.824462890625,273.3683166503906,510.30902099609375,96.02439880371094,16702.083984375,393.96649169921875,83.03714752197266
2018-12-31,1285.2762451171875,2721.938232421875,53.79999923706055,214.5877685546875,1607.7039794921875,281.3006896972656,502.43359375,95.64154815673828,16710.85546875,398.87713623046875,84.20319366455078
2019-01-01,1283.8719482421875,2711.14794921875,,211.31488037109375,1591.3143310546875,278.7330017089844,499.2699279785156,94.74829864501953,16456.017578125,401.7030944824219,84.16154479980469
2019-01-02,1294.8709716796875,2723.205322265625,54.90999984741211,203.53582763671875,1576.7362060546875,264.7481994628906,500.1921691894531,93.82315826416016,16423.73046875,407.72564697265625,80.43444061279297
2019-01-03,1299.5516357421875,2739.848876953125,55.95000076293945,198.46047973632812,1580.09375,259.2000732421875,507.9770202636719,90.85629272460938,16431.921875,404.0658264160156,78.26895904541016
2019-01-04,1297.2578125,2728.316162109375,57.060001373291016,200.07321166992188,1574.173828125,264.0603942871094,491.8431091308594,92.9617919921875,16227.0615234375,401.9347229003906,80.33032989501953
2019-01-07,1306.7591552734375,2746.751708984375,57.33000183105469,197.8438262939453,1577.04541015625,265.8028259277344,488.892333984375,94.33357238769531,16406.037109375,399.1551208496094,80.55936431884766
2019-01-08,1311.673583984375,2699.353271484375,58.720001220703125,195.8990936279297,1564.587890625,269.5167541503906,498.83245849609375,94.07835388183594,16243.302734375,415.1380310058594,81.47551727294922
2019-01-09,1312.3756103515625,2702.061279296875,61.439998626708984,195.14015197753906,1577.0897216796875,266.6280517578125,510.0212097167969,92.70658874511719,15847.30078125,415.7865905761719,81.1007308959961
2019-01-10,1307.086669921875,2698.8291015625,61.68000030517578,193.52743530273438,1578.1500244140625,265.2983703613281,517.4705810546875,91.39861297607422,15993.4560546875,411.9414367675781,81.3922348022461
2019-01-11,1313.919921875,2705.731201171875,60.47999954223633,195.28248596191406,1563.3067626953125,264.8398742675781,510.96173095703125,92.29185485839844,15428.26953125,411.7561950683594,81.87113189697266
2019-01-14,1299.83203125,2720.40966796875,58.9900016784668,195.56704711914062,1558.447265625,260.34637451171875,508.951416015625,91.52620697021484,15024.3154296875,417.7322692871094,80.3927993774414
2019-01-15,1316.07275390625,2781.787109375,60.63999938964844,197.7964324951172,1581.374755859375,267.8661193847656,511.39910888671875,92.6108627319336,15142.7451171875,419.21484375,82.82893371582031
2019-01-16,1300.9085693359375,2774.66650390625,61.31999969482422,197.70155334472656,1566.08984375,262.6848449707031,501.121337890625,93.37651824951172,15340.771484375,420.46563720703125,81.7462158203125
2019-01-17,1300.768310546875,2802.05712890625,61.18000030517578,195.42477416992188,1547.4915771484375,265.0233154296875,506.0982360839844,92.51518249511719,15429.7255859375,395.21728515625,82.22510528564453
2019-01-18,1310.924560546875,2770.822509765625,62.70000076293945,198.08103942871094,1540.95361328125,261.9053955078125,509.84661865234375,93.6317367553711,15115.1630859375,362.04705810546875,82.7456283569336
2019-01-21,1331.1903076171875,2750.770263671875,,196.9900360107422,1543.4276123046875,260.9883728027344,510.1571960449219,92.3237533569336,15200.916015625,369.04248046875,82.64154052734375
2019-01-22,1317.009033203125,2755.35791015625,61.5,193.10052490234375,1546.34326171875,254.93589782714844,509.3095703125,92.10047149658203,15432.48828125,388.175537109375,79.74732971191406
2019-01-23,1307.274169921875,2799.2177734375,61.13999938964844,194.9029998779297,1561.363037109375,257.5953063964844,512.9063110351562,91.4305191040039,15612.625,399.3404541015625,80.28868103027344
2019-01-24,1312.235107421875,2810.575927734375,61.09000015258789,194.52354431152344,1554.559814453125,260.1171569824219,518.2319946289062,90.40966033935547,15677.7783203125,391.9280700683594,80.5801773071289
2019-01-25,1284.4337158203125,2801.664306640625,61.63999938964844,193.95433044433594,1552.17431640625,251.86386108398438,515.1588745117188,90.60106658935547,15244.05859375,391.3721618652344,81.07991027832031
2019-01-28,1291.3138427734375,2798.86767578125,59.93000030517578,189.73277282714844,1539.9815673828125,245.5362548828125,514.9323120117188,90.37773132324219,14593.7021484375,381.50439453125,79.74732971191406
2019-01-29,1304.23193359375,2778.42333984375,61.31999969482422,189.3058624267578,1552.086181640625,248.47080993652344,516.6773681640625,89.99493408203125,15010.26953125,391.3721618652344,80.2262191772461
2019-01-30,1301.5169677734375,2803.54248046875,61.650001525878906,195.23504638671875,1531.455810546875,246.59088134765625,516.5663452148438,89.13359832763672,15004.4443359375,387.2490539550781,80.8300552368164
2019-01-31,1322.2979736328125,2793.84423828125,61.88999938964844,197.7964324951172,1557.873046875,251.81797790527344,521.1533203125,90.12255096435547,15261.166015625,392.3450927734375,82.1834716796875
2019-02-01,1364.046630859375,2840.412353515625,61.869998931884766,200.5475616455078,1589.72412109375,252.1389617919922,523.8138427734375,90.4734878540039,15326.5234375,392.1597595214844,67.52494812011719
2019-02-04,1353.8902587890625,2853.517822265625,62.5099983215332,193.71714782714844,1592.639892578125,250.8092803955078,522.7803955078125,93.31270599365234,15447.8193359375,384.3304138183594,67.19181823730469
2019-02-05,1357.6346435546875,2767.065673828125,61.97999954223633,194.2389373779297,1609.2940673828125,250.8551025390625,526.12109375,91.20721435546875,15223.24609375,379.7904052734375,67.71234893798828
2019-02-06,1375.4669189453125,2779.602783203125,62.689998626708984,200.5475616455078,1616.8040771484375,256.1280517578125,526.5720825195312,93.5998306274414,15568.4833984375,385.99822998046875,68.19124603271484
2019-02-07,1378.32177734375,2808.1728515625,61.630001068115234,198.46047973632812,1624.84423828125,250.4424591064453,531.0275268554688,94.36547088623047,15776.841796875,402.95391845703125,68.0663070678711
2019-02-08,1356.183837890625,2717.220703125,62.099998474121094,195.3299102783203,1605.627685546875,241.04283142089844,509.5883483886719,91.97285461425781,15725.46875,399.38671875,64.19346618652344
2019-02-11,1345.2315673828125,2715.080078125,61.5099983215332,189.21099853515625,1594.5836181640625,239.8965301513672,491.49407958984375,88.1765365600586,15502.638671875,397.07037353515625,63.360599517822266
2019-02-12,1359.2728271484375,2628.626953125,62.41999816894531,188.16749572753906,1585.4832763671875,249.20440673828125,488.7880859375,87.69800567626953,15364.7392578125,404.529052734375,63.6521110534668
2019-02-13,,,63.61000061035156,,,,,,,,
2019-02-14,1309.754638671875,2555.23583984375,64.56999969482422,181.9062957763672,1577.1337890625,257.36602783203125,481.7625732421875,84.31639099121094,15157.2060546875,408.5132141113281,63.194026947021484
2019-02-15,1304.512451171875,2497.35302734375,66.25,177.02069091796875,1566.310791015625,244.7567901611328,477.5315246582031,86.13482666015625,15164.0048828125,391.8354187011719,61.34088134765625
2019-02-18,1291.8287353515625,2543.96435546875,,175.07594299316406,1547.844970703125,240.171630859375,469.1007995605469,87.4747085571289,14831.3408203125,384.1914367675781,61.63237762451172
2019-02-19,1289.76953125,2510.633056640625,66.44999694824219,176.97325134277344,1535.52001953125,244.7109832763672,476.6226806640625,88.78266143798828,14876.9345703125,383.2648620605469,63.75621032714844
2019-02-20,1307.6011962890625,2553.22607421875,67.08000183105469,183.09213256835938,1531.5885009765625,251.3135986328125,476.9128112792969,91.9090576171875,15252.912109375,391.32586669921875,66.73372650146484
2019-02-21,1308.4442138671875,2622.510986328125,67.06999969482422,184.42025756835938,1550.3187255859375,254.064697265625,481.4520263671875,93.75933074951172,15639.861328125,398.13592529296875,68.54522705078125
2019-02-22,1308.4442138671875,2632.29638671875,67.12000274658203,186.36502075195312,1562.5555419921875,262.1346435546875,484.330322265625,94.8121109008789,15680.0185546875,398.87713623046875,70.6482162475586
2019-02-25,1308.865234375,2663.22509765625,64.76000213623047,186.4124755859375,1563.969482421875,263.9228820800781,490.9570007324219,94.26978302001953,16039.1923828125,404.0658264160156,71.31450653076172
2019-02-26,1312.3756103515625,2685.330322265625,65.20999908447266,186.4124755859375,1565.8245849609375,260.8966369628906,489.7218933105469,94.11026763916016,16115.2353515625,403.74151611328125,70.66903686523438
2019-02-27,1315.8387451171875,2672.3125,66.38999938964844,185.89068603515625,1534.2388916015625,260.4381103515625,485.6107482910156,94.42928314208984,16237.1123046875,410.1810302734375,68.5660400390625
2019-02-28,1315.370849609375,2670.826416015625,66.02999877929688,185.7009735107422,1530.837158203125,257.7786865234375,482.2587890625,98.33212280273438,16113.9248046875,412.4509582519531,70.54409790039062
2019-03-01,1303.3424072265625,2688.606689453125,65.06999969482422,186.08042907714844,1532.604248046875,258.6957702636719,473.7398986816406,98.62980651855469,16205.74609375,414.48944091796875,72.23066711425781
2019-03-04,,,65.66999816894531,,,,,,,,
2019-03-05,1314.1072998046875,2681.267578125,65.86000061035156,188.5469512939453,1523.7247314453125,267.040771484375,476.1942443847656,102.53266906738281,16748.5625,422.411376953125,72.8553237915039
2019-03-06,1304.6060791015625,2644.57177734375,65.98999786376953,192.3416290283203,1501.8134765625,265.8945007324219,467.79986572265625,102.40038299560547,16969.884765625,426.7198181152344,74.33366394042969
2019-03-07,1306.2440185546875,2659.425048828125,66.30000305175781,190.302001953125,1506.7611083984375,265.66522216796875,462.4786071777344,100.58123779296875,16964.353515625,417.77862548828125,73.31340026855469
2019-03-08,1293.981689453125,2683.32080078125,65.73999786376953,185.51123046875,1503.4039306640625,262.63897705078125,457.5743103027344,99.48975372314453,17120.607421875,421.5311584472656,71.77259063720703
2019-03-11,1329.037353515625,2737.70849609375,66.58000183105469,190.7288818359375,1515.1988525390625,268.3704833984375,466.5329895019531,101.20966339111328,17456.283203125,425.7005615234375,73.75065612792969
2019-03-12,1336.8070068359375,2739.193603515625,66.66999816894531,192.95823669433594,1532.7369384765625,267.5909729003906,472.701904296875,100.44894409179688,17584.275390625,435.7535400390625,74.3128433227539
2019-03-13,1336.994140625,2732.02978515625,67.55000305175781,191.9147186279297,1544.0460205078125,262.5014953613281,486.0459289550781,99.05978393554688,17411.5625,422.96734619140625,72.20884704589844
2019-03-14,1343.031982421875,2751.644287109375,67.2300033569336,190.44427490234375,1534.945556640625,263.0975341796875,486.7711181640625,99.91972351074219,17189.412109375,431.908447265625,73.05045318603516
2019-03-15,1340.9725341796875,2679.258056640625,67.16000366210938,188.83155822753906,1500.576171875,264.5189514160156,466.4015808105469,103.19416809082031,17015.044921875,430.2406311035156,73.93412780761719
2019-03-18,1353.1883544921875,2728.88427734375,67.54000091552734,189.0687255859375,1499.8258056640625,270.4796447753906,473.9574890136719,102.30115509033203,17275.26171875,430.750244140625,72.90316772460938
2019-03-19,1360.9578857421875,2730.67529296875,67.61000061035156,191.96214294433594,1501.68115234375,264.56475830078125,485.30706787109375,103.85568237304688,17530.5234375,434.5027770996094,72.6717300415039
2019-03-20,1363.0640869140625,2698.086669921875,68.5,196.51573181152344,1490.9906005859375,258.879150390625,477.29119873046875,100.44894409179688,17516.931640625,439.876708984375,73.45020294189453
2019-03-21,,,67.86000061035156,,,,,,,,
2019-03-22,1377.198486328125,2707.26025390625,67.02999877929688,198.36563110351562,1482.5966796875,262.0429382324219,480.486572265625,100.77969360351562,17595.349609375,438.4869384765625,73.17668914794922
2019-03-25,1364.3746337890625,2700.401123046875,67.20999908447266,194.9029998779297,1478.885986328125,255.66952514648438,477.2073059082031,104.9471664428711,17316.96875,430.51861572265625,70.79917907714844
2019-03-26,1390.116455078125,2707.740234375,67.97000122070312,197.7964324951172,1487.6771240234375,258.00799560546875,484.6226501464844,106.54483795166016,17603.0703125,435.2903747558594,73.05045318603516
2019-03-27,1377.9476318359375,2705.77490234375,67.83000183105469,196.9900360107422,1485.026611328125,263.6477355957031,493.69244384765625,106.57810974121094,17369.416015625,430.7039794921875,73.82892608642578
2019-03-28,1401.302490234375,2705.468994140625,67.81999969482422,191.96214294433594,1487.765625,264.33551025390625,501.9010925292969,103.78218078613281,17741.6015625,440.5253601074219,74.9229965209961
2019-03-29,,,68.38999938964844,,,,,,,,
2019-04-01,1397.32421875,2664.667236328125,69.01000213623047,204.81649780273438,1493.155029296875,268.04949951171875,494.7418212890625,104.68087768554688,18254.26953125,443.675537109375,79.48863983154297
2019-04-02,1422.1768798828125,2616.045654296875,69.37000274658203,205.81263732910156,1490.6368408203125,263.2809143066406,488.9241638183594,104.84728240966797,17965.49609375,435.1976623535156,79.0678482055664
2019-04-03,1401.8641357421875,2612.463623046875,69.30999755859375,204.86398315429688,1476.1912841796875,265.8486328125,498.7576904296875,103.48261260986328,18069.3125,428.0633239746094,78.18418884277344
2019-04-04,1421.8961181640625,2657.633544921875,69.4000015258789,199.64630126953125,1472.4364013671875,263.9228820800781,496.8585510253906,103.3494644165039,18327.9296875,431.39892578125,78.7732925415039
2019-04-05,1417.6368408203125,2615.914306640625,70.33999633789062,204.34217834472656,1465.8538818359375,269.83770751953125,497.7151184082031,104.21489715576172,18528.759765625,429.1287841796875,80.6668701171875
2019-04-08,1400.694091796875,2596.212646484375,71.0999984741211,203.4409637451172,1470.9783935546875,266.30712890625,491.81597900390625,105.24673461914062,18282.091796875,428.4802551269531,78.54183959960938
2019-04-09,1352.4859619140625,2588.697998046875,70.61000061035156,206.0023651123047,1484.76171875,267.3616943359375,489.0714111328125,104.88058471679688,18405.861328125,436.3558349609375,79.95153045654297
2019-04-10,1319.7237548828125,2585.116455078125,71.7300033569336,200.83213806152344,1496.8214111328125,264.610595703125,490.06402587890625,105.18016052246094,18443.8828125,437.28240966796875,79.3203353881836
2019-04-11,1332.1737060546875,2573.976806640625,70.83000183105469,200.4526824951172,1511.1787109375,263.189208984375,487.895263671875,105.57957458496094,18419.556640625,431.3525085449219,76.22747039794922
2019-04-12,1346.6826171875,2607.395751953125,71.55000305175781,198.98226928710938,1521.1187744140625,263.0516662597656,497.40020751953125,104.91386413574219,18521.521484375,430.8892822265625,77.3846664428711
2019-04-15,1340.036376953125,2619.758544921875,71.18000030517578,201.82826232910156,1521.471923828125,267.9119873046875,497.23248291015625,104.14832305908203,18825.447265625,424.9593505859375,77.72130584716797
2019-04-16,1365.7314453125,2639.023681640625,71.72000122070312,203.915283203125,1536.0499267578125,267.040771484375,505.64935302734375,106.81110382080078,19029.96484375,428.57293701171875,77.82648468017578
2019-04-17,,,71.62000274658203,,,,,,,,
2019-04-18,1375.654052734375,2619.14697265625,71.97000122070312,196.56314086914062,1537.2425537109375,274.3312072753906,496.52313232421875,106.91096496582031,19125.474609375,429.17510986328125,75.1544418334961
2019-04-22,1351.0823974609375,2621.243896484375,74.04000091552734,190.1122589111328,1537.198486328125,267.08660888671875,493.1440124511719,105.11358642578125,18848.75,421.11419677734375,73.63956451416016
2019-04-23,1339.5216064453125,2613.249755859375,74.51000213623047,190.0648193359375,1541.0421142578125,264.3813171386719,494.517333984375,109.00789642333984,18735.61328125,434.132080078125,73.55541229248047
2019-04-24,1357.3538818359375,2602.066162109375,74.56999969482422,190.3968505859375,1548.4635009765625,268.0953674316406,491.03643798828125,112.26982116699219,18837.626953125,434.8733825683594,73.55541229248047
2019-04-25,1355.3876953125,2594.246337890625,74.3499984741211,186.45989990234375,1532.2069091796875,262.82244873046875,491.6278381347656,112.4029541015625,19327.423828125,427.1367492675781,71.72494506835938
2019-04-26,1356.136962890625,2592.8916015625,72.1500015258789,190.82373046875,1543.8250732421875,269.60845947265625,497.2845153808594,112.1033935546875,19438.232421875,430.0089416503906,71.40933990478516
2019-04-29,,,72.04000091552734,,,,,,,,
2019-04-30,1369.616455078125,2530.291748046875,72.80000305175781,195.47219848632812,1552.9693603515625,282.7679443359375,495.42425537109375,112.63594818115234,19218.3671875,424.03277587890625,70.21006774902344
2019-05-01,,,72.18000030517578,,,,,,,,
2019-05-02,1344.763427734375,2431.563232421875,70.75,194.19151306152344,1522.797119140625,281.20892333984375,481.0866394042969,112.43624877929688,19325.57421875,418.9831848144531,70.82022094726562
2019-05-03,1346.5892333984375,2355.6376953125,70.8499984741211,194.57095336914062,1496.2916259765625,283.2264404296875,476.3618469238281,113.33491516113281,19298.240234375,419.9560546875,70.5677490234375
2019-05-06,1322.48486328125,2329.295654296875,71.23999786376953,188.6892547607422,1474.5125732421875,272.08447265625,471.8681335449219,113.26834869384766,19195.93359375,419.8633728027344,70.16798400878906
2019-05-07,1299.08349609375,2315.79736328125,69.87999725341797,190.15969848632812,1499.7813720703125,264.1979675292969,477.0174865722656,114.30020904541016,19196.126953125,415.2769775390625,68.80038452148438
2019-05-08,1297.117431640625,2314.879638671875,70.37000274658203,189.73277282714844,1492.0062255859375,265.2525329589844,468.8790283203125,112.43624877929688,19260.123046875,406.8916320800781,67.07511138916016
2019-05-09,1267.631103515625,2334.88720703125,70.38999938964844,187.9777374267578,1505.3033447265625,261.76776123046875,471.78619384765625,112.76908111572266,18761.349609375,407.0770568847656,66.12831115722656
2019-05-10,1255.32177734375,2348.99755859375,70.62000274658203,185.7483673095703,1490.9019775390625,263.51019287109375,465.8194885253906,110.70543670654297,18435.43359375,405.5945739746094,65.62336730957031
2019-05-13,1247.3184814453125,2338.51318359375,70.2300033569336,182.3332061767578,1503.7572021484375,253.92713928222656,468.95654296875,109.24089813232422,18274.076171875,368.85711669921875,64.88697814941406
2019-05-14,1235.8514404296875,2356.905029296875,71.23999786376953,183.04469299316406,1500.6649169921875,257.68701171875,464.3398132324219,109.274169921875,18407.22265625,388.6388244628906,67.64319610595703
2019-05-15,1222.4654541015625,2348.299072265625,71.7699966430664,180.86276245117188,1476.4122314453125,246.22406005859375,467.52227783203125,108.34219360351562,18464.857421875,379.6513977050781,67.34864807128906
2019-05-16,1221.0145263671875,2373.15576171875,72.62000274658203,184.61000061035156,1491.5645751953125,253.05601501464844,468.06878662109375,110.47242736816406,18857.291015625,382.1067199707031,68.80038452148438
2019-05-17,1235.6175537109375,2428.24267578125,72.20999908447266,181.85885620117188,1534.50390625,253.4686279296875,476.4962463378906,111.4044189453125,18918.328125,379.04913330078125,67.72737121582031
2019-05-20,1286.1185302734375,2447.420166015625,71.97000122070312,188.5469512939453,1566.045654296875,261.81365966796875,490.2688293457031,117.16268157958984,19759.046875,383.12591552734375,70.31526184082031
2019-05-21,1270.954345703125,2488.921630859375,72.18000030517578,185.9381103515625,1577.3106689453125,256.2197570800781,483.0320129394531,116.3305892944336,19889.568359375,378.81744384765625,69.6209487915039
2019-05-22,1280.97021484375,2492.372314453125,70.98999786376953,187.83546447753906,1562.3349609375,253.97305297851562,487.1910705566406,117.82838439941406,19624.302734375,390.2602844238281,69.97864532470703
2019-05-23,1280.3150634765625,2480.1845703125,67.76000213623047,181.9062957763672,1549.568115234375,253.05601501464844,491.584716796875,115.93113708496094,20216.98828125,382.6163024902344,66.21249389648438
2019-05-24,1295.9942626953125,2490.97509765625,68.69000244140625,185.7483673095703,1545.8131103515625,264.10626220703125,485.3470764160156,116.09760284423828,20323.232421875,385.21063232421875,68.96871185302734
2019-05-27,1279.4722900390625,2530.728515625,,190.302001953125,1565.5596923828125,263.87701416015625,502.4754333496094,115.59830474853516,20851.3359375,384.3768005371094,70.06278228759766
2019-05-28,1277.13232421875,2522.38427734375,70.11000061035156,191.48782348632812,1569.9332275390625,268.64556884765625,505.61468505859375,116.69670867919922,21026.822265625,382.4309997558594,71.34622955322266
2019-05-29,1271.4222412109375,2548.595458984375,69.44999694824219,189.0687255859375,1573.423095703125,257.27435302734375,510.20391845703125,114.2003402709961,21012.396484375,392.6693420410156,69.78927612304688
2019-05-30,1286.7271728515625,2522.515380859375,66.87000274658203,188.3572235107422,1576.427001953125,253.65206909179688,515.4173583984375,112.80238342285156,20817.052734375,382.4309997558594,69.01079559326172
2019-05-31,1317.3367919921875,2552.919677734375,64.48999786376953,186.88677978515625,1580.1822509765625,249.15859985351562,523.503173828125,114.46663665771484,20994.81640625,379.74407958984375,67.55903625488281
2019-06-03,1365.9656982421875,2595.076171875,61.279998779296875,189.16358947753906,1625.41845703125,251.77207946777344,532.07861328125,114.5997543334961,21246.25,386.1835021972656,69.09495544433594
2019-06-04,1330.6292724609375,2588.873046875,61.970001220703125,187.64573669433594,1604.12548828125,251.45118713378906,525.9732055664062,113.56792449951172,20588.642578125,380.948486328125,69.81031036376953
2019-06-05,,,60.630001068115234,,,,,,,,
2019-06-06,1337.2286376953125,2534.922119140625,61.66999816894531,184.84718322753906,1623.695556640625,244.57342529296875,528.2929077148438,112.76908111572266,20023.341796875,374.46270751953125,68.632080078125
2019-06-07,1327.6802978515625,2533.130859375,63.290000915527344,184.7997283935547,1617.5111083984375,240.63014221191406,523.7648315429688,111.5042724609375,20140.703125,369.9226989746094,69.09495544433594
2019-06-10,1331.658447265625,2616.1328125,62.290000915527344,188.07261657714844,1636.7274169921875,244.7109832763672,532.622802734375,109.60704040527344,20207.130859375,372.5169677734375,69.51573181152344
2019-06-11,1334.373291015625,2603.90087890625,62.290000915527344,189.35330200195312,1625.5067138671875,250.6716766357422,529.1875,112.66923522949219,20182.462890625,361.3058166503906,71.26206970214844
2019-06-12,1334.326171875,2618.40478515625,59.970001220703125,189.0687255859375,1631.95654296875,248.74586486816406,532.4908447265625,113.734375,19953.08203125,362.6493225097656,71.5776596069336
2019-06-13,1345.29052734375,2607.6142578125,61.310001373291016,189.40074157714844,1630.5426025390625,251.5887451171875,528.7686767578125,112.46955108642578,20161.099609375,361.1204833984375,70.88333892822266
2019-06-14,1329.5738525390625,2589.7470703125,62.0099983215332,188.07261657714844,1610.6192626953125,248.74586486816406,523.0889282226562,112.70254516601562,19872.669921875,363.71484375,71.34622955322266
2019-06-17,1319.409423828125,2533.04345703125,60.939998626708984,183.66134643554688,1606.2901611328125,238.61268615722656,522.7178344726562,109.44059753417969,19414.783203125,354.7736511230469,69.0318374633789
2019-06-18,1298.799072265625,2505.128662109375,62.13999938964844,180.19869995117188,1598.82421875,241.68475341796875,521.6592407226562,110.60558319091797,19946.04296875,350.6505126953125,70.7360610961914
2019-06-19,1299.8343505859375,2512.511474609375,61.81999969482422,180.2935791015625,1600.6796875,238.93360900878906,528.6754150390625,111.4044189453125,19848.685546875,347.6392822265625,70.90437316894531
2019-06-20,1310.0924072265625,2476.121826171875,64.44999694824219,184.3253936767578,1606.33056640625,246.91183471679688,533.5175170898438,114.4999008178711,20587.72265625,361.8154296875,72.37715911865234
2019-06-21,1301.5753173828125,2469.7001953125,65.19999694824219,187.50343322753906,1572.1580810546875,244.98606872558594,528.18359375,113.80091094970703,20543.873046875,354.6809997558594,72.54549407958984
2019-06-24,1295.128662109375,2429.33544921875,64.86000061035156,188.02516174316406,1570.2003173828125,236.41175842285156,533.2420654296875,109.97313690185547,20472.88671875,355.2832946777344,70.88333892822266
2019-06-25,1282.846923828125,2453.099365234375,65.05000305175781,192.10443115234375,1563.0810546875,244.89437866210938,532.9618530273438,110.63885498046875,20966.173828125,357.414306640625,71.68285369873047
2019-06-26,1279.88232421875,2387.746337890625,66.48999786376953,197.65411376953125,1567.130126953125,254.15643310546875,537.3623657226562,111.53758239746094,21229.2109375,370.1080322265625,74.83885955810547
2019-06-27,1281.2467041015625,2381.630615234375,66.55000305175781,195.5196533203125,1579.0550537109375,254.33982849121094,537.3783569335938,113.56792449951172,21256.203125,373.2118835449219,74.41803741455078
2019-06-28,1278.1883544921875,2397.1826171875,66.55000305175781,196.42086791992188,1590.8017578125,253.65206909179688,542.3751831054688,111.67070007324219,21191.037109375,371.4977722167969,73.36605072021484
2019-07-01,1274.1416015625,2391.809326171875,65.05999755859375,198.17588806152344,1584.216552734375,252.87255859375,540.378662109375,107.17723846435547,20849.443359375,375.57452392578125,73.23981475830078
2019-07-02,1266.5185546875,2419.50537109375,62.400001525878906,198.602783203125,1592.2255859375,253.2393341064453,544.7542114257812,110.27273559570312,20929.900390625,366.4944152832031,73.49227905273438
2019-07-03,1272.400390625,2441.741455078125,63.81999969482422,197.98617553710938,1588.2208251953125,254.38568115234375,538.1204223632812,110.70543670654297,20866.677734375,366.6334228515625,72.6717300415039
2019-07-04,1279.6473388671875,2482.5,,196.27854919433594,1596.14111328125,252.2306365966797,541.0935668945312,111.23799896240234,20981.71484375,363.2978820800781,71.97742462158203
2019-07-05,1278.7060546875,2468.083251953125,64.2300033569336,188.6892547607422,1594.18359375,244.52757263183594,544.3921508789062,107.51007843017578,20749.365234375,347.68560791015625,68.8635025024414
2019-07-08,1261.34228515625,2429.902587890625,64.11000061035156,187.4560089111328,1560.500244140625,244.24813842773438,537.3145751953125,101.45222473144531,20214.26953125,339.85626220703125,68.14815521240234
2019-07-09,1243.2255859375,2413.7392578125,64.16000366210938,187.74058532714844,1548.66455078125,244.34132385253906,532.10595703125,102.1179428100586,20593.744140625,358.0165710449219,67.95880126953125
2019-07-10,1245.0609130859375,2419.76806640625,67.01000213623047,183.708740234375,1529.39794921875,237.40267944335938,525.8865966796875,100.95296478271484,20587.72265625,363.3905334472656,67.32759094238281
2019-07-11,1254.00146484375,2415.92333984375,66.5199966430664,188.26235961914062,1540.34375,248.95147705078125,523.8992919921875,101.91822814941406,20818.076171875,368.9034423828125,68.8635025024414
2019-07-12,1281.7646484375,2429.42236328125,66.72000122070312,188.6417999267578,1524.592529296875,249.5102996826172,531.427490234375,99.65484619140625,20738.53515625,377.7519226074219,70.54668426513672
2019-07-15,1273.4827880859375,2423.30615234375,66.4800033569336,189.8750762939453,1527.9296875,252.3509521484375,522.8817138671875,100.32054138183594,20845.3125,391.8817443847656,70.16798400878906
2019-07-16,1291.50537109375,2400.196533203125,64.3499984741211,188.87899780273438,1549.59912109375,255.0984649658203,533.0894775390625,101.35242462158203,20939.7109375,401.471435546875,70.23111724853516
2019-07-17,1313.7159423828125,2444.449951171875,63.65999984741211,193.00567626953125,1566.8631591796875,253.2357177734375,532.4861450195312,99.7879867553711,20888.435546875,398.4601745605469,70.96749114990234
2019-07-18,1303.410400390625,2464.589111328125,61.93000030517578,190.25453186035156,1547.685791015625,247.83387756347656,527.9946899414062,95.46095275878906,20802.77734375,394.89300537109375,68.61103820800781
2019-07-19,1288.4935302734375,2401.944091796875,62.470001220703125,185.9381103515625,1531.0,241.26779174804688,525.7318115234375,95.79380798339844,20535.5234375,390.3992919921875,67.85359954833984
2019-07-22,1321.52734375,2389.14453125,63.2599983215332,192.0095672607422,1495.67041015625,246.2505645751953,514.6976928710938,97.62447357177734,20335.611328125,398.6455078125,70.37838745117188
2019-07-23,1345.1964111328125,2385.387451171875,63.83000183105469,192.6736602783203,1506.927978515625,245.22605895996094,522.2579345703125,96.25981140136719,20159.591796875,398.6455078125,70.7360610961914
2019-07-24,1396.0643310546875,2307.845947265625,63.18000030517578,187.1239471435547,1538.341796875,237.72866821289062,522.6746215820312,95.59412384033203,20078.83984375,394.29071044921875,69.45262145996094
2019-07-25,1407.78125,2334.144775390625,63.38999938964844,186.6496124267578,1545.4608154296875,231.58169555664062,523.3619384765625,95.76054382324219,20578.0078125,405.03863525390625,72.14573669433594
2019-07-26,1436.57958984375,2331.43603515625,63.459999084472656,187.83546447753906,1540.1212158203125,232.55960083007812,529.201171875,94.4624252319336,20812.78125,407.6330261230469,69.0528793334961
2019-07-29,1424.156982421875,2334.800048828125,63.709999084472656,183.3292999267578,1524.6815185546875,224.82937622070312,529.0645751953125,93.43059539794922,20486.626953125,399.38671875,65.49710845947266
2019-07-30,1419.921630859375,2286.52783203125,64.72000122070312,180.3410186767578,1530.554931640625,214.44473266601562,525.25390625,92.36548614501953,20169.3046875,380.2073059082031,63.372108459472656
2019-07-31,1431.5445556640625,2275.999755859375,65.16999816894531,180.7678985595703,1536.5618896484375,221.1505126953125,531.5982055664062,92.43205261230469,19615.357421875,395.4026184082031,64.84490203857422
2019-08-01,1416.1102294921875,2285.57763671875,60.5,173.3683319091797,1540.6998291015625,209.78797912597656,525.7295532226562,91.13394165039062,19457.279296875,393.8738708496094,61.204986572265625
2019-08-02,1454.2255859375,2279.866455078125,61.88999938964844,171.13897705078125,1546.1727294921875,209.69480895996094,519.5603637695312,89.43640899658203,19456.740234375,389.75067138671875,60.17403793334961
2019-08-05,1435.591552734375,2265.762451171875,59.810001373291016,166.72767639160156,1549.5098876953125,202.7562255859375,533.2784423828125,87.4060287475586,19421.236328125,386.5078125,59.20620346069336
2019-08-06,1473.6600341796875,2241.332763671875,58.939998626708984,171.42356872558594,1552.090576171875,202.61654663085938,538.958251953125,87.50588989257812,19656.408203125,387.48065185546875,59.248291015625
2019-08-07,1467.4012451171875,2232.544921875,56.22999954223633,167.34429931640625,1581.5911865234375,197.6803436279297,536.2218627929688,86.87346649169922,19631.501953125,390.12127685546875,57.501976013183594
2019-08-08,1473.7069091796875,2265.103271484375,57.380001068115234,171.75559997558594,1604.595458984375,206.4816436767578,539.0811157226562,87.10647583007812,19562.53515625,395.1246643066406,58.364620208740234
2019-08-09,1482.74169921875,2274.3740234375,58.529998779296875,167.15457153320312,1638.6346435546875,205.45716857910156,555.5745849609375,87.17304229736328,19718.224609375,391.00146484375,59.542850494384766
2019-08-12,,,58.56999969482422,,,,,,,,
2019-08-13,1480.71826171875,2207.3681640625,61.29999923706055,167.2020263671875,1623.8619384765625,205.0380401611328,550.94921875,85.04281616210938,19162.52734375,406.98443603515625,58.80644989013672
2019-08-14,1477.283447265625,2178.369140625,59.47999954223633,172.50320434570312,1636.587890625,212.1163330078125,557.5782470703125,84.44368743896484,19141.076171875,386.5078125,61.66788101196289
2019-08-15,,,58.22999954223633,,,,,,,,
2019-08-16,1503.399169921875,2196.427490234375,58.63999938964844,171.73904418945312,1627.332275390625,211.55752563476562,556.0887451171875,85.14266204833984,18945.697265625,384.2377624511719,60.763160705566406
2019-08-19,1493.0469970703125,2177.929443359375,59.7400016784668,173.02853393554688,1620.4356689453125,210.67274475097656,558.9701538085938,84.07755279541016,18881.29296875,394.7077331542969,60.72108459472656
2019-08-20,1501.23486328125,2103.322509765625,60.029998779296875,171.35699462890625,1640.4588623046875,209.41543579101562,554.4859619140625,83.24542999267578,18491.0703125,392.51617431640625,59.92156982421875
2019-08-21,1495.588134765625,2095.41357421875,60.29999923706055,169.1123504638672,1646.33203125,203.9669952392578,583.406005859375,80.6824951171875,18192.859375,388.8791809082031,58.89061737060547
2019-08-22,1477.75390625,2144.84423828125,59.91999816894531,168.634765625,1665.999267578125,202.10426330566406,577.6572875976562,78.33804321289062,17937.1171875,386.59442138671875,54.30392074584961
2019-08-23,1487.3531494140625,2167.60400390625,59.34000015258789,172.16888427734375,1655.2313232421875,205.5037078857422,576.2050170898438,81.88821411132812,17908.2265625,398.9508361816406,57.81757354736328
2019-08-26,1503.4935302734375,2226.6572265625,58.70000076293945,170.73614501953125,1669.9591064453125,199.4033660888672,574.0138549804688,82.89297485351562,18269.904296875,391.0706787109375,56.828712463378906
2019-08-27,1505.281494140625,2360.2734375,59.5099983215332,173.07630920410156,1656.4771728515625,198.7513885498047,577.7661743164062,84.13216400146484,18547.779296875,388.6460266113281,58.11214065551758
2019-08-28,1508.763916015625,2375.388427734375,60.4900016784668,170.4018096923828,1626.84326171875,191.62652587890625,579.8529663085938,81.18486785888672,18589.99609375,385.2421875,55.69255828857422
2019-08-29,1520.151611328125,2352.3203125,61.08000183105469,171.6435546875,1631.1590576171875,197.40093994140625,589.09228515625,82.55804443359375,18015.86328125,405.33892822265625,57.12325668334961
2019-08-30,1521.04541015625,2374.114013671875,60.43000030517578,176.18057250976562,1674.7200927734375,202.52340698242188,596.4276123046875,81.18486785888672,18068.201171875,420.02679443359375,58.55397415161133
2019-09-03,1483.918212890625,2379.5625,58.2599983215332,170.4018096923828,1639.079833984375,195.72447204589844,587.8924560546875,78.47200775146484,17325.583984375,409.72198486328125,56.44997024536133
2019-09-04,1444.7677001953125,2315.939453125,60.70000076293945,173.50611877441406,1643.3065185546875,200.0552978515625,578.1551513671875,79.71121978759766,17229.033203125,397.69195556640625,57.52302932739258
2019-09-05,1430.2742919921875,2353.902099609375,60.95000076293945,176.32386779785156,1628.3115234375,201.40576171875,584.2423095703125,83.83074188232422,17123.583984375,402.68115234375,58.617095947265625
2019-09-06,1442.1795654296875,2344.543212890625,61.540000915527344,179.95352172851562,1618.87841796875,202.98907470703125,584.3255615234375,85.70631408691406,17384.04296875,396.4329833984375,59.66908645629883
2019-09-09,1449.8966064453125,2357.461181640625,62.59000015258789,180.765380859375,1632.1380615234375,204.43267822265625,594.6279296875,86.67759704589844,17576.556640625,399.8834533691406,59.43763732910156
2019-09-10,,,62.380001068115234,,,,,,,,
2019-09-11,1469.51904296875,2343.13720703125,60.810001373291016,184.77711486816406,1623.4615478515625,212.06980895996094,591.04248046875,84.23265075683594,17987.021484375,393.7284851074219,61.56267547607422
2019-09-12,1449.6142578125,2352.452392578125,60.380001068115234,188.26345825195312,1606.6422119140625,206.80763244628906,581.6827392578125,84.33313751220703,18076.224609375,398.9508361816406,61.204986572265625
2019-09-13,1457.049072265625,2350.343017578125,60.220001220703125,191.36776733398438,1606.7755126953125,210.67274475097656,587.8160400390625,86.30917358398438,18286.732421875,394.334716796875,62.825069427490234
2019-09-16,1431.7327880859375,2385.888916015625,69.0199966430664,191.4154815673828,1616.3421630859375,210.1605224609375,594.8410034179688,87.54837799072266,18382.6484375,398.0183410644531,62.55154800415039
2019-09-17,1440.767578125,2366.029296875,64.55000305175781,189.07534790039062,1629.601806640625,201.3592071533203,591.2880859375,86.87853240966797,18184.59375,392.28302001953125,61.183963775634766
2019-09-18,1456.625732421875,2296.95849609375,63.599998474121094,189.12310791015625,1627.82177734375,206.20225524902344,596.1404418945312,85.06995391845703,18178.509765625,388.69268798828125,62.993377685546875
2019-09-19,1462.4134521484375,2303.944580078125,64.4000015258789,187.16500854492188,1613.1829833984375,204.47923278808594,588.0755004882812,83.26138305664062,17439.103515625,383.42364501953125,61.49954605102539
2019-09-20,1572.6190185546875,2519.41748046875,64.27999877929688,193.0870361328125,1752.89892578125,221.7559051513672,625.3428955078125,89.49091339111328,18726.087890625,385.8017272949219,66.88574981689453
2019-09-23,1696.612548828125,2683.43896484375,64.7699966430664,191.03341674804688,1815.1923828125,226.97149658203125,635.2468872070312,91.29948425292969,19376.103515625,381.8383483886719,66.44393157958984
2019-09-24,1661.931884765625,2706.77001953125,63.099998474121094,188.93206787109375,1824.7142333984375,217.3319549560547,622.160400390625,89.42393493652344,19388.455078125,382.0248107910156,67.30656433105469
2019-09-25,1648.662109375,2667.928955078125,62.38999938964844,181.38623046875,1825.6488037109375,218.30990600585938,623.4482421875,88.05076599121094,18927.74609375,379.3204040527344,65.72857666015625
2019-09-26,1666.6844482421875,2717.8427734375,62.7400016784668,187.16500854492188,1810.4315185546875,219.2877960205078,645.5031127929688,91.80188751220703,18837.86328125,384.169677734375,69.89446258544922
2019-09-27,1671.7197265625,2649.562744140625,61.90999984741211,182.150390625,1789.5186767578125,216.26087951660156,636.5300903320312,88.0842514038086,18799.1484375,374.61102294921875,66.17040252685547
2019-09-30,1658.4027099609375,2587.214111328125,60.779998779296875,182.771240234375,1763.755615234375,214.16534423828125,643.420654296875,88.28520202636719,18373.990234375,363.18707275390625,64.86593627929688
2019-10-01,1662.1202392578125,2565.596435546875,58.88999938964844,181.24295043945312,1771.186279296875,207.366455078125,633.7808227539062,85.87377166748047,18087.607421875,360.4826354980469,63.66667556762695
2019-10-02,,,57.689998626708984,,,,,,,,
2019-10-03,1645.97998046875,2551.009033203125,57.709999084472656,174.41351318359375,1746.0462646484375,206.34194946289062,635.0916137695312,85.8067855834961,17762.55078125,361.9747009277344,60.763160705566406
2019-10-04,1622.875244140625,2500.21630859375,58.369998931884766,173.93594360351562,1730.16162109375,199.9156036376953,622.6375732421875,86.7780532836914,17634.828125,360.016357421875,60.300296783447266
2019-10-07,1623.5810546875,2595.298828125,58.349998474121094,174.12696838378906,1726.46826171875,193.72207641601562,630.1582641601562,84.7685317993164,17341.044921875,354.2810974121094,60.02676010131836
2019-10-08,,,58.2400016784668,,,,,,,,
2019-10-09,1669.037353515625,2687.701171875,58.31999969482422,177.70884704589844,1733.5430908203125,198.1925811767578,641.9683837890625,84.29964447021484,17979.62890625,358.0579528808594,61.31020736694336
2019-10-10,1673.88427734375,2669.466552734375,59.099998474121094,174.0792236328125,1752.0086669921875,199.07736206054688,640.1875,84.06520080566406,17771.451171875,360.9488525390625,59.39557647705078
2019-10-11,1684.8480224609375,2708.307861328125,60.5099983215332,178.8072967529297,1783.9566650390625,202.3371124267578,650.033447265625,86.40963745117188,17874.37109375,360.24945068359375,61.87828063964844
2019-10-14,1692.8009033203125,2732.650146484375,59.349998474121094,180.2400665283203,1792.499755859375,206.24879455566406,656.361328125,90.5961685180664,18186.681640625,368.036376953125,62.19387435913086
2019-10-15,1696.9417724609375,2795.437255859375,58.7400016784668,183.91744995117188,1837.12841796875,204.57235717773438,652.5535888671875,92.87361145019531,18078.8515625,370.0413818359375,64.59242248535156
2019-10-16,1661.74365234375,2791.61474609375,59.41999816894531,179.52366638183594,1843.0020751953125,205.17774963378906,664.8153076171875,94.88314056396484,18089.650390625,372.74591064453125,63.077545166015625
2019-10-17,1705.5999755859375,2854.094970703125,59.90999984741211,180.33554077148438,1872.235595703125,207.6458282470703,672.4750366210938,94.7156753540039,17695.1875,374.4244384765625,62.404273986816406
2019-10-18,1709.7879638671875,2858.049072265625,59.41999816894531,178.99832153320312,1874.9051513671875,208.01841735839844,687.233642578125,96.1223373413086,18171.267578125,374.56427001953125,63.22481918334961
2019-10-21,,,58.959999084472656,,,,,,,,
2019-10-22,1675.389892578125,2854.2705078125,59.70000076293945,177.42230224609375,1893.148681640625,204.6189422607422,695.78271484375,96.62471008300781,18984.36328125,378.1080322265625,62.761940002441406
2019-10-23,1663.34375,2895.264892578125,61.16999816894531,176.80145263671875,1908.2662353515625,207.41299438476562,694.0687866210938,95.05059814453125,19226.923828125,377.87493896484375,61.541622161865234
2019-10-24,1685.0836181640625,2885.6865234375,61.66999816894531,173.21957397460938,1908.3555908203125,207.55271911621094,679.38427734375,94.24679565429688,19752.275390625,378.57440185546875,61.31020736694336
2019-10-25,1690.542236328125,2871.01123046875,62.02000045776367,173.60165405273438,1918.8662109375,202.43026733398438,685.7468872070312,93.47647857666016,19582.767578125,389.34552001953125,59.83741760253906
2019-10-27,1687.0599365234375,2863.9814453125,,173.93594360351562,1914.08056640625,204.29296875,686.2122192382812,93.67742919921875,19643.7109375,389.5785827636719,60.86835861206055
2019-10-28,,,61.56999969482422,,,,,,,,
2019-10-29,1707.43505859375,2946.057373046875,61.59000015258789,176.0373077392578,1932.3736572265625,218.17018127441406,680.9476318359375,95.21804809570312,19787.341796875,393.4954528808594,62.90922927856445
2019-10-30,1717.2408447265625,2891.222900390625,60.61000061035156,178.8072967529297,1940.6033935546875,218.30990600585938,693.36474609375,94.14632415771484,19695.8046875,400.6760559082031,63.161712646484375
2019-10-31,1706.209716796875,2870.572021484375,60.22999954223633,179.4759063720703,1945.92626953125,212.34921264648438,692.401123046875,94.91663360595703,19361.271484375,404.1732177734375,62.425296783447266
2019-11-01,1665.4306640625,2872.285400390625,61.689998626708984,185.0636444091797,1949.5040283203125,221.29022216796875,692.9942016601562,96.5577392578125,19459.12890625,408.0433654785156,64.4030532836914
2019-11-04,1683.8638916015625,2847.06494140625,62.130001068115234,189.07534790039062,1930.5401611328125,233.02529907226562,686.2100219726562,98.7347412109375,19559.126953125,408.4164123535156,66.31768798828125
2019-11-05,1691.359375,2839.94677734375,62.959999084472656,189.69619750976562,1943.0635986328125,229.16017150878906,678.6522827148438,98.0313949584961,19289.521484375,400.9092712402344,66.27561950683594
2019-11-06,1694.895263671875,2836.519775390625,61.7400016784668,192.46620178222656,1949.593505859375,231.2091522216797,678.626708984375,96.89266967773438,19261.994140625,399.0440673828125,66.46495819091797
2019-11-07,1722.5682373046875,2832.960693359375,62.290000915527344,196.00030517578125,1912.7388916015625,235.30714416503906,681.4802856445312,95.15106964111328,19495.216796875,410.8876953125,67.72737121582031
2019-11-08,1692.30224609375,2775.1376953125,62.5099983215332,194.71083068847656,1866.35693359375,232.83905029296875,670.3650512695312,92.63916778564453,19441.908203125,393.6352844238281,65.43400573730469
2019-11-11,1672.596435546875,2741.349365234375,62.18000030517578,191.1767120361328,1861.8397216796875,234.60858154296875,653.556396484375,93.175048828125,19245.458984375,393.0291442871094,64.25578308105469
2019-11-12,,,62.060001373291016,,,,,,,,
2019-11-13,1669.2962646484375,2873.33984375,62.369998931884766,184.49053955078125,1870.4720458984375,231.67483520507812,659.3375244140625,92.57218170166016,19206.935546875,384.21630859375,62.44634246826172
2019-11-14,1670.6162109375,2839.112060546875,62.279998779296875,180.0489959716797,1850.8370361328125,228.8807830810547,659.2495727539062,91.23250579833984,19135.046875,382.53778076171875,60.5948486328125
2019-11-15,1660.103515625,2808.135498046875,63.29999923706055,179.3326416015625,1840.68408203125,227.9494171142578,662.2236938476562,90.797119140625,19000.0703125,387.0606384277344,59.795326232910156
2019-11-18,1639.6431884765625,2760.11083984375,62.439998626708984,184.9203643798828,1839.3421630859375,232.46649169921875,652.49560546875,89.69186401367188,19328.435546875,395.9200134277344,60.34235763549805
2019-11-19,1623.0015869140625,2742.052734375,60.90999984741211,183.72640991210938,1822.8380126953125,230.88319396972656,653.9570922851562,89.25648498535156,19462.193359375,397.1791076660156,59.627017974853516
2019-11-20,1625.0286865234375,2738.493408203125,62.400001525878906,182.1981658935547,1812.7745361328125,231.6282501220703,659.1243286132812,89.55789184570312,19737.630859375,419.6537780761719,59.52180480957031
2019-11-21,1622.05859375,2700.135498046875,63.970001220703125,180.14451599121094,1832.58837890625,228.41510009765625,656.8453369140625,87.84980773925781,19742.255859375,416.9959716796875,58.51188659667969
2019-11-22,1586.6072998046875,2656.19677734375,63.38999938964844,181.72056579589844,1814.4296875,234.0032501220703,656.4771118164062,89.65837860107422,19745.173828125,421.6122131347656,59.858455657958984
2019-11-25,1612.9599609375,2671.970947265625,63.650001525878906,190.31707763671875,1844.8883056640625,242.29232788085938,671.0830078125,87.7158432006836,20019.54296875,428.0002746582031,61.49954605102539
2019-11-26,1612.5831298828125,2684.8447265625,64.2699966430664,189.7917022705078,1841.2657470703125,235.86593627929688,672.8247680664062,87.24693298339844,20467.119140625,420.3531799316406,61.05773162841797
2019-11-27,1617.344482421875,2716.348876953125,64.05999755859375,193.89895629882812,1872.484619140625,235.58653259277344,674.5989990234375,88.85455322265625,20757.10546875,427.81378173828125,61.83620071411133
2019-11-28,1616.6373291015625,2722.631591796875,,194.94964599609375,1867.0281982421875,245.83145141601562,679.0853881835938,89.1894760131836,20608.705078125,426.5082092285156,62.02556228637695
2019-11-29,1608.670166015625,2686.99755859375,62.43000030517578,191.1767120361328,1820.646484375,243.59619140625,669.561279296875,88.251708984375,20425.0,419.51397705078125,60.847312927246094
2019-12-02,1638.936279296875,2703.9580078125,60.91999816894531,191.79759216308594,1827.7132568359375,249.69659423828125,674.364990234375,85.8067855834961,20348.587890625,410.32818603515625,60.88939666748047
2019-12-03,1637.2388916015625,2678.7373046875,60.81999969482422,187.21275329589844,1814.5186767578125,239.59136962890625,664.907958984375,85.50536346435547,19962.443359375,404.3597412109375,58.78540802001953
2019-12-04,1622.0118408203125,2679.572021484375,63.0,192.08412170410156,1832.0069580078125,241.96629333496094,662.7192993164062,87.11297607421875,19880.486328125,413.77862548828125,60.67900085449219
2019-12-05,1617.81591796875,2709.142333984375,63.38999938964844,189.64845275878906,1822.5694580078125,234.1894989013672,661.9501953125,86.3426513671875,19837.443359375,407.2507019042969,59.96363830566406
2019-12-06,1618.5701904296875,2697.455078125,64.38999938964844,189.07534790039062,1812.3720703125,236.6575927734375,656.2361450195312,84.7685317993164,19751.984375,399.69696044921875,59.732215881347656
2019-12-09,1627.7159423828125,2687.61279296875,64.25,189.9349822998047,1796.35986328125,241.08152770996094,659.302734375,84.60108184814453,19767.98828125,398.204833984375,60.00572967529297
2019-12-10,1615.270263671875,2688.447998046875,64.33999633789062,190.17379760742188,1811.7457275390625,233.77040100097656,655.31298828125,83.8642349243164,19559.275390625,398.8110046386719,59.26933670043945
2019-12-11,1638.888916015625,2672.322265625,63.720001220703125,187.78587341308594,1798.417236328125,232.79246520996094,654.1176147460938,85.73979187011719,19426.005859375,400.8160095214844,58.28044509887695
2019-12-12,1650.6275634765625,2700.926513671875,64.19999694824219,192.41842651367188,1795.6441650390625,238.0546417236328,658.2542114257812,84.33313751220703,19539.234375,404.8727111816406,60.5948486328125
2019-12-13,1644.3104248046875,2684.097900390625,65.22000122070312,198.91355895996094,1794.615478515625,239.91734313964844,665.073974609375,84.73503112792969,19829.02734375,409.6287536621094,62.86714553833008
2019-12-16,1632.524658203125,2681.02197265625,65.33999633789062,197.38526916503906,1766.4822998046875,235.7262420654297,658.1007690429688,84.13216400146484,19749.50390625,405.80523681640625,61.92035675048828
2019-12-17,1645.6776123046875,2699.5205078125,66.0999984741211,204.1192169189453,1754.495361328125,241.17469787597656,657.9845581054688,83.93122863769531,20035.20703125,400.1165771484375,64.1084976196289
2019-12-18,1676.83935546875,2723.466552734375,66.16999816894531,204.0714874267578,1725.1549072265625,246.2505645751953,659.935302734375,83.79725646972656,19785.15625,410.0950012207031,64.2978744506836
2019-12-19,1700.0809326171875,2735.373779296875,66.54000091552734,206.60264587402344,1745.3267822265625,246.669677734375,664.320556640625,84.19915771484375,19763.65625,404.3597412109375,62.84612274169922
2019-12-20,1696.4508056640625,2743.7216796875,66.13999938964844,205.83853149414062,1738.17041015625,246.5299835205078,690.9599609375,83.83074188232422,19993.81640625,401.2823181152344,60.70003890991211
2019-12-23,1704.27685546875,2716.963623046875,66.38999938964844,205.5041961669922,1744.7005615234375,245.59861755371094,675.8115234375,83.49581909179688,19746.099609375,399.5104064941406,62.17283630371094
2019-12-24,1700.4111328125,2716.3046875,67.19999694824219,206.55490112304688,1741.1221923828125,248.43922424316406,678.2994995117188,84.40011596679688,19717.544921875,400.8160095214844,62.2990608215332
2019-12-26,1706.209716796875,2691.0400390625,67.91999816894531,205.36093139648438,1739.8250732421875,250.6745147705078,678.9155883789062,85.73979187011719,19780.923828125,393.681884765625,63.4141845703125
2019-12-27,1708.708251953125,2673.289306640625,68.16000366210938,205.79075622558594,1744.253173828125,250.44166564941406,681.9339599609375,86.00773620605469,19947.8984375,397.2723083496094,63.856014251708984
2019-12-30,1699.32666015625,2677.902587890625,68.44000244140625,208.17868041992188,1732.9373779296875,252.49066162109375,690.664794921875,85.70631408691406,19939.38671875,401.1424255371094,65.01322174072266
2019-12-31,1682.9677734375,2660.722900390625,66.0,206.45938110351562,1720.190185546875,251.5126953125,687.5700073242188,86.27566528320312,19809.61328125,403.3805847167969,64.15057373046875
2020-01-01,1690.746337890625,2671.13623046875,,204.6923370361328,1732.3109130859375,249.69659423828125,687.2770385742188,85.37139129638672,19766.771484375,405.01251220703125,65.0552978515625
2020-01-02,1688.34228515625,2683.21923828125,66.25,210.28004455566406,1733.65283203125,257.4734191894531,684.9658813476562,85.77328491210938,20654.18359375,405.6187438964844,67.09615325927734
2020-01-03,1651.334716796875,2670.389404296875,68.5999984741211,206.74594116210938,1724.1710205078125,253.74803161621094,678.6529541015625,86.04122924804688,20547.275390625,414.61798095703125,66.38081359863281
2020-01-06,1609.613037109375,2655.670166015625,68.91000366210938,199.91651916503906,1713.4364013671875,246.11085510253906,670.4241943359375,84.56757354736328,20491.00390625,410.28155517578125,63.351078033447266
2020-01-07,1625.8773193359375,2668.456298828125,68.2699966430664,199.48667907714844,1718.1329345703125,247.0421905517578,664.5693359375,84.23265075683594,21365.291015625,416.2965393066406,65.64441680908203
2020-01-08,1630.026123046875,2657.031982421875,65.44000244140625,198.1016845703125,1725.87060546875,244.4810028076172,669.242919921875,82.6920166015625,21830.421875,410.42138671875,66.21249389648438
2020-01-09,1671.2764892578125,2637.260009765625,65.37000274658203,201.30149841308594,1730.9693603515625,259.0101623535156,680.9712524414062,82.85948944091797,22193.513671875,410.1883239746094,66.54912567138672
2020-01-10,1690.133544921875,2627.28564453125,64.9800033569336,202.01788330078125,1747.9207763671875,258.8238830566406,682.9429931640625,83.1609115600586,22709.908203125,413.6854248046875,67.30656433105469
2020-01-13,1701.7779541015625,2675.925537109375,64.19999694824219,201.73130798339844,1784.4625244140625,259.4757995605469,681.6594848632812,84.03169250488281,23180.541015625,414.61798095703125,67.51696014404297
2020-01-14,1715.2139892578125,2728.6953125,64.48999786376953,202.44769287109375,1796.9415283203125,261.6179504394531,691.44140625,83.7637710571289,22918.671875,415.9235534667969,69.43158721923828
2020-01-15,1736.9940185546875,2736.648193359375,64.0,204.0714874267578,1808.43603515625,263.1081237792969,691.05078125,83.49581909179688,23082.630859375,418.76788330078125,69.28430938720703
2020-01-16,1730.2996826171875,2768.327392578125,64.62000274658203,200.25079345703125,1833.1251220703125,258.40478515625,714.0560302734375,83.39534759521484,22656.845703125,418.76788330078125,68.27439880371094
2020-01-17,1725.4913330078125,2745.655029296875,64.8499984741211,200.6328582763672,1843.010009765625,254.586181640625,717.9878540039062,83.99820709228516,22690.939453125,423.9435729980469,67.11720275878906
2020-01-20,1743.12255859375,2733.352783203125,,198.00616455078125,1845.2911376953125,252.7235107421875,716.9555053710938,82.32360076904297,22503.388671875,419.1408996582031,66.02313232421875
2020-01-21,1707.2939453125,2734.05615234375,64.58999633789062,195.9525604248047,1838.62646484375,248.90493774414062,710.6077880859375,82.22312927246094,22328.677734375,417.2290954589844,64.76073455810547
2020-01-22,1677.5938720703125,2729.749755859375,63.209999084472656,194.4720458984375,1835.3167724609375,247.6010284423828,723.0684204101562,77.96961212158203,22390.15625,416.2032775878906,64.46617889404297
2020-01-23,1674.6234130859375,2735.54931640625,62.040000915527344,195.42721557617188,1839.96826171875,248.34613037109375,723.0753784179688,78.90741729736328,22450.8125,419.51397705078125,64.86593627929688
2020-01-24,1684.7125244140625,2805.455078125,60.689998626708984,196.1913299560547,1854.9967041015625,253.2357177734375,732.6853637695312,79.27581787109375,22504.896484375,417.6021728515625,65.60233306884766
2020-01-27,1686.173583984375,2789.3740234375,59.31999969482422,189.36187744140625,1843.948974609375,244.7603759765625,728.5255126953125,78.53899383544922,22956.072265625,418.1616516113281,62.63571548461914
2020-01-28,1677.452392578125,2795.569091796875,59.5099983215332,187.21275329589844,1843.2781982421875,237.72866821289062,716.9276123046875,78.10359954833984,22803.87890625,422.3582458496094,59.83741760253906
2020-01-29,1694.2823486328125,2824.524658203125,59.810001373291016,188.88430786132812,1855.4437255859375,243.31680297851562,737.8589477539062,78.80693054199219,22866.333984375,419.7470703125,59.83741760253906
2020-01-30,1701.872314453125,2821.448486328125,58.290000915527344,184.77711486816406,1841.0418701171875,239.3119659423828,721.77099609375,77.43375396728516,22846.00390625,412.28656005859375,59.3114013671875
2020-01-31,1693.056640625,2812.660888671875,58.15999984741211,180.8609161376953,1819.70703125,233.490966796875,714.2677001953125,72.97930908203125,22380.623046875,405.01251220703125,58.02797317504883
2020-02-03,1760.94287109375,2838.452880859375,54.45000076293945,173.64939880371094,1949.1461181640625,234.23606872558594,758.052978515625,69.295166015625,22634.130859375,389.39208984375,56.44997024536133
2020-02-04,1783.24169921875,2840.606201171875,53.959999084472656,180.765380859375,1928.2591552734375,240.61587524414062,765.242431640625,71.103759765625,23818.8828125,396.94586181640625,58.30149841308594
2020-02-05,1766.458740234375,2861.21240234375,55.279998779296875,187.49932861328125,1932.4632568359375,250.7676239013672,761.9520874023438,71.5391616821289,24215.818359375,397.50543212890625,60.216129302978516
2020-02-06,1750.7130126953125,2857.917724609375,54.93000030517578,185.3024444580078,1928.974365234375,257.4734191894531,757.3065795898438,71.84058380126953,24331.82421875,401.6086730957031,60.53173065185547
2020-02-07,1752.504150390625,2857.214599609375,54.470001220703125,188.55001831054688,1932.1502685546875,260.1277770996094,759.2993774414062,73.18024444580078,24239.845703125,401.7485656738281,60.847312927246094
2020-02-10,1762.6871337890625,2773.02880859375,53.27000045776367,182.29367065429688,1931.568603515625,258.8238830566406,752.0633544921875,71.13723754882812,24282.1640625,391.9566345214844,59.03789520263672
2020-02-11,1770.7957763671875,2754.66259765625,54.0099983215332,184.96812438964844,1925.619873046875,268.9290771484375,743.9227905273438,71.5391616821289,24137.998046875,390.3246154785156,59.22724914550781
2020-02-12,1785.50439453125,2756.5078125,55.790000915527344,184.96812438964844,2021.9615478515625,273.539306640625,757.8994750976562,71.47216033935547,24017.861328125,386.6410217285156,59.56389617919922
2020-02-13,1766.977294921875,2755.10205078125,56.34000015258789,186.49639892578125,2042.580322265625,273.2133483886719,763.2240600585938,70.56787872314453,23946.01953125,390.6976623535156,59.96363830566406
2020-02-14,1769.8057861328125,2721.2255859375,57.31999969482422,185.3024444580078,2017.2205810546875,269.3016052246094,760.6315307617188,69.1947021484375,23768.48828125,390.3246154785156,59.3745231628418
2020-02-17,1773.9073486328125,2710.197021484375,,181.72056579589844,2015.0291748046875,268.3702697753906,771.4203491210938,66.95071411132812,23373.978515625,383.6086730957031,59.795326232910156
2020-02-18,1757.1712646484375,2694.687255859375,57.75,176.08506774902344,1998.748046875,265.250244140625,762.8358764648438,66.51533508300781,23130.00390625,383.843505859375,59.143089294433594
2020-02-19,1777.2073974609375,2708.571044921875,59.119998931884766,179.6669464111328,2050.407470703125,261.5713806152344,780.5630493164062,68.12296295166016,23865.42578125,379.0531005859375,60.02676010131836
2020-02-20,1736.9940185546875,2688.491943359375,59.310001373291016,181.4340057373047,2011.1375732421875,262.45611572265625,769.1439208984375,68.85977935791016,23743.0,380.36810302734375,59.90053176879883
2020-02-21,,,58.5,,,,,,,,
2020-02-24,1715.025146484375,2668.1044921875,56.29999923706055,171.022705078125,1981.5283203125,241.17469787597656,759.73876953125,65.67802429199219,23287.83203125,373.6991271972656,56.050235748291016
2020-02-25,1721.7669677734375,2665.776123046875,54.95000076293945,166.62893676757812,1998.0325927734375,244.5741424560547,761.7499389648438,65.34310150146484,23034.203125,365.2923583984375,55.83983612060547
2020-02-26,1722.2855224609375,2672.630126953125,53.43000030517578,162.28289794921875,2000.3582763671875,242.8976593017578,755.2233276367188,64.17089080810547,22929.740234375,351.95440673828125,54.80888366699219
2020-02-27,1738.455810546875,2659.184814453125,52.18000030517578,160.80239868164062,2017.130859375,234.7948760986328,756.3206787109375,62.52976608276367,23269.21875,364.91668701171875,54.93511199951172
2020-02-28,1695.2252197265625,2610.105712890625,50.52000045776367,148.9105682373047,1945.38916015625,219.5206298828125,733.7711791992188,61.592002868652344,22153.662109375,350.2636413574219,47.970916748046875
2020-03-02,1684.7125244140625,2591.56396484375,51.900001525878906,143.03628540039062,1931.7030029296875,218.8686981201172,749.16845703125,59.68294906616211,22516.248046875,347.070068359375,46.68748092651367
2020-03-03,1704.4970703125,2659.58056640625,51.86000061035156,152.1581268310547,1938.143798828125,229.53269958496094,760.7686767578125,62.52976608276367,23054.822265625,369.6601257324219,50.30634307861328
2020-03-04,1749.36865234375,2691.69921875,51.130001068115234,153.39984130859375,1946.37353515625,228.74107360839844,769.2371215820312,62.161354064941406,22725.36328125,380.8377380371094,50.2221794128418
2020-03-05,1774.4549560546875,2748.028076171875,49.9900016784668,148.5284881591797,1984.077880859375,230.18467712402344,770.8553466796875,62.027381896972656,22539.896484375,380.32110595703125,50.93995666503906
2020-03-06,1777.2947998046875,2707.82421875,45.27000045776367,143.37062072753906,1958.0467529296875,222.40786743164062,764.0194091796875,59.281036376953125,22583.1328125,376.56396484375,48.308128356933594
2020-03-09,1767.54443359375,2633.21728515625,34.36000061035156,137.0187225341797,1897.755126953125,213.32713317871094,745.5133666992188,49.93674087524414,21361.3671875,369.4721984863281,41.282676696777344
2020-03-10,,,37.220001220703125,,,,,,,,
2020-03-11,1782.4068603515625,2678.7373046875,35.790000915527344,131.6220245361328,1927.722412109375,208.1580810546875,746.3131713867188,48.02768325805664,21395.322265625,362.5214538574219,40.021148681640625
2020-03-12,1745.0140380859375,2469.89892578125,33.220001220703125,114.81108856201172,1839.1182861328125,189.25155639648438,723.8519897460938,41.86513900756836,19810.912109375,333.26239013671875,34.735740661621094
2020-03-13,1701.7994384765625,2428.553466796875,33.849998474121094,121.73604583740234,1818.767822265625,200.14842224121094,697.1705932617188,44.142601013183594,20822.005859375,360.87774658203125,36.56279373168945
2020-03-16,1593.5966796875,2380.5732421875,30.049999237060547,110.465087890625,1737.096923828125,173.23223876953125,669.5195922851562,40.2910041809082,19698.09765625,346.17767333984375,32.5606689453125
2020-03-17,1639.2254638671875,2360.361328125,28.729999542236328,110.22628784179688,1792.692138671875,164.33778381347656,676.206787109375,40.19053268432617,19549.02734375,347.68060302734375,32.62593078613281
2020-03-18,1531.875,2198.624755859375,24.8799991607666,104.30424499511719,1720.9058837890625,153.06838989257812,629.5079956054688,45.649742126464844,18853.71875,340.729736328125,31.734153747558594
2020-03-19,1515.7818603515625,2037.107666015625,28.469999313354492,95.27792358398438,1644.423095703125,152.0904541015625,610.1394653320312,40.89385986328125,17326.87109375,338.52239990234375,30.168115615844727
2020-03-20,1649.97021484375,2168.61474609375,26.979999542236328,100.7701416015625,1835.3167724609375,163.68582153320312,657.8147583007812,48.463077545166016,18472.318359375,343.07806396484375,32.821693420410156
2020-03-23,1418.51318359375,1878.6666259765625,27.030000686645508,83.95919036865234,1672.5113525390625,134.48782348632812,601.9710693359375,43.462066650390625,16572.435546875,304.80169677734375,27.253530502319336
2020-03-24,1443.504638671875,2078.013916015625,27.149999618530273,84.77108764648438,1813.9822998046875,137.00250244140625,626.7898559570312,44.97315979003906,16592.56640625,314.80523681640625,27.318777084350586
2020-03-25,1508.1612548828125,2154.20263671875,27.389999389648438,90.31106567382812,1867.922607421875,141.37985229492188,671.70068359375,44.289573669433594,17040.359375,326.5464172363281,27.927791595458984
2020-03-26,1530.691650390625,2274.637451171875,26.34000015258789,90.31106567382812,1963.4139404296875,139.5171661376953,693.8153686523438,46.592201232910156,17153.51953125,317.7640075683594,28.623817443847656
2020-03-27,1518.5745849609375,2222.614501953125,24.93000030517578,87.445556640625,1914.7962646484375,141.05389404296875,702.6022338867188,46.37632751464844,17263.154296875,317.7170715332031,27.73204231262207
2020-03-30,1509.865234375,2173.843505859375,22.760000228881836,84.81884765625,1953.9766845703125,132.6251220703125,728.1814575195312,45.58479309082031,16549.025390625,312.50390625,26.775014877319336
2020-03-31,1577.59814453125,2362.953369140625,22.739999771118164,91.40949249267578,2056.087646484375,136.21084594726562,758.034423828125,49.14667510986328,17145.98828125,330.9141540527344,28.145301818847656
2020-04-01,1517.6749267578125,2253.89892578125,24.739999771118164,87.54106903076172,1949.7720947265625,133.1839141845703,727.9908447265625,47.31177520751953,16172.03515625,322.6952819824219,27.253530502319336
2020-04-02,,,29.940000534057617,,,,,,,,
2020-04-03,1439.7655029296875,2252.49267578125,34.11000061035156,84.81884765625,1926.91748046875,131.0417938232422,702.4185180664062,50.26200866699219,15423.658203125,353.1285095214844,27.318777084350586
2020-04-06,,,33.04999923706055,,,,,,,,
2020-04-07,1537.1763916015625,2490.85791015625,31.8700008392334,99.28961944580078,2187.0478515625,147.24742126464844,792.3561401367188,52.456695556640625,16254.998046875,392.0153503417969,29.037080764770508
2020-04-08,1523.118408203125,2439.054931640625,32.84000015258789,96.32860565185547,2201.315673828125,143.98768615722656,784.5716552734375,53.57202911376953,15697.4169921875,410.1907653808594,30.581375122070312
2020-04-09,1563.256591796875,2462.0341796875,31.479999542236328,102.72824096679688,2122.059814453125,154.88450622558594,783.1043701171875,55.622806549072266,16548.884765625,426.86322021484375,33.408958435058594
2020-04-13,1591.182861328125,2378.06787109375,31.739999771118164,108.69803619384766,2098.980712890625,156.14183044433594,771.9550170898438,54.0037727355957,16906.3359375,434.28375244140625,34.06147003173828
2020-04-14,,,29.600000381469727,,,,,,,,
2020-04-15,1626.540283203125,2493.362060546875,27.690000534057617,109.93974304199219,2225.19970703125,159.6344451904297,805.7144165039062,53.50008010864258,17724.677734375,421.9319763183594,34.19197082519531
2020-04-16,1650.1123046875,2492.878662109375,27.81999969482422,115.1454086303711,2179.17626953125,158.9359130859375,832.191162109375,54.291603088378906,18496.99609375,435.5517272949219,35.975521087646484
2020-04-17,1662.5604248046875,2488.792724609375,28.079999923706055,118.58399963378906,2133.46533203125,165.1294403076172,805.6400756835938,54.90324401855469,18514.435546875,429.3524475097656,36.58454513549805
2020-04-20,1638.13671875,2489.539306640625,25.56999969482422,111.22921752929688,2090.12548828125,156.00213623046875,789.4613037109375,53.24822998046875,18563.443359375,444.6629638671875,35.431766510009766
2020-04-21,1633.92431640625,2516.12255859375,19.329999923706055,102.29840850830078,2072.994384765625,148.64443969726562,791.2727661132812,49.9022216796875,18398.8359375,444.4281311035156,34.12672424316406
2020-04-22,1716.283203125,2594.683837890625,20.3700008392334,103.4446029663086,2134.493408203125,150.13461303710938,820.41650390625,47.02394104003906,18778.669921875,445.5552673339844,33.10444641113281
2020-04-23,1724.4716796875,2590.06982421875,21.329999923706055,106.26234436035156,2073.083984375,148.97042846679688,810.8367919921875,48.463077545166016,18280.89453125,448.4671630859375,33.756961822509766
2020-04-24,1730.05712890625,2690.908203125,21.440000534057617,99.00308227539062,2042.311767578125,142.73033142089844,809.4417114257812,48.64297103881836,18163.333984375,456.0754089355469,33.909217834472656
2020-04-27,1752.587158203125,2848.99853515625,19.989999771118164,103.34909057617188,2075.722900390625,146.50233459472656,834.7744140625,49.25459671020508,18587.826171875,460.1613464355469,34.12672424316406
2020-04-28,1727.0748291015625,2806.7294921875,20.459999084472656,103.87443542480469,2048.43994140625,148.4581756591797,817.0496826171875,49.794281005859375,18435.43359375,445.1795959472656,33.430702209472656
2020-04-29,1673.21044921875,2804.81884765625,22.540000915527344,111.0859603881836,1996.3775634765625,152.8355255126953,813.3316650390625,50.72972869873047,18734.01171875,448.65496826171875,34.43122863769531
2020-04-30,1664.879638671875,2812.771240234375,25.270000457763672,124.36276245117188,1963.50341796875,168.24948120117188,833.5581665039062,57.49369812011719,19316.8515625,436.2562561035156,38.95535659790039
2020-05-01,,,26.440000534057617,,,,,,,,
2020-05-04,1587.348876953125,2748.088134765625,27.200000762939453,110.7038803100586,1863.002685546875,152.32330322265625,811.785400390625,55.083126068115234,18200.03125,437.195556640625,34.779239654541016
2020-05-05,1532.7744140625,2646.62158203125,30.969999313354492,110.7038803100586,1826.192626953125,152.64926147460938,810.16015625,56.4503173828125,18089.611328125,428.60101318359375,34.322479248046875
2020-05-06,1524.727783203125,2654.573486328125,29.719999313354492,113.28282928466797,1798.193359375,154.4188690185547,804.9425048828125,57.02597427368164,18314.26171875,426.8162841796875,34.561737060546875
2020-05-07,1509.250244140625,2590.290283203125,29.459999084472656,112.37541961669922,1781.957763671875,160.37950134277344,797.1832885742188,54.3995361328125,18011.826171875,424.7499084472656,34.170223236083984
2020-05-08,1494.197998046875,2660.748779296875,30.969999313354492,111.8500747680664,1869.08544921875,157.07321166992188,827.8987426757812,54.6873664855957,18305.3203125,440.530029296875,33.66996383666992
2020-05-11,1485.8675537109375,2713.43701171875,29.6299991607666,114.38127899169922,1832.0069580078125,162.56822204589844,816.6984252929688,55.44291687011719,18483.3125,435.6927185058594,34.626991271972656
2020-05-12,1442.0848388671875,2760.83837890625,29.979999542236328,115.67074584960938,1799.4012451171875,165.96768188476562,812.0411376953125,54.90324401855469,18690.771484375,435.7395935058594,38.737857818603516
2020-05-13,1479.9036865234375,2736.182373046875,29.190000534057617,118.01090240478516,1785.267578125,169.83277893066406,767.8815307617188,56.270423889160156,19312.310546875,424.8907470703125,39.25987243652344
2020-05-14,1441.1856689453125,2770.967041015625,31.1299991607666,111.94559478759766,1794.481201171875,163.17356872558594,755.3325805664062,54.7952995300293,18870.181640625,428.2722473144531,38.7813606262207
2020-05-15,1470.105712890625,2777.142333984375,32.5,113.90370178222656,1817.783935546875,162.33538818359375,764.693603515625,54.7952995300293,18742.85546875,421.3683776855469,40.43439865112305
2020-05-18,1421.02197265625,2762.837158203125,34.810001373291016,110.17852783203125,1793.765625,152.0438995361328,755.2326049804688,52.456695556640625,17738.505859375,413.9479675292969,40.238643646240234
2020-05-19,1423.719970703125,2757.90625,34.650001525878906,112.04110717773438,1767.1981201171875,157.6785888671875,751.044921875,55.51487731933594,17922.267578125,414.88726806640625,39.151119232177734
2020-05-20,1420.028076171875,2779.096923828125,35.75,115.38420104980469,1780.88427734375,159.3084716796875,758.16455078125,56.12650680541992,18968.728515625,428.0843505859375,38.52035140991211
2020-05-21,1490.31689453125,2764.0810546875,36.060001373291016,123.69415283203125,1763.038330078125,158.23739624023438,757.7949829101562,55.40694046020508,18811.89453125,438.1347961425781,39.238121032714844
2020-05-22,1531.591064453125,2813.970703125,35.130001068115234,119.25262451171875,1778.245361328125,154.74481201171875,754.0606689453125,54.7952995300293,19455.955078125,440.90576171875,38.75960922241211
2020-05-26,1542.9031982421875,2811.0830078125,36.16999816894531,123.31209564208984,1769.2105712890625,164.15151977539062,774.522216796875,55.40694046020508,20195.73046875,431.2779541015625,38.237586975097656
2020-05-27,1533.0582275390625,2861.2392578125,34.7400016784668,127.32379150390625,1787.36962890625,172.11460876464844,777.3751220703125,56.09053039550781,20010.310546875,423.52874755859375,38.237586975097656
2020-05-28,1555.9200439453125,2952.7099609375,35.290000915527344,132.1951141357422,1797.969970703125,171.5092315673828,790.0543212890625,56.73813247680664,20334.099609375,431.2309875488281,39.12936019897461
2020-05-29,1593.3126220703125,3002.110595703125,35.33000183105469,132.6249542236328,1840.37109375,171.55580139160156,815.7079467773438,59.86827850341797,20381.400390625,445.46136474609375,40.1081428527832
2020-06-01,1602.92138671875,3051.866943359375,38.31999969482422,132.91151428222656,1886.1710205078125,180.63650512695312,799.0899658203125,60.407962799072266,20588.609375,437.1485900878906,40.73891067504883
2020-06-02,1618.114990234375,3066.216064453125,39.56999969482422,134.8218536376953,1885.142333984375,178.96006774902344,791.2307739257812,60.65979766845703,20717.25390625,444.38116455078125,42.152706146240234
2020-06-03,1624.9783935546875,3118.904541015625,39.790000915527344,136.92320251464844,1896.86083984375,179.4723358154297,809.5113525390625,62.09894943237305,21136.5625,447.2459716796875,42.06570053100586
2020-06-04,1546.595458984375,3065.638427734375,39.9900016784668,136.25460815429688,1896.949951171875,178.82037353515625,799.7014770507812,61.09156036376953,20908.44140625,464.81085205078125,45.415306091308594
2020-06-05,1551.1395263671875,3080.165771484375,42.29999923706055,142.5587158203125,1867.4306640625,183.52374267578125,795.062744140625,62.5666618347168,21585.578125,464.2472839355469,45.80681228637695
2020-06-08,1547.0687255859375,3044.714599609375,40.79999923706055,139.78872680664062,1888.98876953125,181.56788635253906,782.9415283203125,65.4449462890625,20697.609375,459.3160095214844,45.719810485839844
2020-06-09,1554.4527587890625,3034.851806640625,41.18000030517578,136.20684814453125,1884.3372802734375,177.00424194335938,769.7509155273438,64.76136016845703,20530.41796875,470.3526916503906,45.50229263305664
2020-06-10,1548.6781005859375,3000.466796875,41.72999954223633,140.36183166503906,1896.0560302734375,177.8424530029297,768.9208374023438,63.50210189819336,21022.42578125,468.8498229980469,46.15481948852539
2020-06-11,1524.6805419921875,2994.55859375,38.54999923706055,137.9261474609375,1884.6951904296875,171.9748992919922,775.2009887695312,62.53069305419922,20766.30859375,444.8977966308594,43.9580078125
2020-06-12,1550.003173828125,2990.73828125,38.72999954223633,139.50218200683594,1885.0084228515625,175.97976684570312,769.9757690429688,60.37197494506836,21881.712890625,450.9562072753906,44.93678283691406
2020-06-15,1531.875,2982.874755859375,39.720001220703125,139.26339721679688,1864.4786376953125,171.13670349121094,765.4949340820312,60.515892028808594,21612.595703125,456.3101806640625,44.54527282714844
2020-06-16,1535.1878662109375,2972.345703125,40.959999084472656,143.37062072753906,1857.3670654296875,177.00424194335938,762.7782592773438,60.37197494506836,21606.78515625,454.055908203125,45.176048278808594
2020-06-17,1510.291259765625,3022.19091796875,40.709999084472656,141.36474609375,1859.0667724609375,178.68069458007812,756.059326171875,60.58783721923828,21141.7421875,456.1693420410156,44.414772033691406
2020-06-18,1512.5631103515625,3024.678955078125,41.5099983215332,144.03921508789062,1847.5272216796875,180.124267578125,755.1632690429688,60.15610885620117,21367.177734375,454.8542785644531,46.54633331298828
2020-06-19,1535.9456787109375,3055.154052734375,42.189998626708984,144.27801513671875,1884.8135986328125,180.96249389648438,751.23779296875,61.70317840576172,21184.296875,458.4706115722656,45.78506088256836
2020-06-22,1564.0140380859375,3039.739013671875,43.08000183105469,143.37062072753906,1892.0638427734375,184.3619384765625,753.3823852539062,61.05556106567383,21515.220703125,463.26104736328125,47.87310791015625
2020-06-23,1594.0701904296875,3080.4765625,42.630001068115234,151.250732421875,1941.7340087890625,187.80795288085938,772.409912109375,61.631221771240234,22237.015625,470.07098388671875,47.85136413574219
2020-06-24,1654.0404052734375,3062.12890625,40.310001373291016,144.61228942871094,1918.633056640625,180.58995056152344,779.8545532226562,59.79631805419922,22051.353515625,454.9951477050781,47.61210250854492
2020-06-25,1598.89794921875,3065.682373046875,41.04999923706055,140.0275115966797,1957.2249755859375,180.2639617919922,783.5443115234375,58.71696853637695,21565.25390625,458.04791259765625,48.39513397216797
2020-06-26,1596.7681884765625,3071.013916015625,41.02000045776367,144.27801513671875,1940.157958984375,179.42576599121094,778.433349609375,60.551876068115234,22009.919921875,450.8153381347656,47.82961654663086
2020-06-29,1601.690673828125,3126.856201171875,41.709999084472656,139.31112670898438,1966.0513916015625,177.609619140625,780.6433715820312,59.29262924194336,21832.173828125,452.74090576171875,46.9595947265625
2020-06-30,1597.4307861328125,3201.979248046875,41.150001525878906,139.6454315185547,1963.3944091796875,176.352294921875,801.6288452148438,58.53706741333008,22525.091796875,444.240234375,46.285316467285156
2020-07-01,1597.951171875,3150.579345703125,42.029998779296875,140.93492126464844,1954.7481689453125,178.30813598632812,784.097412109375,57.88945770263672,22146.380859375,439.73162841796875,46.8508415222168
2020-07-02,1596.4840087890625,3140.939208984375,43.13999938964844,141.12596130371094,1937.9512939453125,181.10220336914062,783.6539916992188,58.896846771240234,22243.46484375,444.2872009277344,46.285316467285156
2020-07-03,1605.1934814453125,3143.826416015625,,139.83648681640625,1957.7205810546875,177.8424530029297,779.2781372070312,59.29262924194336,22350.7578125,447.903564453125,46.30707550048828
2020-07-06,1617.689208984375,3220.326416015625,43.099998474121094,147.43003845214844,1946.822998046875,182.36029052734375,784.244384765625,60.2640380859375,22583.81640625,451.0501708984375,47.960121154785156
2020-07-07,1652.62060546875,3268.305419921875,43.08000183105469,145.4719696044922,1940.113037109375,179.63076782226562,789.3974609375,58.96881103515625,22303.318359375,450.1578369140625,46.807334899902344
2020-07-08,1596.294677734375,3274.125,43.290000915527344,148.05091857910156,1968.8433837890625,183.86622619628906,784.2467041015625,58.50107955932617,21927.791015625,453.2105712890625,48.02537155151367
2020-07-09,1625.640869140625,3263.996337890625,42.349998474121094,157.41156005859375,1959.6572265625,185.8427734375,782.2421264648438,57.709571838378906,22283.2890625,452.6939392089844,48.72138977050781
2020-07-10,1612.6243896484375,3311.131591796875,43.2400016784668,156.36085510253906,2002.8424072265625,181.93675231933594,785.696044921875,56.52227783203125,21786.681640625,463.91851806640625,48.00362014770508
2020-07-13,1614.6597900390625,3373.459716796875,42.720001220703125,161.6620330810547,2040.1739501953125,186.73690795898438,791.4722900390625,56.77412414550781,21802.119140625,469.366455078125,48.89539337158203
2020-07-14,1598.330078125,3318.772216796875,42.900001525878906,156.45639038085938,2012.70458984375,182.6426544189453,788.6226196289062,55.658782958984375,21581.81640625,462.2278137207031,47.37285614013672
2020-07-15,1582.4735107421875,3308.110595703125,43.790000915527344,157.98463439941406,2049.09033203125,183.44265747070312,789.22705078125,54.86726379394531,21344.84765625,465.0456848144531,47.45986557006836
2020-07-16,1602.8741455078125,3424.9482421875,43.369998931884766,158.6055145263672,2060.5283203125,189.32525634765625,816.6209716796875,54.7952995300293,21235.2578125,469.366455078125,47.37285614013672
2020-07-17,1626.25634765625,3362.9755859375,43.13999938964844,154.88035583496094,2102.588134765625,194.5960693359375,804.21923828125,57.81749725341797,21761.8125,473.0296936035156,47.48160171508789
2020-07-20,1658.158447265625,3538.587158203125,43.279998779296875,153.6864013671875,2099.34619140625,194.64312744140625,805.0150756835938,57.781532287597656,21758.05078125,454.4316101074219,47.02484130859375
2020-07-21,1632.2677001953125,3447.738037109375,44.31999969482422,152.82675170898438,2087.682861328125,197.6079559326172,806.3502197265625,59.32858657836914,21928.71875,448.279296875,48.19938659667969
2020-07-22,1605.2879638671875,3380.789794921875,44.290000915527344,152.73123168945312,2025.0882568359375,194.83139038085938,800.573974609375,59.4365348815918,21477.939453125,445.50830078125,48.7649040222168
2020-07-23,1637.076416015625,3400.825439453125,43.310001373291016,154.73709106445312,1991.62939453125,197.04324340820312,805.4539184570312,59.4725227355957,21076.02734375,447.1051025390625,49.569671630859375
2020-07-24,1622.1534423828125,3392.696044921875,43.34000015258789,149.1970977783203,1989.7835693359375,192.94895935058594,805.2415161132812,58.285213470458984,20845.998046875,456.1223449707031,48.743141174316406
2020-07-27,1684.7825927734375,3356.177978515625,43.40999984741211,151.10745239257812,2000.7711181640625,194.78431701660156,809.8343505859375,58.141300201416016,20632.08984375,446.635498046875,47.7861213684082
2020-07-28,1667.25390625,3353.867919921875,43.220001220703125,157.31602478027344,2019.729736328125,202.26698303222656,797.9390869140625,57.49369812011719,21415.6953125,453.3044738769531,48.221126556396484
2020-07-29,1648.7779541015625,3371.59326171875,43.75,156.6951904296875,2009.597412109375,204.76119995117188,774.7156372070312,57.205867767333984,21247.521484375,463.07318115234375,47.85136413574219
2020-07-30,1651.8096923828125,3381.589599609375,42.939998626708984,154.73709106445312,1985.899658203125,201.7493133544922,771.2686157226562,55.910621643066406,20906.923828125,478.9942321777344,48.24286651611328
2020-07-31,1625.4222412109375,3397.271484375,43.29999923706055,155.7877655029297,1998.83349609375,207.30247497558594,771.1846313476562,56.34239196777344,21215.76171875,499.4239501953125,49.504417419433594
2020-08-03,1615.9471435546875,3355.15625,44.150001525878906,154.11624145507812,1993.9493408203125,207.58482360839844,771.3059692382812,54.615413665771484,21251.04296875,487.8706359863281,50.156925201416016
2020-08-04,1623.95361328125,3391.94091796875,44.43000030517578,155.07139587402344,1987.8895263671875,214.69097900390625,773.8824462890625,54.75932312011719,21101.04296875,496.84088134765625,51.78823471069336
2020-08-05,1626.180419921875,3420.68359375,45.16999816894531,167.87062072753906,1984.9503173828125,221.32655334472656,770.3046875,55.37095642089844,21599.552734375,496.7469177246094,53.04975891113281
2020-08-06,1636.8394775390625,3427.525146484375,45.09000015258789,170.01974487304688,2008.376220703125,225.42083740234375,778.4169921875,56.16249465942383,21227.19921875,499.9405517578125,53.39777374267578
2020-08-07,1711.406982421875,3496.072998046875,44.400001525878906,169.6376953125,1999.4217529296875,226.07969665527344,783.6190185546875,56.594242095947266,21410.171875,494.0230407714844,53.419525146484375
2020-08-10,1688.761962890625,3503.180908203125,44.9900016784668,170.59288024902344,1995.98486328125,230.7857666015625,777.8848266601562,56.882057189941406,21885.380859375,510.8363952636719,54.46355438232422
2020-08-11,1695.583984375,3446.983154296875,44.5,170.9271697998047,1999.51220703125,238.83314514160156,775.8800048828125,56.4503173828125,21059.85546875,508.2064208984375,54.63755416870117
2020-08-12,1702.879638671875,3384.966064453125,45.43000030517578,167.9183807373047,1985.447509765625,241.70382690429688,772.0550537109375,56.198455810546875,20891.095703125,499.84661865234375,53.6805305480957
2020-08-13,1707.9014892578125,3383.6328125,44.959999084472656,175.32093811035156,1988.6585693359375,243.39805603027344,768.944091796875,56.55824279785156,20752.43359375,489.185546875,54.13728713989258
2020-08-14,1707.9014892578125,3377.50244140625,44.79999923706055,176.65818786621094,1966.272216796875,249.75123596191406,763.366455078125,55.47890090942383,20968.634765625,499.0950622558594,53.35427474975586
2020-08-17,1740.25830078125,3437.29833984375,45.369998931884766,183.91744995117188,1986.3067626953125,253.75140380859375,766.5497436523438,57.06195068359375,21021.89453125,496.27728271484375,55.65983200073242
2020-08-18,1775.6944580078125,3477.858642578125,45.459999084472656,187.21275329589844,2002.8592529296875,260.8575439453125,772.6968994140625,58.03337478637695,21414.279296875,494.0699462890625,55.159576416015625
2020-08-19,1786.685302734375,3443.295654296875,45.369998931884766,187.97691345214844,1984.091064453125,262.17529296875,762.9486694335938,57.24184036254883,21577.466796875,494.4464111328125,56.13835144042969
2020-08-20,1776.452392578125,3436.8095703125,44.900001525878906,190.07827758789062,1976.9453125,266.03424072265625,756.7034912109375,59.11271667480469,21576.390625,491.5290832519531,56.09485626220703
2020-08-21,1855.188720703125,3449.826171875,44.349998474121094,187.45156860351562,1991.7337646484375,265.3283386230469,773.0399169921875,58.321189880371094,21808.525390625,500.9869689941406,56.85612487792969
2020-08-24,1859.12109375,3472.57177734375,45.130001068115234,184.63381958007812,1984.8140869140625,268.9520263671875,769.1588745117188,58.46511459350586,21703.962890625,502.02215576171875,56.029605865478516
2020-08-25,1895.5521240234375,3462.354248046875,45.86000061035156,182.72349548339844,1970.9757080078125,268.1519470214844,760.2625122070312,57.92543029785156,21313.091796875,494.1640319824219,56.573368072509766
2020-08-26,1867.8851318359375,3476.334716796875,45.63999938964844,184.82484436035156,1974.3223876953125,269.3755798339844,755.6812744140625,58.573062896728516,21215.275390625,494.211181640625,56.09485626220703
2020-08-27,1878.402587890625,3464.850341796875,45.09000015258789,186.16209411621094,1963.875244140625,272.2933044433594,752.1175537109375,57.673580169677734,21036.791015625,500.892822265625,55.6163444519043
2020-08-28,1855.2838134765625,3444.197265625,45.04999923706055,185.1114044189453,1946.418701171875,264.19891357421875,751.5364990234375,57.81749725341797,20842.87109375,523.0083618164062,56.05136489868164
2020-08-31,1799.3819580078125,3382.645751953125,45.279998779296875,176.94473266601562,1915.12353515625,253.93960571289062,744.4557495117188,58.96881103515625,19820.19921875,489.59979248046875,55.96433639526367
2020-09-01,1875.37060546875,3423.453369140625,45.58000183105469,185.35018920898438,1955.192138671875,269.94024658203125,756.0010986328125,57.09791946411133,19999.609375,490.7290954589844,57.42163848876953
2020-09-02,1841.876953125,3449.054443359375,44.43000030517578,187.40380859375,1937.1021728515625,275.77581787109375,746.4628295898438,57.781532287597656,20094.39453125,484.1885681152344,57.03013229370117
2020-09-03,1874.1387939453125,3401.529052734375,44.06999969482422,184.3316192626953,1934.8414306640625,276.15228271484375,765.1890869140625,56.882057189941406,19962.869140625,492.611328125,55.89909362792969
2020-09-04,1853.62548828125,3364.307861328125,42.65999984741211,180.77938842773438,1921.72607421875,265.75189208984375,757.6673583984375,56.05455017089844,19568.375,482.25933837890625,54.78981399536133
2020-09-07,1878.0234375,3380.830322265625,,180.01133728027344,1956.051513671875,269.65789794921875,765.6441650390625,55.011165618896484,19331.55859375,483.01220703125,55.638092041015625
2020-09-08,1857.41552734375,3387.6845703125,39.779998779296875,173.0509033203125,1937.6448974609375,264.6224060058594,752.715087890625,53.57202911376953,18914.20703125,472.33087158203125,54.615814208984375
2020-09-09,1875.1336669921875,3393.767333984375,40.790000915527344,175.4990692138672,1928.60009765625,269.9873352050781,761.3967895507812,52.312782287597656,18958.8125,479.2948913574219,55.65983200073242
2020-09-10,1948.5645751953125,3376.47265625,40.060001373291016,169.5946807861328,1930.092529296875,268.57550048828125,766.4470825195312,52.99638366699219,19195.142578125,478.0244140625,56.747371673583984
2020-09-11,1929.0457763671875,3424.588134765625,39.83000183105469,171.51480102539062,1953.0216064453125,270.8814697265625,761.9965209960938,52.74452209472656,19057.50390625,475.7658386230469,57.37813186645508
2020-09-14,1924.54541015625,3376.699951171875,39.61000061035156,168.77862548828125,1920.6861572265625,272.8110046386719,750.6986083984375,52.99638366699219,19337.9609375,466.59027099609375,56.39936828613281
2020-09-15,1911.6121826171875,3389.9541015625,40.529998779296875,169.69068908691406,1921.5450439453125,272.57568359375,748.721923828125,53.10431671142578,19607.419921875,476.56573486328125,57.22587585449219
2020-09-16,1906.4483642578125,3490.17919921875,42.220001220703125,176.45912170410156,1938.7757568359375,271.6815185546875,756.0430908203125,52.56464767456055,19922.658203125,487.952880859375,58.42216110229492
2020-09-17,1902.515869140625,3463.988037109375,43.29999923706055,168.82664489746094,1924.9366455078125,269.9873352050781,752.4746704101562,52.636592864990234,19434.603515625,481.8358459472656,58.42216110229492
2020-09-18,1921.8924560546875,3447.510986328125,43.150001525878906,172.3308563232422,1898.254638671875,270.7874450683594,750.8736572265625,53.4640998840332,19075.53515625,492.51708984375,56.96487045288086
2020-09-21,1868.97509765625,3294.81298828125,41.439998626708984,160.47410583496094,1843.171142578125,255.35142517089844,720.2404174804688,51.197444915771484,18472.3671875,473.9777526855469,56.09485626220703
2020-09-22,1835.7652587890625,3257.319091796875,41.720001220703125,156.92189025878906,1833.2218017578125,255.91619873046875,709.4349365234375,50.01016616821289,18549.32421875,478.8714294433594,55.31182861328125
2020-09-23,1844.34033203125,3290.818603515625,41.77000045776367,158.84202575683594,1856.5125732421875,252.4337158203125,717.2205200195312,48.678958892822266,18519.419921875,473.2719421386719,56.55162048339844
2020-09-24,1817.620849609375,3279.7880859375,41.939998626708984,152.74563598632812,1864.064697265625,243.35096740722656,712.2169799804688,47.959381103515625,17923.4375,457.17938232421875,57.3128776550293
2020-09-25,1824.4901123046875,3346.650146484375,41.91999816894531,155.57781982421875,1880.4814453125,252.57489013671875,734.5255737304688,49.57841873168945,18574.732421875,460.80255126953125,59.61845779418945
2020-09-28,1843.43994140625,3392.904541015625,42.43000030517578,161.00213623046875,1866.2357177734375,260.71636962890625,733.7320556640625,51.70115280151367,19087.4609375,480.0477294921875,60.51021957397461
2020-09-29,1857.03662109375,3392.45068359375,41.029998779296875,169.3546600341797,1839.0103759765625,267.3990173339844,729.113525390625,49.758304595947266,19382.080078125,476.3304443359375,60.87998962402344
2020-09-30,1882.097900390625,3448.100830078125,40.95000076293945,168.25059509277344,1870.712646484375,261.42230224609375,743.0133666992188,49.83026885986328,19794.744140625,470.96630859375,59.55319595336914
2020-10-01,1933.3095703125,3457.588134765625,40.93000030517578,167.1465301513672,1894.9078369140625,265.469482421875,746.8338623046875,49.758304595947266,20140.71875,477.0362854003906,59.79245376586914
2020-10-02,,,39.27000045776367,,,,,,,,
2020-10-05,1921.5133056640625,3477.424072265625,41.290000915527344,171.89883422851562,1909.4251708984375,273.04632568359375,748.3578491210938,49.794281005859375,19672.453125,492.2819519042969,59.94470977783203
2020-10-06,1980.257568359375,3418.77783203125,42.650001525878906,169.83468627929688,1913.811767578125,274.2228698730469,741.0624389648438,49.9022216796875,19833.83203125,490.3526306152344,59.98820495605469
2020-10-07,1994.469970703125,3437.025634765625,41.9900016784668,165.9464569091797,1935.0220947265625,274.3169860839844,752.1503295898438,50.72972869873047,20239.8984375,481.60052490234375,53.65877914428711
2020-10-08,1978.9786376953125,3444.96875,43.34000015258789,167.29052734375,1954.4234619140625,275.7287902832031,761.0279541015625,49.25459671020508,20262.42578125,493.2229309082031,51.2879638671875
2020-10-09,1942.9268798828125,3399.940185546875,42.849998474121094,163.21029663085938,1935.29345703125,274.8346252441406,748.4022216796875,50.585811614990234,20714.810546875,482.6828308105469,53.00626754760742
2020-10-12,1968.745849609375,3387.59375,41.720001220703125,165.2744140625,1934.1624755859375,268.38726806640625,742.24560546875,49.758304595947266,20477.94140625,483.6238708496094,42.17445755004883
2020-10-13,1956.2391357421875,3400.439697265625,42.45000076293945,166.3304901123047,1933.9818115234375,272.9051208496094,731.5476684570312,49.722328186035156,20606.833984375,473.5072021484375,43.34898376464844
2020-10-14,1962.5872802734375,3440.5205078125,43.31999969482422,167.24252319335938,1952.0263671875,273.56396484375,731.550048828125,48.21122741699219,20653.63671875,472.6132507324219,42.82696533203125
2020-10-15,1980.6839599609375,3387.139892578125,43.15999984741211,166.71449279785156,1946.96142578125,274.4110107421875,728.2687377929688,47.52763748168945,20171.251953125,461.41424560546875,41.30442810058594
2020-10-16,1952.969970703125,3401.846435546875,42.93000030517578,172.61886596679688,1945.15283203125,292.7647399902344,720.2172241210938,48.3911247253418,20694.240234375,458.21466064453125,41.282676696777344
2020-10-19,1961.4031982421875,3424.76953125,42.619998931884766,175.40304565429688,1969.8001708984375,295.0707092285156,751.158447265625,49.866249084472656,20620.7578125,455.1560363769531,42.08744430541992
2020-10-20,2007.2613525390625,3225.680908203125,43.15999984741211,173.57894897460938,1965.548828125,299.9650573730469,758.5984497070312,48.49905776977539,20701.423828125,457.697021484375,43.17497634887695
2020-10-21,2003.2822265625,3084.149169921875,41.72999954223633,178.52325439453125,1956.5489501953125,303.9651794433594,748.25048828125,48.78689193725586,20664.97265625,461.3201904296875,44.023250579833984
2020-10-22,1989.637939453125,3139.6181640625,42.459999084472656,177.08314514160156,1971.2020263671875,306.36529541015625,742.5841064453125,49.54243469238281,20512.73046875,456.9441223144531,45.43704605102539
2020-10-23,2008.919677734375,3149.967529296875,41.77000045776367,174.9710235595703,1939.09228515625,302.3651428222656,740.5303955078125,49.6503791809082,20052.916015625,455.95599365234375,45.567543029785156
2020-10-26,1971.2093505859375,3164.1748046875,40.459999084472656,165.51441955566406,1959.804931640625,290.1763916015625,758.9158935546875,49.07471466064453,19958.666015625,446.545166015625,45.176048278808594
2020-10-27,2082.3974609375,3243.0205078125,41.20000076293945,167.48255920410156,1968.8046875,290.7881774902344,804.214599609375,48.1032829284668,21238.43359375,442.7337341308594,44.58877182006836
2020-10-28,2049.279541015625,3215.28662109375,39.119998931884766,163.64230346679688,1970.306884765625,287.87042236328125,799.0476684570312,47.74350357055664,20873.796875,436.09912109375,45.73944854736328
2020-10-29,2111.814697265625,3207.070068359375,37.650001525878906,161.1941375732422,1931.844970703125,288.76458740234375,793.7053833007812,46.34034729003906,21182.392578125,429.4644470214844,45.76341247558594
2020-10-30,2098.577392578125,3153.14501953125,37.459999084472656,163.8343048095703,1885.5992431640625,290.83526611328125,807.3961181640625,46.70013427734375,21199.5390625,438.3106384277344,45.90726852416992
2020-11-02,2061.900390625,3105.074462890625,38.970001220703125,163.93032836914062,1886.2366943359375,291.1646423339844,805.2013549804688,47.275787353515625,21176.87109375,441.74554443359375,45.403839111328125
2020-11-03,2044.6302490234375,3089.958984375,39.709999084472656,172.5708770751953,1871.397705078125,296.2472229003906,794.73583984375,47.7075309753418,21376.94921875,456.9911804199219,45.47575378417969
2020-11-04,2058.674072265625,3150.829833984375,41.22999954223633,169.45068359375,1875.35791015625,299.1650085449219,799.656982421875,47.81546401977539,21410.41796875,474.9187927246094,44.10932159423828
2020-11-05,2124.008544921875,3176.74853515625,40.93000030517578,179.8673553466797,1913.86572265625,308.4359436035156,810.2048950195312,48.64297103881836,21731.962890625,482.3063659667969,45.188087463378906
2020-11-06,2096.251953125,3189.73046875,39.45000076293945,180.63534545898438,1906.400634765625,307.25946044921875,800.1062622070312,48.93080139160156,21549.86328125,479.1536865234375,45.42781448364258
2020-11-09,2111.577392578125,3221.27783203125,42.400001525878906,186.92376708984375,1941.3580322265625,313.51849365234375,815.412841796875,49.25459671020508,22088.92578125,480.0948791503906,47.36957931518555
2020-11-10,2087.42724609375,3185.010009765625,43.61000061035156,184.66763305664062,1945.044921875,315.1185607910156,781.1981811523438,50.90962219238281,22243.416015625,461.9789123535156,47.825050354003906
2020-11-11,2070.29833984375,3170.84765625,43.79999923706055,195.90037536621094,1940.0833740234375,322.6012268066406,785.5662231445312,52.060935974121094,22345.77734375,476.2363586425781,48.855873107910156
2020-11-12,2060.904296875,3191.31982421875,43.529998779296875,200.26864624023438,1995.569091796875,318.1304626464844,786.5543823242188,51.48527145385742,22906.73046875,479.2478942871094,49.599029541015625
2020-11-13,2068.63818359375,3190.54736328125,42.779998779296875,202.14073181152344,1989.4241943359375,323.0247802734375,791.5907592773438,51.917022705078125,22900.767578125,478.4950256347656,51.54079055786133
2020-11-14,2073.050537109375,3202.259033203125,,200.94065856933594,1991.563232421875,321.8482666015625,792.1788330078125,52.27680969238281,22830.166015625,483.718017578125,51.80448532104492
2020-11-16,,,43.81999969482422,,,,,,,,
2020-11-17,2075.945068359375,3186.325927734375,43.75,205.0209197998047,1982.3687744140625,320.90704345703125,798.986572265625,51.30538558959961,23442.375,487.8587646484375,51.46886444091797
2020-11-18,2083.63134765625,3177.747314453125,44.34000015258789,210.58926391601562,1940.9483642578125,322.4600524902344,793.7996826171875,51.77311325073242,23520.05859375,482.77691650390625,52.21201705932617
2020-11-19,2051.319580078125,3187.733642578125,44.20000076293945,205.30892944335938,1939.7193603515625,311.730224609375,796.6953125,51.917022705078125,23121.755859375,477.4598083496094,53.74625015258789
2020-11-20,2055.92236328125,3224.72802734375,44.959999084472656,206.9410400390625,1930.1607666015625,316.3891906738281,821.4537353515625,51.55723190307617,23402.255859375,473.6013488769531,53.242828369140625
2020-11-23,2074.6162109375,3229.539306640625,46.060001373291016,209.34121704101562,1938.490234375,317.8951721191406,836.7908935546875,55.047157287597656,23907.072265625,482.6357727050781,54.20173263549805
2020-11-24,2095.16064453125,3233.94189453125,47.86000061035156,216.97364807128906,1963.934814453125,320.8129577636719,831.672119140625,54.75932312011719,23690.380859375,489.5057678222656,55.52021408081055
2020-11-25,2044.2977294921875,3228.0869140625,48.61000061035156,214.52549743652344,1944.3623046875,318.3657531738281,824.26708984375,58.141300201416016,23158.05859375,476.37750244140625,54.68117904663086
2020-11-26,2045.246826171875,3221.686279296875,,220.7178955078125,1961.06689453125,338.0841979980469,834.6995849609375,57.709571838378906,23824.841796875,481.5535583496094,56.95856475830078
2020-11-27,2102.1826171875,3302.665283203125,48.18000030517578,217.3096923828125,1946.50146484375,329.61328125,841.6154174804688,56.48629379272461,23751.748046875,481.50640869140625,57.89348602294922
2020-11-30,,,47.59000015258789,,,,,,,,
2020-12-01,2116.179931640625,3294.858642578125,47.41999816894531,220.14187622070312,1941.8131103515625,337.095947265625,819.4658813476562,58.68099594116211,24340.060546875,507.57452392578125,58.27704620361328
2020-12-02,2197.598388671875,3265.489501953125,48.25,222.5900421142578,1947.5028076171875,346.7433776855469,812.3289794921875,61.05556106567383,24073.583984375,512.5623168945312,59.523616790771484
2020-12-03,2288.269287109375,3300.849609375,48.709999084472656,232.33462524414062,1936.988037109375,349.04937744140625,822.9473876953125,63.8259162902832,24336.888671875,515.9501342773438,60.602386474609375
2020-12-04,2314.22314453125,3311.970703125,49.25,242.60728454589844,1988.377197265625,348.62579345703125,838.7808837890625,64.65341186523438,24344.408203125,535.5248413085938,61.82495880126953
2020-12-07,2346.296875,3294.4951171875,48.790000915527344,241.21519470214844,2053.876953125,343.54327392578125,826.2593994140625,65.8766860961914,24384.767578125,547.994140625,63.31127166748047
2020-12-08,2314.365478515625,3309.42919921875,48.84000015258789,235.8868408203125,2057.381103515625,341.3313903808594,824.2317504882812,65.3010482788086,24210.435546875,535.1954345703125,65.324951171875
2020-12-09,2393.507080078125,3292.815673828125,48.86000061035156,231.3745880126953,2086.694580078125,340.57843017578125,826.5700073242188,65.62483978271484,23863.486328125,535.9953002929688,68.82494354248047
2020-12-10,2397.06591796875,3395.08349609375,50.25,233.00668334960938,2139.721923828125,341.0019226074219,863.433349609375,65.94865417480469,23216.009765625,531.9017333984375,69.08863830566406
2020-12-11,2392.225830078125,3388.728515625,49.970001220703125,233.91873168945312,2161.84375,338.50775146484375,865.7103881835938,69.6544418334961,23261.8359375,534.6305541992188,70.23929595947266
2020-12-14,2418.03662109375,3428.85498046875,50.290000915527344,236.51089477539062,2158.2021484375,336.4841613769531,874.682373046875,73.03641510009766,23180.923828125,542.3005981445312,70.31121063232422
2020-12-15,2398.3935546875,3418.505615234375,50.7599983215332,234.78277587890625,2112.0478515625,344.3903503417969,855.774169921875,72.28087615966797,23706.1171875,537.9716186523438,69.87971496582031
2020-12-16,2450.585693359375,3406.74951171875,51.08000183105469,241.40719604492188,2133.8046875,348.8140563964844,862.05712890625,74.04383850097656,23705.576171875,542.6298828125,70.9584732055664
2020-12-17,2443.5634765625,3386.004638671875,51.5,236.0308837890625,2107.723388671875,344.6727294921875,861.2056884765625,73.03641510009766,23951.14453125,537.6893310546875,70.23929595947266
2020-12-18,2468.662841796875,3377.607177734375,52.2599983215332,239.91908264160156,2124.246337890625,342.7902526855469,863.90625,71.23750305175781,24013.68359375,541.1241455078125,70.67080688476562
2020-12-21,2424.205078125,3290.046875,50.90999984741211,223.0220489501953,2099.2119140625,332.7192687988281,855.9012451171875,64.65341186523438,23176.333984375,519.996826171875,64.078369140625
2020-12-22,2467.99853515625,3295.811279296875,50.08000183105469,222.6380157470703,2103.808837890625,340.6725769042969,872.8827514648438,65.15711212158203,23370.98828125,534.8189086914062,66.69137573242188
2020-12-23,2507.616943359375,3291.2265625,51.20000076293945,226.76629638671875,2157.838623046875,345.2845153808594,881.3111572265625,65.33702850341797,23349.1953125,540.747802734375,72.13313293457031
2020-12-24,2513.025390625,3284.781005859375,51.290000915527344,227.48631286621094,2186.87841796875,344.7197570800781,873.48486328125,67.02801513671875,23283.08984375,555.6640014648438,78.07831573486328
2020-12-28,2546.85546875,3271.436279296875,50.86000061035156,230.31851196289062,2174.72509765625,363.8735046386719,874.943359375,67.49571990966797,23174.431640625,552.3702392578125,78.36595916748047
2020-12-29,2559.096923828125,3262.130859375,51.09000015258789,226.1902618408203,2170.53759765625,359.3556213378906,859.1969604492188,67.02801513671875,23295.69921875,555.8050537109375,76.75983428955078
2020-12-30,2594.77685546875,3253.5966796875,51.34000015258789,227.91835021972656,2190.837890625,363.4028625488281,864.6824340820312,67.09996795654297,24038.6484375,549.593994140625,77.69474029541016
2020-12-31,2623.33984375,3246.7431640625,51.79999923706055,230.9425506591797,2180.642578125,364.438232421875,865.1998901367188,66.95603942871094,23465.287109375,557.4520874023438,77.3830795288086
2021-01-01,2633.825927734375,3238.980712890625,,228.83042907714844,2173.495849609375,366.791259765625,868.0438842773438,67.06398010253906,23403.8203125,561.1222534179688,76.90363311767578
2021-01-04,2613.091552734375,3225.45361328125,51.09000015258789,244.1433868408203,2208.9541015625,379.4035339355469,864.621337890625,69.76237487792969,23485.806640625,568.7920532226562,81.626220703125
2021-01-05,2651.19091796875,3223.820068359375,53.599998474121094,240.30313110351562,2230.847900390625,372.01495361328125,873.1038208007812,68.32322692871094,23350.26953125,567.8981323242188,81.02690887451172
2021-01-06,2662.10400390625,3213.470703125,54.29999923706055,248.7036590576172,2200.578857421875,378.0858154296875,871.080810546875,69.76237487792969,24257.931640625,569.6390991210938,86.44469451904297
2021-01-07,2649.672607421875,3225.36328125,54.380001068115234,262.00048828125,2156.472412109375,381.56829833984375,852.8290405273438,70.44595336914062,24431.671875,566.4395141601562,88.93781280517578
2021-01-08,2699.444580078125,3245.744384765625,55.9900016784668,257.4882507324219,2176.81884765625,379.168212890625,861.2479858398438,72.42478942871094,25224.408203125,584.2259521484375,87.28372955322266
2021-01-11,2703.81005859375,3279.879150390625,55.65999984741211,254.12799072265625,2211.3212890625,375.5915832519531,865.256591796875,73.79197692871094,24985.880859375,584.4142456054688,85.893310546875
2021-01-12,2581.6337890625,3296.946044921875,56.58000183105469,253.7919921875,2162.890625,376.06219482421875,846.7976684570312,74.4395751953125,24790.25,573.7328491210938,86.8282470703125
2021-01-13,2565.644287109375,3287.4140625,56.060001373291016,252.15988159179688,2159.658935546875,379.2623596191406,847.7481079101562,75.73479461669922,24162.216796875,566.8158569335938,86.54058837890625
2021-01-14,2527.87646484375,3327.630859375,56.41999816894531,250.95980834960938,2183.510009765625,373.0973815917969,853.0784301757812,75.59089660644531,24288.462890625,571.2860107421875,84.5748291015625
2021-01-15,2458.60400390625,3276.429443359375,55.099998474121094,243.23133850097656,2140.359619140625,371.0267333984375,839.0302734375,72.96446228027344,23856.748046875,568.6980590820312,84.19129180908203
2021-01-18,2456.042236328125,3275.33984375,,233.4386749267578,2123.47265625,360.5792541503906,829.4657592773438,69.5465087890625,23302.779296875,547.1943359375,80.88306427001953
2021-01-19,2509.989501953125,3269.34814453125,55.900001525878906,241.5032196044922,2151.283447265625,372.1561584472656,835.2994995117188,70.58988189697266,23818.34375,561.4046630859375,83.42415618896484
2021-01-20,2559.52392578125,3261.222900390625,56.08000183105469,242.03125,2144.72900390625,377.3328552246094,831.84619140625,71.12955474853516,23432.79296875,559.66357421875,83.28030395507812
2021-01-21,2577.648681640625,3296.17431640625,56.099998474121094,238.9590606689453,2155.380126953125,370.17962646484375,833.4928588867188,68.14334106445312,23177.798828125,548.5587768554688,81.05088806152344
2021-01-22,2464.060302734375,3275.4755859375,55.40999984741211,229.64645385742188,2193.341552734375,353.33184814453125,827.5320434570312,66.74016571044922,23153.666015625,541.3125,79.37281799316406
2021-01-25,2385.58349609375,3280.51416015625,55.880001068115234,230.70254516601562,2184.466064453125,359.9674377441406,819.3295288085938,65.73278045654297,22725.0234375,551.852783203125,79.20500946044922
2021-01-26,,,55.90999984741211,,,,,,,,
2021-01-27,2312.18310546875,3277.972412109375,55.810001373291016,222.15797424316406,2176.910400390625,354.1319274902344,825.1091918945312,64.54549407958984,22299.505859375,536.2305297851562,78.12622833251953
2021-01-28,2317.022705078125,3271.617431640625,55.529998779296875,219.90185546875,2094.15966796875,354.1789245605469,818.0310668945312,65.22908020019531,22579.080078125,531.1016845703125,78.03034210205078
2021-01-29,2284.4267578125,3178.42822265625,55.880001068115234,217.26168823242188,2060.932373046875,345.2845153808594,802.6162719726562,63.5380859375,22253.724609375,551.6643676757812,77.31118774414062
2021-02-01,2322.81103515625,3196.2666015625,56.349998474121094,231.51858520507812,2047.0035400390625,358.4615173339844,803.9193115234375,65.37300109863281,23983.58203125,555.3816528320312,82.15361022949219
2021-02-02,2337.851806640625,3178.564453125,57.459999084472656,245.1514434814453,2030.480712890625,366.1324157714844,808.746337890625,66.81211853027344,25829.4375,573.5447387695312,83.06456756591797
2021-02-03,2328.362060546875,3192.40869140625,58.459999084472656,246.97555541992188,2032.666015625,369.8031311035156,807.6218872070312,67.17191314697266,25401.283203125,592.1310424804688,83.37621307373047
2021-02-04,2279.159912109375,3250.056396484375,58.84000015258789,251.391845703125,2044.2725830078125,376.76812744140625,803.2747802734375,70.26607513427734,26472.861328125,594.295654296875,84.5748291015625
2021-02-05,2255.38916015625,3215.240966796875,59.34000015258789,251.58387756347656,2066.0751953125,378.5564270019531,805.2389526367188,70.26607513427734,26113.11328125,597.3541259765625,83.63990020751953
2021-02-08,2293.441162109375,3153.5537109375,60.560001373291016,267.8088684082031,2036.1248779296875,393.09820556640625,810.0589599609375,71.70521545410156,27382.8125,597.260009765625,85.34194946289062
2021-02-09,2378.845947265625,3143.295166015625,61.09000015258789,266.94482421875,2017.5540771484375,382.5566101074219,814.7989501953125,72.67662811279297,27523.134765625,591.9913330078125,87.13987731933594
2021-02-10,2382.404296875,3109.205322265625,61.470001220703125,268.2408752441406,2035.0782470703125,386.6037902832031,808.1370849609375,71.95706939697266,27648.16796875,595.31396484375,89.22549438476562
2021-02-11,2377.56494140625,3143.612548828125,61.13999938964844,283.6018371582031,2060.113037109375,384.8155212402344,819.1882934570312,71.56129455566406,27697.462890625,611.0249633789062,89.87274169921875
2021-02-12,2359.155517578125,3105.937255859375,62.43000030517578,279.185546875,2040.5858154296875,380.0623474121094,813.6392211914062,69.79834747314453,27327.748046875,595.361328125,87.42755889892578
2021-02-15,2331.3037109375,3102.0791015625,,279.7616271972656,2016.597900390625,379.9682312011719,822.3688354492188,70.84172058105469,27999.462890625,595.6936645507812,88.24263000488281
2021-02-16,2325.135986328125,3077.068115234375,63.349998474121094,290.61029052734375,1999.2105712890625,383.68603515625,810.0142211914062,74.65544891357422,27944.888671875,599.1586303710938,91.21519470214844
2021-02-17,2266.20654296875,3053.963623046875,64.33999633789062,291.7623596191406,1969.8970947265625,384.6742858886719,787.6177368164062,74.83842468261719,27623.494140625,589.760498046875,92.46177673339844
2021-02-18,2344.58935546875,3049.832763671875,63.93000030517578,297.5227355957031,1954.3759765625,383.68603515625,769.9046630859375,81.02311706542969,26993.05859375,584.823974609375,93.61244201660156
2021-02-19,2293.0615234375,3024.186767578125,62.90999984741211,295.6986389160156,1985.5552978515625,372.3914794921875,770.455078125,76.92439270019531,26914.005859375,576.5173950195312,91.47889709472656
2021-02-22,2265.1630859375,3033.2646484375,65.23999786376953,303.47509765625,1973.2657470703125,382.2271423339844,757.2772827148438,77.80268096923828,26472.712890625,565.1257934570312,97.92748260498047
2021-02-23,2251.071044921875,3028.498779296875,65.37000274658203,319.74810791015625,1983.8712158203125,388.3450927734375,760.7422485351562,82.12098693847656,26638.34375,573.4322509765625,99.98912811279297
2021-02-24,2240.775390625,3091.6845703125,67.04000091552734,319.5081481933594,1983.5069580078125,384.1095886230469,769.0318603515625,83.14566802978516,26924.318359375,570.9639892578125,98.07133483886719
2021-02-25,2252.5419921875,3091.184814453125,66.87999725341797,336.6932067871094,1969.35107421875,396.9571533203125,758.1051635742188,87.13463592529297,26824.548828125,578.653564453125,99.79734802246094
2021-02-26,2160.92236328125,3053.736328125,66.12999725341797,326.6605529785156,1940.9029541015625,372.2032165527344,757.526611328125,81.2426986694336,25897.00390625,564.4612426757812,99.38982391357422
2021-03-01,2241.6767578125,3097.3583984375,63.689998626708984,330.3567810058594,1951.2349853515625,381.2859802246094,766.5054931640625,85.6707992553711,27074.755859375,573.8121337890625,102.41033935546875
2021-03-02,2268.34228515625,3130.1767578125,62.70000076293945,331.46087646484375,1982.6876220703125,389.00390625,779.8526000976562,83.07247924804688,27027.65625,583.0678100585938,102.96172332763672
2021-03-03,2279.4453125,3160.316650390625,64.06999969482422,344.9977111816406,1996.8431396484375,402.9809265136719,785.6441040039062,83.43843078613281,27063.322265625,592.7034301757812,105.1432113647461
2021-03-04,2293.678466796875,3179.154296875,66.73999786376953,335.4931640625,1999.938720703125,389.75689697265625,783.8821411132812,82.48694610595703,28022.279296875,587.5770263671875,102.24253845214844
2021-03-05,2265.21044921875,3169.93994140625,69.36000061035156,324.3564453125,2003.7620849609375,382.509521484375,789.5794677734375,84.13377380371094,27213.173828125,580.2197875976562,105.1192626953125
2021-03-08,2261.034912109375,3144.020751953125,68.23999786376953,323.1563720703125,1979.592529296875,383.8742980957031,792.8516845703125,86.54908752441406,26564.76171875,583.6373291015625,107.78018951416016
2021-03-09,2298.992431640625,3110.930419921875,67.5199966430664,319.9401550292969,2001.3951416015625,377.9917297363281,795.5967407226562,85.45121002197266,26689.94140625,581.548828125,107.6363296508789
2021-03-10,2307.7705078125,3159.59033203125,67.9000015258789,326.756591796875,2028.114013671875,389.66278076171875,796.568359375,83.73120880126953,26927.052734375,594.26953125,108.47538757324219
2021-03-11,,,69.62999725341797,,,,,,,,
2021-03-12,2278.73291015625,3117.739013671875,69.22000122070312,317.011962890625,2007.0849609375,394.133544921875,786.7354736328125,84.20695495605469,27069.431640625,582.4981689453125,106.15003967285156
2021-03-15,2234.749755859375,3132.400390625,68.87999725341797,320.4681701660156,2012.6380615234375,404.39276123046875,791.9388427734375,83.69462585449219,27013.78125,574.8086547851562,108.47538757324219
2021-03-16,2342.549072265625,3167.534423828125,68.38999938964844,320.5641784667969,2042.861328125,400.9102783203125,787.6528930664062,84.2435531616211,26804.90625,571.7709350585938,108.59523010253906
2021-03-17,2299.22998046875,3148.287841796875,68.0,313.36370849609375,2026.7027587890625,397.6630859375,774.1881713867188,80.03502655029297,26229.734375,555.1106567382812,107.78018951416016
2021-03-18,2281.76953125,3122.641357421875,63.279998779296875,318.54803466796875,2016.597900390625,398.2748718261719,762.2147827148438,80.65716552734375,25988.66796875,545.4275512695312,106.36580657958984
2021-03-19,2288.127197265625,3147.10791015625,64.52999877929688,321.7162780761719,2104.76513671875,414.6519470214844,773.9576416015625,80.8767318725586,26322.080078125,548.9873657226562,106.5335922241211
2021-03-22,2301.839599609375,3235.89404296875,64.62000274658203,326.1805419921875,2142.225341796875,419.1227722167969,780.41259765625,80.21800994873047,26339.474609375,561.043701171875,107.20484161376953
2021-03-23,2287.226318359375,3239.525634765625,60.790000915527344,318.45208740234375,2127.7509765625,415.8284606933594,784.802001953125,78.42481994628906,27666.1953125,558.0534057617188,107.27676391601562
2021-03-24,2318.778076171875,3211.7001953125,64.41000366210938,305.0592041015625,2110.72802734375,411.6401062011719,773.828369140625,76.70482635498047,27168.91015625,555.6326904296875,107.10895538330078
2021-03-25,2279.53955078125,3126.454345703125,61.95000076293945,301.458984375,2036.4893798828125,412.25189208984375,760.7493896484375,74.65545654296875,26951.04296875,546.5667114257812,106.67744445800781
2021-03-26,2377.23291015625,3181.60546875,64.56999969482422,314.0837707519531,2110.090576171875,419.0286865234375,779.6456298828125,74.94822692871094,27474.6640625,557.4363403320312,108.76305389404297
2021-03-29,,,64.9800033569336,,,,,,,,
2021-03-30,2446.41064453125,3282.738525390625,64.13999938964844,313.2677001953125,2183.69189453125,439.9706726074219,807.5560302734375,75.7533187866211,28430.595703125,567.4041748046875,110.3212661743164
2021-03-31,2407.836181640625,3290.95458984375,63.540000915527344,313.7957763671875,2213.506103515625,440.9118957519531,807.5654907226562,74.76525115966797,28793.08203125,567.4990844726562,109.67399597167969
2021-04-01,2421.452880859375,3285.008544921875,64.86000061035156,336.2611999511719,2184.0107421875,478.8428039550781,803.7052612304688,76.37545776367188,29268.53125,579.792724609375,110.87263488769531
2021-04-05,2382.451904296875,3359.314697265625,62.150001525878906,336.6452331542969,2160.4326171875,487.0784912109375,794.1737670898438,75.71672821044922,29665.560546875,577.94140625,111.11234283447266
2021-04-06,2478.2470703125,3386.776611328125,62.7400016784668,336.45318603515625,2192.385498046875,505.855712890625,803.6370849609375,76.08268737792969,29426.982421875,589.0010375976562,111.9753646850586
2021-04-07,2494.379150390625,3457.54248046875,63.15999984741211,338.1333312988281,2189.609130859375,529.2448120117188,819.0755004882812,76.59502410888672,29540.87109375,589.5704345703125,113.55754852294922
2021-04-08,2515.302978515625,3522.327392578125,63.20000076293945,350.6141052246094,2193.8427734375,577.999755859375,832.2508544921875,75.82652282714844,30862.021484375,583.1152954101562,113.98904418945312
2021-04-09,2496.466796875,3504.746826171875,62.95000076293945,346.62982177734375,2254.01611328125,584.494140625,827.663818359375,75.972900390625,31024.333984375,604.4747314453125,110.92056274414062
2021-04-12,2469.32666015625,3518.6357421875,63.279998779296875,322.7723388671875,2241.271240234375,568.6347045898438,823.3966674804688,71.7643814086914,29199.25,587.956787109375,102.21857452392578
2021-04-13,2439.435791015625,3457.034912109375,63.66999816894531,334.7730407714844,2234.3525390625,593.29443359375,807.7372436523438,74.6920394897461,29663.41015625,595.55126953125,104.73565673828125
2021-04-14,,,66.58000183105469,,,,,,,,
2021-04-15,2455.567626953125,3407.84619140625,66.94000244140625,339.42938232421875,2240.042236328125,592.1179809570312,793.943115234375,76.92439270019531,29613.916015625,601.152099609375,108.04386138916016
2021-04-16,2527.6865234375,3411.353515625,66.7699966430664,355.222412109375,2238.448974609375,582.9882202148438,811.65380859375,78.53460693359375,30117.849609375,613.3032836914062,111.13632202148438
2021-04-19,2440.574462890625,3454.08154296875,67.05000305175781,346.9658508300781,2218.19384765625,579.5997924804688,804.0252075195312,75.4239730834961,29371.91796875,608.1771850585938,109.33840942382812
2021-04-20,2423.256103515625,3442.1767578125,66.56999969482422,344.9977111816406,2182.508544921875,584.1176147460938,804.2932739257812,75.277587890625,28651.685546875,612.4490356445312,108.4034652709961
2021-04-21,,,65.31999969482422,,,,,,,,
2021-04-22,2383.02099609375,3462.572021484375,65.4000015258789,341.63751220703125,2138.766357421875,603.0831298828125,789.9346923828125,75.46055603027344,27871.158203125,607.5126342773438,108.59523010253906
2021-04-23,2389.379150390625,3368.717041015625,66.11000061035156,335.5411071777344,2100.8505859375,598.047607421875,782.1837158203125,74.94822692871094,27464.9921875,605.6139526367188,109.31439208984375
2021-04-26,2427.2890625,3266.1875,65.6500015258789,334.43707275390625,2149.008056640625,617.2483520507812,793.7053833007812,75.2409896850586,27422.2890625,602.5287475585938,113.4616470336914
2021-04-27,2442.899169921875,3268.033203125,66.41999816894531,351.6221618652344,2166.486328125,626.754638671875,789.3960571289062,75.53374481201172,27457.421875,606.84814453125,116.67395782470703
2021-04-28,2481.046142578125,3210.400146484375,67.2699966430664,348.117919921875,2190.792724609375,623.6957397460938,782.5648193359375,76.04609680175781,28032.978515625,610.7876586914062,116.93765258789062
2021-04-29,2480.002685546875,3201.310302734375,68.55999755859375,357.2864990234375,2191.74853515625,683.7922973632812,780.6137084960938,76.15587615966797,27795.330078125,611.8318481445312,122.28353118896484
2021-04-30,2406.88720703125,3182.945556640625,67.25,349.8460388183594,2142.7265625,675.6506958007812,771.4700317382812,79.15674591064453,27273.662109375,621.2776489257812,123.33831787109375
2021-05-03,2450.30078125,3173.947509765625,67.55999755859375,355.1744079589844,2192.113037109375,680.7332763671875,780.8123168945312,78.8273696899414,27351.19921875,625.786865234375,122.95474243164062
2021-05-04,2455.04541015625,3170.809814453125,68.87999725341797,348.0699157714844,2191.7939453125,673.3448486328125,782.6973266601562,80.2546157836914,27120.048828125,612.4490356445312,123.96157836914062
2021-05-05,2436.541259765625,3185.3447265625,68.95999908447266,352.438232421875,2179.959716796875,675.5095825195312,782.8226928710938,81.31587982177734,27208.873046875,648.7603149414062,126.71842193603516
2021-05-06,2418.8916015625,3185.76025390625,68.08999633789062,370.53533935546875,2175.7265625,686.898193359375,790.7861328125,80.69376373291016,27103.3359375,644.9630737304688,128.89991760253906
2021-05-07,2421.358642578125,3194.250732421875,68.27999877929688,385.0802307128906,2195.02587890625,712.4522705078125,792.8555908203125,81.57205963134766,27204.76953125,645.0103759765625,135.70809936523438
2021-05-10,2426.3876953125,3150.460693359375,68.31999969482422,408.7457275390625,2214.7802734375,714.0523071289062,794.0830078125,83.36524963378906,26686.814453125,662.8099365234375,140.8861541748047
2021-05-11,2425.7236328125,3154.70556640625,68.55000305175781,396.31298828125,2186.74169921875,691.086669921875,797.999755859375,86.43929290771484,26885.33203125,672.208251953125,138.3690185546875
2021-05-12,2425.676025390625,3174.224609375,69.31999969482422,382.8720703125,2120.150146484375,666.2857666015625,790.80029296875,84.2435531616211,26220.9921875,667.224365234375,135.2526092529297
2021-05-13,,,67.05000305175781,,,,,,,,
2021-05-14,2632.8291015625,3231.349609375,68.70999908447266,367.5111389160156,2163.755859375,665.53271484375,814.7471313476562,82.66993713378906,26104.0703125,656.4020385742188,130.60195922851562
2021-05-17,2640.657470703125,3236.7021484375,69.45999908447266,377.2557678222656,2163.209228515625,672.403564453125,805.9395751953125,83.62142181396484,26704.6953125,652.3201293945312,133.5985107421875
2021-05-18,2677.714111328125,3253.498046875,68.70999908447266,386.0403137207031,2161.388671875,675.2742919921875,812.687255859375,84.97547912597656,26847.806640625,655.7850952148438,136.88275146484375
2021-05-19,2672.06787109375,3261.7578125,66.66000366210938,387.1923522949219,2148.188720703125,664.356201171875,825.3998413085938,84.09717559814453,26904.48046875,667.7464599609375,135.540283203125
2021-05-20,2651.42822265625,3158.535888671875,65.11000061035156,369.8153076171875,2133.987060546875,653.67333984375,817.6421508789062,81.82823944091797,26882.642578125,652.0352783203125,132.23208618164062
2021-05-21,2687.86767578125,3170.71728515625,66.44000244140625,374.2315673828125,2150.4638671875,657.1558837890625,827.658447265625,82.5235366821289,26992.380859375,655.4053955078125,131.20127868652344
2021-05-24,2675.24658203125,3118.437744140625,68.45999908447266,373.75152587890625,2127.068359375,641.3905639648438,821.1874389648438,82.74313354492188,26295.35546875,655.9276123046875,131.82455444335938
2021-05-25,2765.585205078125,3185.9638671875,68.6500015258789,375.57568359375,2133.895751953125,659.6029663085938,828.5571899414062,83.87760925292969,26424.44140625,660.81640625,131.3211212158203
2021-05-26,2791.396484375,3164.196044921875,68.87000274658203,365.7830810546875,2142.953857421875,642.096435546875,829.749267578125,82.96269989013672,26459.568359375,668.1261596679688,128.89991760253906
2021-05-27,2798.751220703125,3162.9453125,69.45999908447266,370.4393005371094,2117.82861328125,641.7670288085938,839.4651489257812,81.86482238769531,27425.662109375,664.0442504882812,128.3485565185547
2021-05-28,2790.54248046875,3171.0966796875,69.62999725341797,372.2633972167969,2113.550048828125,649.2496948242188,828.240234375,82.23077392578125,27024.08984375,635.8020629882812,127.6533432006836
2021-05-31,2825.463623046875,3193.6982421875,,378.5038757324219,2130.25439453125,669.1093139648438,837.045654296875,83.1822738647461,26948.75,634.4256591796875,131.46498107910156
2021-06-01,2781.337890625,3192.679443359375,70.25,378.9359130859375,2146.86865234375,653.67333984375,840.0233764648438,86.07334899902344,26992.8671875,637.0360717773438,128.6122589111328
2021-06-02,2755.431884765625,3219.078369140625,71.3499984741211,382.8720703125,2147.32373046875,664.5443725585938,835.0565185546875,86.18313598632812,27257.443359375,643.1117553710938,131.94442749023438
2021-06-03,2785.4658203125,3238.530517578125,71.30999755859375,383.25616455078125,2151.374755859375,672.1212158203125,841.9580078125,89.65972900390625,27701.326171875,641.2606201171875,133.023193359375
2021-06-04,2775.54931640625,3232.0927734375,71.88999938964844,379.2718811035156,2132.0751953125,678.8038940429688,824.3330688476562,91.81887817382812,27511.259765625,639.789306640625,134.65328979492188
2021-06-07,2783.330810546875,3281.4638671875,71.48999786376953,379.223876953125,2129.57177734375,673.6741333007812,829.3353271484375,91.59930419921875,28490.546875,641.1181640625,133.28688049316406
2021-06-08,2776.830322265625,3336.253662109375,72.22000122070312,372.2633972167969,2147.505615234375,665.9091796875,826.9724731445312,91.34314727783203,28294.66796875,644.345947265625,130.91357421875
2021-06-09,2793.247314453125,3311.19775390625,72.22000122070312,367.8471984863281,2144.774658203125,656.8264770507812,830.4990234375,90.79419708251953,27759.171875,638.7449340820312,129.4272918701172
2021-06-10,2813.79833984375,3312.68017578125,72.5199966430664,370.0072937011719,2165.530517578125,664.30908203125,830.4493408203125,90.72100067138672,27581.767578125,641.7827758789062,130.19439697265625
2021-06-11,2819.186279296875,3295.635986328125,72.69000244140625,377.4477844238281,2154.333251953125,688.2158813476562,829.5174560546875,90.4282455444336,27415.84375,646.7666015625,132.44781494140625
2021-06-14,2813.130615234375,3326.52783203125,72.86000061035156,379.0318908691406,2168.179443359375,686.2864990234375,831.4615478515625,91.34314727783203,27687.548828125,642.7794799804688,131.3211212158203
2021-06-15,2901.151123046875,3364.135009765625,73.98999786376953,375.2396545410156,2193.256591796875,682.4745483398438,836.5372314453125,91.74568939208984,27835.93359375,639.0772705078125,129.90676879882812
2021-06-16,2878.74072265625,3371.1748046875,74.38999938964844,365.06298828125,2207.882080078125,663.9326782226562,849.8009033203125,92.73377227783203,27580.740234375,634.6629638671875,126.74238586425781
2021-06-17,2918.412109375,3388.49609375,73.08000183105469,354.5023193359375,2216.867919921875,655.4146118164062,854.240234375,91.56271362304688,27720.818359375,631.3403930664062,125.256103515625
2021-06-18,2905.9189453125,3352.41748046875,73.51000213623047,356.5184631347656,2276.652099609375,631.1784057617188,835.867919921875,88.01290893554688,27405.875,634.615478515625,120.65337371826172
2021-06-21,2926.27978515625,3379.882080078125,74.9000015258789,352.9182434082031,2305.489990234375,633.3902587890625,834.8506469726562,88.52526092529297,27581.326171875,637.3209228515625,121.94789123535156
2021-06-22,2871.20703125,3381.780517578125,74.80999755859375,352.8702087402344,2283.391845703125,635.5549926757812,824.7943115234375,89.33036804199219,28571.8984375,633.0015869140625,121.01297760009766
2021-06-23,2848.84423828125,3389.561767578125,75.19000244140625,353.3982849121094,2274.451416015625,626.378173828125,823.765380859375,90.28186798095703,28208.529296875,631.5301513671875,120.46157836914062
2021-06-24,2902.152587890625,3417.164794921875,75.55999755859375,354.3103332519531,2283.300048828125,639.0845947265625,833.4601440429688,89.29375457763672,28018.078125,631.1029663085938,120.31777954101562
2021-06-25,2864.626708984375,3399.519287109375,76.18000030517578,360.88671875,2245.2470703125,648.96728515625,828.1126098632812,88.48865509033203,28073.580078125,638.1754150390625,125.71159362792969
2021-06-28,2844.648193359375,3396.925537109375,74.68000030517578,367.0310974121094,2255.837890625,654.473388671875,828.0866088867188,89.5499496459961,27742.416015625,642.0199584960938,128.37254333496094
2021-06-29,2862.33837890625,3387.56982421875,74.76000213623047,359.3026428222656,2285.500244140625,645.5789794921875,832.4903564453125,87.39080047607422,27492.5,643.2542114257812,127.77320098876953
2021-06-30,2853.9462890625,3380.62255859375,75.12999725341797,357.1904602050781,2266.015869140625,643.696533203125,834.0869140625,86.14652252197266,26877.021484375,641.2131958007812,126.02323150634766
2021-07-01,2881.505859375,3330.74267578125,75.83999633789062,364.2469482421875,2272.158935546875,640.54345703125,834.7112426757812,86.98823547363281,26442.517578125,649.4722900390625,126.04721069335938
2021-07-02,2865.67626953125,3283.96484375,76.16999816894531,361.0307312011719,2280.686767578125,631.8372192382812,832.6204833984375,86.69547271728516,26398.5,646.7191772460938,125.63964080810547
2021-07-05,2875.021240234375,3263.818359375,,373.9915466308594,2291.460693359375,639.3930053710938,834.4818725585938,88.52526092529297,26371.8203125,645.7225952148438,130.6259307861328
2021-07-06,2863.291748046875,3259.603515625,74.52999877929688,369.9593200683594,2267.1162109375,639.7732543945312,826.38134765625,88.92781066894531,27135.48828125,639.124755859375,129.7389373779297
2021-07-07,2899.148681640625,3261.7802734375,73.43000030517578,377.927734375,2275.505859375,656.1679077148438,838.057861328125,87.75675964355469,26918.45703125,645.6275024414062,130.530029296875
2021-07-08,2887.895751953125,3234.0380859375,74.12000274658203,367.7991638183594,2244.23828125,635.1162109375,833.4198608398438,85.6707992553711,26952.4609375,633.0966186523438,126.8382568359375
2021-07-09,2871.016357421875,3219.72705078125,75.55000305175781,374.4715576171875,2247.814697265625,647.7567138671875,834.2288818359375,86.29292297363281,26875.21484375,634.0458984375,130.19439697265625
2021-07-12,2860.335693359375,3214.586181640625,75.16000366210938,372.8394775390625,2241.12109375,660.01708984375,834.4841918945312,86.7686538696289,27395.271484375,634.6629638671875,129.90676879882812
2021-07-13,2855.042724609375,3228.57275390625,76.48999786376953,376.5837097167969,2234.28955078125,666.6224975585938,836.8731079101562,88.1227035522461,27429.9140625,648.3804931640625,130.0026397705078
2021-07-14,2862.76708984375,3228.804443359375,74.76000213623047,376.0076904296875,2214.255126953125,665.6719970703125,829.6734619140625,88.41548156738281,27766.357421875,651.180908203125,130.2903289794922
2021-07-15,2845.267822265625,3205.739990234375,73.47000122070312,385.4162902832031,2211.96240234375,664.4364624023438,833.5594482421875,85.56100463867188,27778.81640625,648.3804931640625,129.21156311035156
2021-07-16,2850.70361328125,3187.35302734375,73.58999633789062,389.3044738769531,2216.593017578125,668.71337890625,835.0896606445312,85.4878158569336,27455.076171875,653.6967163085938,130.64990234375
2021-07-19,2843.6943359375,3195.82861328125,68.62000274658203,381.0959777832031,2208.56982421875,663.771240234375,839.7371826171875,83.87760925292969,27358.04296875,654.3137817382812,127.00607299804688
2021-07-20,3012.583251953125,3180.452392578125,69.3499984741211,367.703125,2232.639404296875,648.1844482421875,844.6400146484375,82.41378021240234,27442.125,642.1625366210938,122.78693389892578
2021-07-21,,,72.2300033569336,,,,,,,,
2021-07-22,2962.7080078125,3172.810302734375,73.79000091552734,377.7837829589844,2180.603515625,681.0213012695312,851.2009887695312,84.53631591796875,27498.044921875,652.4625244140625,125.99925231933594
2021-07-23,2940.774658203125,3186.24169921875,74.0999984741211,376.1036682128906,2162.21923828125,681.9717407226562,858.2560424804688,84.38995361328125,27406.384765625,658.8229370117188,128.39649963378906
2021-07-26,2919.270263671875,3225.330810546875,74.5,384.07220458984375,2153.599853515625,669.6162719726562,856.240966796875,83.84100341796875,27388.658203125,667.7464599609375,130.4581298828125
2021-07-27,2888.228759765625,3196.384521484375,74.4800033569336,400.68121337890625,2147.8232421875,675.4138793945312,862.14208984375,83.91419219970703,27287.646484375,653.411865234375,127.26980590820312
2021-07-28,2864.817138671875,3171.698974609375,74.73999786376953,399.67315673828125,2165.244873046875,685.9158935546875,852.5136108398438,83.69462585449219,26921.689453125,652.9371948242188,129.49923706054688
2021-07-29,2858.475830078125,3154.562744140625,76.05000305175781,439.8037109375,2140.808837890625,711.2920532226562,847.414306640625,83.98738861083984,27066.134765625,667.3667602539062,138.3690185546875
2021-07-30,2821.2841796875,3171.05029296875,76.33000183105469,427.0348815917969,2139.478759765625,700.4097900390625,837.3814086914062,84.38995361328125,27679.947265625,734.7205200195312,144.7217254638672
2021-08-02,2836.160888671875,3246.311279296875,72.88999938964844,427.9949645996094,2139.0205078125,709.6763916015625,837.9490356445312,85.7073745727539,28687.12890625,735.7173461914062,150.1874237060547
2021-08-03,2886.65576171875,3309.80810546875,72.41000366210938,430.8751525878906,2188.5810546875,703.5936889648438,864.8856201171875,86.29292297363281,28598.26171875,754.5135498046875,150.01966857910156
2021-08-04,2878.645263671875,3314.53271484375,70.37999725341797,425.0187683105469,2179.640625,710.1990966796875,854.15966796875,85.89036560058594,28529.369140625,745.92236328125,149.10870361328125
2021-08-05,2849.845458984375,3344.9609375,71.29000091552734,425.4028015136719,2161.851806640625,725.40576171875,861.3212280273438,85.52440643310547,28366.3203125,746.3021240234375,149.51625061035156
2021-08-06,2828.913330078125,3338.338134765625,70.69999694824219,424.49072265625,2174.506103515625,719.79833984375,852.423583984375,85.37804412841797,27798.29296875,745.4002075195312,150.61892700195312
2021-08-09,2853.80322265625,3368.071533203125,69.04000091552734,417.3382873535156,2186.42578125,710.294189453125,861.0162353515625,84.17036437988281,27686.99609375,748.8178100585938,148.4134979248047
2021-08-10,2839.116943359375,3369.090576171875,70.62999725341797,409.8978576660156,2183.950439453125,686.3436889648438,864.374755859375,84.06056213378906,26555.640625,753.13720703125,146.11216735839844
2021-08-11,2834.7783203125,3358.253173828125,71.44000244140625,419.2104187011719,2191.8818359375,711.9573364257812,859.38427734375,85.63419342041016,25997.30859375,740.0366821289062,155.55726623535156
2021-08-12,2837.54345703125,3353.8994140625,71.30999755859375,422.6905517578125,2193.578125,711.7672119140625,857.7783813476562,85.08526611328125,26041.86328125,739.1822509765625,155.12576293945312
2021-08-13,2850.1318359375,3315.6904296875,70.58999633789062,427.3306884765625,2204.7646484375,711.9098510742188,864.1973876953125,84.97547912597656,26049.111328125,738.8499755859375,157.5709686279297
2021-08-16,2833.63330078125,3385.8564453125,69.51000213623047,427.0406799316406,2224.845458984375,723.8851318359375,865.4130249023438,84.53631591796875,25440.1484375,741.2232055664062,161.3346405029297
2021-08-17,2875.49853515625,3424.01953125,69.02999877929688,422.0622253417969,2277.477294921875,707.347900390625,886.098388671875,83.32865905761719,25657.251953125,744.4035034179688,145.3450164794922
2021-08-18,2862.385986328125,3446.48193359375,68.2300033569336,412.7335510253906,2279.5400390625,700.885009765625,894.5396118164062,82.8529052734375,25781.666015625,743.2169799804688,141.8690185546875
2021-08-19,,,66.44999694824219,,,,,,,,
2021-08-20,2968.620849609375,3608.76708984375,65.18000030517578,390.2093505859375,2401.813720703125,650.655517578125,925.7711181640625,80.65716552734375,25746.26953125,722.5692749023438,129.09170532226562
2021-08-23,2934.766845703125,3581.256591796875,68.75,393.30279541015625,2415.337890625,650.2753295898438,947.0478515625,81.7916259765625,25447.392578125,722.759765625,131.3450927734375
2021-08-24,2904.727294921875,3531.19091796875,71.05000305175781,406.83660888671875,2414.28369140625,657.35595703125,935.638427734375,82.8529052734375,25689.2734375,734.1813354492188,137.31423950195312
2021-08-25,2897.193359375,3559.535400390625,72.25,416.358642578125,2425.286865234375,649.942626953125,941.787841796875,84.64611053466797,25743.4296875,731.9921875,139.0642547607422
2021-08-26,2898.71923828125,3641.14111328125,71.06999969482422,409.9784240722656,2444.9091796875,638.6802978515625,948.544921875,84.57292938232422,26005.681640625,723.90185546875,137.8656005859375
2021-08-27,2896.001708984375,3651.006103515625,72.69999694824219,423.3188781738281,2455.499755859375,643.9075317382812,944.0346069335938,85.37804412841797,26340.296875,734.6096801757812,140.2868194580078
2021-08-30,2964.61572265625,3692.50390625,73.41000366210938,433.13092041015625,2464.440185546875,652.5087890625,933.85986328125,87.93973541259766,26595.00390625,749.2677001953125,143.1635284423828
2021-08-31,3052.92236328125,3702.831787109375,72.98999786376953,452.7066345214844,2497.816650390625,653.5067138671875,920.875244140625,88.23249816894531,27701.634765625,755.78759765625,145.17721557617188
2021-09-01,3149.62109375,3719.3662109375,71.58999633789062,442.8462829589844,2505.88525390625,643.099609375,937.86181640625,87.61035919189453,27888.041015625,750.5050659179688,142.8998260498047
2021-09-02,3148.5244140625,3784.901123046875,73.02999877929688,441.7345886230469,2568.374267578125,651.0831909179688,957.4332275390625,86.84185791015625,29694.806640625,751.8851928710938,146.61553955078125
2021-09-03,3183.999755859375,3820.192626953125,72.61000061035156,445.9397277832031,2536.877685546875,656.64306640625,958.66552734375,90.09889221191406,29809.91796875,751.3616333007812,147.81414794921875
2021-09-06,3161.82763671875,3778.370361328125,,453.62506103515625,2549.622802734375,652.6038208007812,956.6100463867188,89.03760528564453,29902.70703125,746.4597778320312,151.09841918945312
2021-09-07,3181.5673828125,3793.5615234375,71.69000244140625,446.90643310546875,2546.963623046875,649.8951416015625,963.480712890625,87.79334259033203,30018.3046875,732.80126953125,149.56414794921875
2021-09-08,3181.9013671875,3762.021728515625,72.5999984741211,441.1062316894531,2568.23681640625,652.9840087890625,938.4647827148438,88.42523956298828,30156.58203125,739.9874877929688,152.3673858642578
2021-09-09,3191.19970703125,3770.728759765625,71.44999694824219,448.1147766113281,2577.176513671875,654.789794921875,967.6788940429688,90.80403137207031,30035.689453125,738.8928833007812,153.84544372558594
2021-09-10,,,72.91999816894531,,,,,,,,
2021-09-13,3210.939697265625,3792.07958984375,73.51000213623047,462.42205810546875,2554.895263671875,659.9696044921875,967.4446411132812,91.47309875488281,30027.8515625,742.7001342773438,157.26023864746094
2021-09-14,3206.6005859375,3799.165771484375,73.5999984741211,462.03533935546875,2533.072265625,659.2568359375,956.9530639648438,92.14212036132812,30023.10546875,743.7471313476562,154.5334930419922
2021-09-15,3196.873291015625,3785.13232421875,75.45999908447266,470.5906066894531,2544.90087890625,662.1079711914062,951.690673828125,95.48734283447266,30397.138671875,743.0333251953125,156.5722198486328
2021-09-16,3187.146484375,3772.812744140625,75.66999816894531,467.2071838378906,2538.298828125,655.2650146484375,947.3694458007812,95.67318725585938,30025.2109375,743.4140625,157.54058837890625
2021-09-17,3149.906982421875,3753.175537109375,75.33999633789062,457.2984619140625,2496.119873046875,648.469482421875,954.3632202148438,94.96698760986328,29926.10546875,732.80126953125,153.921875
2021-09-20,3119.867431640625,3783.418701171875,73.91999816894531,429.60247802734375,2567.732177734375,601.8040771484375,961.31201171875,95.5245132446289,29478.041015625,720.0469970703125,146.04739379882812
2021-09-21,3155.77197265625,3775.128662109375,74.36000061035156,435.9826965332031,2578.827392578125,635.7814331054688,955.0183715820312,100.50516510009766,29436.91015625,727.6614379882812,149.28382873535156
2021-09-22,3163.68701171875,3759.33544921875,76.19000244140625,447.5831298828125,2553.198974609375,644.9054565429688,942.5138549804688,99.35292053222656,29175.052734375,732.9916381835938,150.3031768798828
2021-09-23,3166.69091796875,3744.3759765625,77.25,467.1588134765625,2551.181884765625,643.669921875,938.4364013671875,102.40080261230469,29299.17578125,732.7536010742188,152.69866943359375
2021-09-24,3288.708740234375,3744.885009765625,78.08999633789062,462.8087158203125,2518.4931640625,626.4673461914062,939.630859375,101.17422485351562,28802.2421875,733.3248291015625,149.38577270507812
2021-09-27,3271.5908203125,3714.0400390625,79.52999877929688,465.3704528808594,2484.4287109375,616.4879760742188,929.1272583007812,104.0733871459961,28865.111328125,726.2813720703125,146.5825653076172
2021-09-28,3223.003173828125,3708.528564453125,79.08999633789062,462.2286682128906,2497.587158203125,628.0831298828125,924.517578125,105.70882415771484,28636.89453125,737.7506713867188,148.13710021972656
2021-09-29,3168.97998046875,3679.906005859375,78.63999938964844,477.6959228515625,2462.239501953125,646.0934448242188,922.7201538085938,107.60447692871094,28773.453125,772.2063598632812,148.90158081054688
2021-09-30,3094.214599609375,3657.8603515625,78.5199966430664,471.70233154296875,2477.36865234375,635.1636962890625,919.8252563476562,107.41863250732422,28302.568359375,778.8214721679688,146.60804748535156
2021-10-01,3030.51171875,3632.0634765625,79.27999877929688,468.2221984863281,2479.431884765625,640.8187255859375,924.7635498046875,108.71955108642578,28496.466796875,786.7691650390625,145.6906280517578
2021-10-04,3053.16064453125,3605.942138671875,81.26000213623047,488.8612976074219,2463.064453125,647.3765869140625,922.0673828125,109.72310638427734,28682.28125,791.908935546875,152.03607177734375
2021-10-05,3103.846435546875,3596.031005859375,82.55999755859375,478.8076171875,2483.64990234375,645.665771484375,917.4600830078125,121.65436553955078,28170.267578125,780.963134765625,154.43154907226562
2021-10-06,3063.31640625,3648.273681640625,81.08000183105469,460.0535888671875,2462.9267578125,626.5623779296875,906.1832275390625,124.9624252319336,27527.177734375,762.0220336914062,148.2899627685547
2021-10-07,3138.272705078125,3613.07470703125,81.94999694824219,461.6003112792969,2447.660400390625,633.5004272460938,900.908935546875,119.23839569091797,27477.822265625,783.5805053710938,148.21351623535156
2021-10-08,3153.57861328125,3597.0498046875,82.38999938964844,457.8785095214844,2420.748291015625,632.8351440429688,898.108642578125,119.64725494384766,27181.88671875,781.8197021484375,149.8699951171875
2021-10-11,3152.768310546875,3557.497314453125,83.6500015258789,471.267333984375,2425.378662109375,639.0604248046875,902.753662109375,122.65795135498047,27441.689453125,792.432373046875,151.7558135986328
2021-10-12,3169.17041015625,3582.831298828125,83.41999816894531,482.0460510253906,2453.849609375,640.3434448242188,918.4132080078125,121.58001708984375,27131.599609375,789.7198486328125,159.12059020996094
2021-10-13,3169.408935546875,3597.420166015625,83.18000030517578,491.1330261230469,2426.8916015625,647.6616821289062,913.9170532226562,118.9410400390625,27239.21875,801.9505004882812,162.81573486328125
2021-10-14,3144.900390625,3607.74853515625,84.0,498.9150085449219,2429.459228515625,658.4963989257812,914.1417846679688,118.2348403930664,27377.05078125,800.7608032226562,169.16116333007812
2021-10-15,,,84.86000061035156,,,,,,,,
2021-10-18,3091.211181640625,3554.48681640625,84.33000183105469,524.7259521484375,2433.5400390625,680.3084106445312,919.4894409179688,120.50212097167969,27607.041015625,795.6209716796875,191.000732421875
2021-10-19,3036.138671875,3516.092041015625,85.08000183105469,515.9773559570312,2335.244140625,657.2608642578125,916.1780395507812,117.90029907226562,27122.787109375,787.48291015625,189.114990234375
2021-10-20,3022.644775390625,3484.691162109375,85.81999969482422,495.86993408203125,2272.75537109375,651.17822265625,911.883056640625,115.1497802734375,26888.345703125,775.6328735351562,181.57174682617188
2021-10-21,2862.814697265625,3440.553955078125,84.61000061035156,477.3092346191406,2242.588134765625,640.6760864257812,909.7781372070312,115.22411346435547,27046.302734375,778.964111328125,178.59017944335938
2021-10-22,2844.12353515625,3417.99853515625,85.52999877929688,454.78509521484375,2250.24462890625,634.6884155273438,899.0663452148438,116.748046875,27163.326171875,773.3961181640625,165.0583038330078
2021-10-25,2782.7568359375,3363.393798828125,85.98999786376953,457.4918518066406,2251.84912109375,640.8187255859375,884.3814086914062,119.98175811767578,26709.73046875,774.0148315429688,165.87379455566406
2021-10-26,2832.108154296875,3420.59228515625,86.4000015258789,469.8655700683594,2248.158935546875,659.9219970703125,914.4225463867188,121.24554443359375,27202.203125,774.3003540039062,168.47308349609375
2021-10-27,2951.1689453125,3425.270263671875,84.58000183105469,463.8720703125,2211.025634765625,650.940673828125,904.2874145507812,117.37993621826172,27525.216796875,785.3411865234375,160.72608947753906
2021-10-28,2975.32470703125,3410.49560546875,84.31999969482422,453.19000244140625,2204.61328125,634.3558349609375,903.659423828125,111.65589904785156,27608.75,768.6846313476562,153.33578491210938
2021-10-29,2959.85791015625,3404.799072265625,84.37999725341797,444.4896545410156,2207.842529296875,635.9714965820312,904.0757446289062,110.80099487304688,28041.78515625,756.69189453125,154.94122314453125
2021-11-01,2980.575927734375,3407.021728515625,84.70999908447266,462.2286682128906,2220.712646484375,654.789794921875,901.1946411132812,113.84886169433594,28541.70703125,772.68212890625,153.99835205078125
2021-11-02,2962.96044921875,3411.422119140625,84.72000122070312,452.8033142089844,2231.5986328125,639.4879760742188,893.3126220703125,113.70018005371094,28269.861328125,776.1087646484375,156.9799346923828
2021-11-03,3027.21630859375,3362.282470703125,81.98999786376953,462.3736572265625,2224.6337890625,646.5210571289062,891.5615844726562,112.99398040771484,28379.9296875,749.9815063476562,158.33058166503906
2021-11-04,3016.331787109375,3362.282470703125,80.54000091552734,456.86346435546875,2235.242919921875,646.5210571289062,898.7989501953125,113.03114318847656,28445.201171875,757.1201171875,159.12059020996094
2021-11-05,,,82.73999786376953,,,,,,,,
2021-11-08,2996.04296875,3443.656494140625,83.43000030517578,454.1567077636719,2243.591552734375,651.8434448242188,906.412109375,115.1497802734375,28914.615234375,761.4508666992188,165.5169677734375
2021-11-09,3002.869384765625,3354.640869140625,84.77999877929688,449.1298522949219,2242.900390625,643.099609375,901.2492065429688,116.4507064819336,28623.8671875,762.7357788085938,162.3824920654297
2021-11-10,2967.686767578125,3425.871826171875,82.63999938964844,434.7742919921875,2214.30078125,629.5562133789062,901.8274536132812,117.23123931884766,28747.40625,772.0159912109375,164.70150756835938
2021-11-11,2924.9130859375,3374.833740234375,82.87000274658203,438.83447265625,2192.205078125,634.308349609375,897.1215209960938,114.10906219482422,28409.310546875,756.5490112304688,165.0583038330078
2021-11-12,2981.6259765625,3416.099609375,82.16999816894531,452.9482727050781,2218.72900390625,638.0624389648438,910.8467407226562,114.96393585205078,28779.8203125,767.6375732421875,167.27536010742188
2021-11-15,3025.35400390625,3466.721435546875,82.05000305175781,440.71954345703125,2236.995849609375,628.7008666992188,926.7464599609375,117.30559539794922,28474.57421875,771.63525390625,165.41506958007812
2021-11-16,3009.123291015625,3418.693603515625,82.43000030517578,430.76251220703125,2220.29736328125,631.9323120117188,926.0564575195312,116.82237243652344,27555.76953125,759.9756469726562,169.5944061279297
2021-11-17,3084.1201171875,3348.5732421875,80.27999877929688,430.56915283203125,2205.997802734375,629.5086669921875,926.767822265625,117.00823974609375,27117.158203125,753.2176513671875,172.3721466064453
2021-11-18,3080.87353515625,3308.326416015625,81.23999786376953,425.63897705078125,2213.608642578125,618.2937622070312,923.3634033203125,114.7037582397461,26604.259765625,752.5513305664062,157.76992797851562
2021-11-19,,,78.88999938964844,,,,,,,,
2021-11-22,3113.7177734375,3317.589111328125,79.69999694824219,427.4273681640625,2203.59912109375,624.4239501953125,903.8474731445312,112.96932220458984,26051.701171875,733.6102905273438,167.35183715820312
2021-11-23,3041.442138671875,3392.201171875,82.30999755859375,435.2093505859375,2208.811279296875,649.4198608398438,912.707275390625,113.08496856689453,26186.3046875,747.364013671875,180.7307891845703
2021-11-24,3014.18359375,3356.261474609375,82.25,437.0461120605469,2190.867431640625,649.3723754882812,908.2034301757812,118.28827667236328,26326.587890625,741.4152221679688,176.14370727539062
2021-11-25,3002.010498046875,3309.9931640625,,432.1642150878906,2167.1572265625,647.1389770507812,912.5407104492188,119.56015014648438,26117.75390625,745.1749267578125,187.35659790039062
2021-11-26,3000.912109375,3293.2275390625,72.72000122070312,403.11480712890625,2154.28759765625,597.4796752929688,914.643798828125,113.39329528808594,25408.076171875,730.3265380859375,180.37405395507812
2021-11-29,3002.05810546875,3268.49609375,73.44000244140625,406.159912109375,2149.029052734375,594.5808715820312,904.0877685546875,111.0807113647461,25036.244140625,714.8595581054688,176.7553253173828
2021-11-30,3001.4375,3284.150146484375,70.56999969482422,399.0063171386719,2138.096435546875,578.2337036132812,911.3273315429688,109.53901672363281,25561.28515625,717.28662109375,172.7034454345703
2021-12-01,2996.186279296875,3274.656005859375,68.87000274658203,410.7517395019531,2163.282958984375,605.605712890625,922.9969482421875,109.65464782714844,25551.244140625,709.4342041015625,176.9846954345703
2021-12-02,3036.716064453125,3314.717529296875,69.66999816894531,417.7120361328125,2198.755615234375,614.6821899414062,928.0122680664062,111.00362396240234,25744.947265625,729.3270263671875,172.21922302246094
2021-12-03,2969.739501953125,3291.792236328125,69.87999725341797,410.5101013183594,2162.17578125,612.5912475585938,919.3592529296875,112.46826171875,25376.982421875,715.5734252929688,171.91342163085938
2021-12-06,2900.853271484375,3238.484130859375,73.08000183105469,407.32000732421875,2127.902099609375,610.9755859375,904.8536987304688,110.50257110595703,25081.533203125,701.6294555664062,171.0979461669922
2021-12-07,2893.262939453125,3218.10595703125,75.44000244140625,427.7657470703125,2141.83349609375,627.8930053710938,920.4490356445312,112.46826171875,25212.955078125,707.8637084960938,175.40469360351562
2021-12-08,2967.87744140625,3312.170166015625,75.81999969482422,442.2179260253906,2159.361572265625,639.5831298828125,926.865478515625,114.39540100097656,25610.8359375,721.0465087890625,174.20697021484375
2021-12-09,3034.90185546875,3356.77099609375,74.41999816894531,440.47784423828125,2158.577880859375,640.6760864257812,917.6177368164062,113.58601379394531,25869.01953125,723.140380859375,177.59629821777344
2021-12-10,3134.626708984375,3364.69091796875,75.1500015258789,439.9461975097656,2152.16552734375,645.8558959960938,916.9277954101562,113.74020385742188,25859.177734375,724.6632080078125,178.23342895507812
2021-12-13,3131.47607421875,3324.2119140625,74.38999938964844,442.9913024902344,2125.91845703125,637.3021850585938,903.212158203125,112.50679779052734,25885.814453125,725.8529663085938,181.52084350585938
2021-12-14,3148.32763671875,3315.782470703125,73.69999694824219,446.3263854980469,2138.78857421875,637.064453125,915.431396484375,113.23912811279297,25912.990234375,719.6185302734375,183.43209838867188
2021-12-15,3152.576416015625,3280.53759765625,73.87999725341797,443.08795166015625,2141.233154296875,625.8495483398438,913.7326049804688,110.965087890625,25707.24609375,737.7506713867188,179.8898468017578
2021-12-16,3149.3779296875,3298.13720703125,75.0199966430664,435.49932861328125,2130.669677734375,629.3186645507812,916.304443359375,112.0443115234375,25819.6171875,727.6138916015625,182.20884704589844
2021-12-17,3096.961181640625,3275.489013671875,73.5199966430664,435.1610107421875,2057.55615234375,627.5128173828125,907.8585815429688,107.4576644897461,25681.33984375,731.89697265625,176.14405822753906
2021-12-20,3092.903564453125,3215.975341796875,71.5199966430664,418.6787109375,2093.398193359375,610.7379150390625,898.418212890625,103.2950439453125,24942.4765625,727.1380004882812,171.1915740966797
2021-12-21,3123.360595703125,3247.330322265625,73.9800033569336,430.61749267578125,2096.85791015625,625.659423828125,914.5606079101562,104.87531280517578,25301.96875,741.034423828125,178.42166137695312
2021-12-22,3131.715087890625,3239.22509765625,75.29000091552734,447.92144775390625,2101.2861328125,628.2255859375,913.1378784179688,105.4534683227539,25654.31640625,759.0713500976562,181.1494903564453
2021-12-23,3120.06640625,3292.5791015625,76.8499984741211,445.9397277832031,2122.504638671875,618.0086669921875,913.9920043945312,108.30562591552734,25787.005859375,754.2646484375,182.20884704589844
2021-12-24,3136.2021484375,3280.259765625,,443.61962890625,2119.091552734375,619.006591796875,914.7366333007812,106.76390838623047,25765.658203125,747.5543823242188,183.16226196289062
2021-12-27,3124.36279296875,3254.23095703125,78.5999984741211,437.72271728515625,2123.197021484375,620.6697998046875,918.4552612304688,105.87742614746094,25750.232421875,755.835205078125,180.3020477294922
2021-12-28,3215.829345703125,3288.92041015625,78.94000244140625,442.8946533203125,2130.301025390625,624.756591796875,920.9605102539062,107.53478240966797,26163.09765625,775.8232421875,182.63258361816406
2021-12-29,3215.11328125,3297.210693359375,79.2300033569336,439.12445068359375,2128.225341796875,623.3786010742188,923.0850830078125,107.07225799560547,26063.74609375,798.3812255859375,179.79888916015625
2021-12-30,3213.4423828125,3310.45654296875,79.31999969482422,434.6776123046875,2145.5234375,613.7793579101562,923.4132690429688,108.30562591552734,25866.0859375,794.2408447265625,176.54132080078125
2021-12-31,3229.91162109375,3340.190673828125,77.77999877929688,459.7152099609375,2177.39794921875,623.426025390625,937.6475830078125,109.77024841308594,26428.13671875,804.9487915039062,180.72576904296875
2022-01-03,3267.5771484375,3350.889404296875,78.9800033569336,462.1319580078125,2178.458740234375,633.9756469726562,936.3270874023438,110.27132415771484,26682.697265625,808.0421752929688,187.39967346191406
2022-01-04,3302.808349609375,3370.24853515625,80.0,460.2469177246094,2215.3154296875,637.1595458984375,946.3720092773438,113.93289947509766,26395.48046875,797.334228515625,177.5741729736328
2022-01-05,3367.2548828125,3389.931884765625,80.80000305175781,459.5218811035156,2228.73876953125,660.0645751953125,948.593994140625,115.8985824584961,26650.62890625,794.8595581054688,176.8326416015625
2022-01-06,3355.654052734375,3404.19677734375,81.98999786376953,463.14703369140625,2206.22802734375,640.5335693359375,934.8807373046875,116.24549102783203,25978.259765625,789.62451171875,179.24264526367188
2022-01-07,3414.51513671875,3461.858642578125,81.75,477.0675354003906,2229.061767578125,639.4879760742188,947.0285034179688,121.0633316040039,26485.71875,789.005859375,179.13674926757812
2022-01-10,3392.74658203125,3490.52685546875,80.87000274658203,476.48748779296875,2220.66650390625,638.7752075195312,937.7570190429688,122.06548309326172,26386.62109375,786.8641967773438,179.66639709472656
2022-01-11,3378.6640625,3467.416259765625,83.72000122070312,470.1556091308594,2217.530029296875,613.6842651367188,940.32421875,124.06969451904297,26478.1796875,792.2897338867188,175.34951782226562
2022-01-12,3383.486083984375,3427.44677734375,84.66999816894531,481.3693542480469,2226.293701171875,624.4714965820312,937.7142333984375,127.15312194824219,26161.826171875,795.906494140625,176.19705200195312
2022-01-13,3299.896240234375,3472.69580078125,84.47000122070312,490.60137939453125,2227.262451171875,653.7442626953125,938.0615234375,126.38227081298828,26298.7265625,823.794677734375,179.9312744140625
2022-01-14,3212.201171875,3438.423095703125,86.05999755859375,489.4897155761719,2180.6728515625,648.8497314453125,923.1088256835938,124.14678192138672,26517.25,818.3218383789062,178.077392578125
2022-01-17,3225.80615234375,3394.98046875,,489.1029968261719,2204.521728515625,664.7216186523438,919.923095703125,127.8469009399414,26974.47265625,812.08740234375,172.56874084472656
2022-01-18,3221.08056640625,3354.91845703125,87.51000213623047,479.4842834472656,2186.023681640625,646.4736938476562,922.1309814453125,126.30518341064453,26592.751953125,805.9005737304688,170.79434204101562
2022-01-19,3132.0009765625,3312.077392578125,88.44000244140625,487.99127197265625,2131.03857421875,641.1988525390625,901.07080078125,131.23867797851562,25855.06640625,798.0957641601562,171.93310546875
2022-01-20,3156.82470703125,3339.403076171875,88.37999725341797,486.63787841796875,2086.663330078125,648.6596069335938,891.4164428710938,128.61776733398438,25532.00390625,780.487060546875,173.28378295898438
2022-01-21,3126.702392578125,3351.583740234375,87.88999938964844,489.8280334472656,2145.338623046875,633.21533203125,902.8433837890625,126.15099334716797,24518.306640625,769.7792358398438,171.24452209472656
2022-01-24,3012.417236328125,3264.095947265625,86.2699966430664,462.4703063964844,2107.6982421875,590.96923828125,890.6384887695312,127.73125457763672,23816.8515625,762.2599487304688,165.3121795654297
2022-01-25,3004.7314453125,3278.406982421875,88.19999694824219,469.5755920410156,2147.045654296875,599.855712890625,894.1119995117188,127.30731964111328,23989.791015625,769.1129760742188,168.46372985839844
2022-01-26,,,89.95999908447266,,,,,,,,
2022-01-27,2975.9453125,3236.5849609375,89.33999633789062,472.86236572265625,2117.61572265625,595.0560913085938,874.8268432617188,127.73125457763672,23465.1953125,772.9677124023438,173.83995056152344
2022-01-28,2970.121337890625,3250.942626953125,90.02999877929688,474.0224609375,2106.72900390625,596.909423828125,874.77685546875,130.12095642089844,23624.720703125,787.48291015625,173.54864501953125
2022-01-31,3009.648193359375,3274.701904296875,91.20999908447266,472.76568603515625,2097.68798828125,597.7647705078125,881.302734375,133.05020141601562,23764.166015625,794.2883911132812,170.4235382080078
2022-02-01,3051.657958984375,3387.060791015625,89.16000366210938,493.98480224609375,2127.1181640625,621.8578491210938,888.4472045898438,131.77825927734375,24961.37890625,848.77978515625,179.11026000976562
2022-02-02,3053.042236328125,3354.131103515625,89.47000122070312,496.83660888671875,2147.64501953125,627.1326293945312,880.3082885742188,132.04806518554688,24741.82421875,847.7327270507812,181.81161499023438
2022-02-03,3058.1025390625,3299.804443359375,91.11000061035156,495.57989501953125,2120.198486328125,620.764892578125,871.0748901367188,129.11880493164062,24286.90234375,840.9747924804688,182.89743041992188
2022-02-04,3090.230224609375,3299.43408203125,93.2699966430664,507.6636962890625,2127.994140625,624.756591796875,872.266845703125,130.7375946044922,24211.6484375,850.873779296875,188.7503204345703
2022-02-07,3031.0830078125,3194.39306640625,92.69000244140625,505.1985168457031,2082.78857421875,618.8641357421875,859.9478149414062,132.6647491455078,24350.212890625,844.3062133789062,193.51747131347656
2022-02-08,3070.848876953125,3217.410888671875,90.77999877929688,509.25872802734375,2089.01611328125,627.3701782226562,860.6328125,128.69483947753906,24250.767578125,851.0164794921875,195.6891326904297
2022-02-09,3082.305908203125,3258.0751953125,91.55000305175781,524.2426147460938,2101.2861328125,630.1739501953125,862.9121704101562,126.38227081298828,24938.365234375,850.3928833007812,199.50282287597656
2022-02-10,3092.235107421875,3274.007568359375,91.41000366210938,529.0277709960938,2106.3603515625,639.202880859375,863.1404418945312,130.3521728515625,24767.916015625,857.9237060546875,201.01235961914062
2022-02-11,3070.801025390625,3223.98779296875,94.44000244140625,524.6293334960938,2083.15771484375,638.1099853515625,847.69287109375,129.6198272705078,24427.404296875,844.30126953125,200.24435424804688
2022-02-14,3001.24658203125,3147.522705078125,96.4800033569336,503.8935546875,2055.988037109375,595.4837646484375,840.795654296875,128.11666870117188,23141.208984375,829.6715087890625,191.4781951904297
2022-02-15,3116.916015625,3221.532958984375,93.27999877929688,516.073974609375,2112.7724609375,608.8847045898438,865.3886108398438,126.53641510009766,24436.13671875,841.1354370117188,197.0133819580078
2022-02-16,3105.697265625,3206.804931640625,94.80999755859375,511.6754455566406,2109.450927734375,606.3660278320312,867.1350708007812,129.92820739746094,24443.150390625,833.5087280273438,194.44436645507812
2022-02-17,3118.109375,3208.75048828125,92.97000122070312,514.8171997070312,2128.870849609375,606.55615234375,862.4814453125,132.39495849609375,24254.306640625,827.4652099609375,195.42430114746094
2022-02-18,3111.04443359375,3225.0068359375,93.54000091552734,511.96551513671875,2133.484375,601.4713745117188,856.9285888671875,129.4271697998047,23887.1171875,827.8009033203125,192.8024139404297
2022-02-21,3104.5517578125,3219.078369140625,,494.9515075683594,2117.108154296875,592.204833984375,861.5345458984375,127.28497314453125,24209.673828125,809.525634765625,187.47914123535156
2022-02-22,3081.16015625,3232.509521484375,96.83999633789062,499.0116882324219,2094.18212890625,591.159423828125,861.7677001953125,128.4923858642578,23930.427734375,811.3964233398438,185.43994140625
2022-02-23,3090.75537109375,3252.332275390625,96.83999633789062,501.4284362792969,2085.371826171875,584.2212524414062,852.995849609375,125.22069549560547,24136.193359375,806.072265625,186.5522003173828
2022-02-24,2930.212158203125,3191.984619140625,99.08000183105469,500.4134216308594,2003.262939453125,541.119873046875,844.3406372070312,122.02687072753906,22712.5546875,784.967041015625,179.05731201171875
2022-02-25,2978.093505859375,3170.448486328125,97.93000030517578,516.1223754882812,2002.61767578125,568.9196166992188,842.9298095703125,124.24696350097656,23527.96875,797.72607421875,192.06085205078125
2022-02-28,3031.035400390625,3174.802001953125,100.98999786376953,554.6453857421875,2003.9090576171875,596.3391723632812,839.31591796875,125.14276123046875,23951.029296875,809.5738525390625,201.43614196777344
2022-03-01,,,104.97000122070312,,,,,,,,
2022-03-02,2891.92626953125,3141.7333984375,112.93000030517578,580.1179809570312,1982.68994140625,612.6387939453125,849.0917358398438,126.9344253540039,23478.1328125,787.50927734375,205.14385986328125
2022-03-03,2741.981201171875,3118.251953125,110.45999908447266,586.1115112304688,1929.0889892578125,622.2379760742188,829.6732788085938,132.659912109375,22393.53125,787.50927734375,209.72560119628906
2022-03-04,2614.28125,3122.837158203125,118.11000061035156,564.36083984375,1863.1251220703125,600.6160278320312,827.5487670898438,128.72607421875,22122.0859375,795.9033813476562,197.78135681152344
2022-03-07,2585.925048828125,2920.999267578125,123.20999908447266,599.1136474609375,1793.4251708984375,605.5582275390625,825.1790161132812,145.6298828125,21572.720703125,789.1881713867188,205.19679260253906
2022-03-08,2600.19873046875,2884.22607421875,127.9800033569336,570.3059692382812,1798.084228515625,598.6201782226562,821.4319458007812,139.51490783691406,22154.951171875,820.2222290039062,201.99229431152344
2022-03-09,2744.892822265625,2893.581298828125,111.13999938964844,568.4691772460938,1843.1978759765625,596.0540161132812,815.8316040039062,136.6326904296875,21547.509765625,832.9332275390625,203.58258056640625
2022-03-10,2781.031005859375,2985.376220703125,109.33000183105469,574.0277709960938,1939.19091796875,618.48388671875,839.789306640625,135.81478881835938,21776.037109375,834.180419921875,207.42117309570312
2022-03-11,2799.362060546875,2964.025390625,112.66999816894531,569.4842529296875,1932.2254638671875,636.541748046875,824.484375,136.8663787841797,21969.296875,865.3104858398438,207.3937530517578
2022-03-14,2828.76904296875,2951.01123046875,106.9000015258789,571.1276245117188,1899.843505859375,631.8847045898438,826.3758544921875,133.828369140625,21936.771484375,855.95703125,206.07766723632812
2022-03-15,2852.01708984375,2985.28369140625,99.91000366210938,541.111572265625,1880.3773193359375,609.35986328125,830.86767578125,127.5576171875,22367.486328125,855.3814697265625,196.15216064453125
2022-03-16,2904.385986328125,3069.39013671875,98.0199966430664,553.6304321289062,1911.6982421875,622.7607421875,848.0830688476562,130.3229522705078,23147.337890625,853.0311279296875,204.734130859375
2022-03-17,2994.706787109375,3108.572509765625,106.63999938964844,557.5938110351562,1939.282958984375,651.130615234375,870.0089721679688,132.659912109375,23632.69140625,874.5199584960938,207.5308380126953
2022-03-18,,,107.93000030517578,,,,,,,,
2022-03-21,2907.966064453125,2998.89990234375,115.62000274658203,570.3059692382812,1892.3704833984375,647.51904296875,850.6072387695312,134.41261291503906,22946.0859375,876.6304321289062,219.3756103515625
2022-03-22,2913.1220703125,2925.58447265625,115.4800033569336,573.689453125,1839.1385498046875,661.9653930664062,829.3283081054688,136.671630859375,22929.41015625,876.9182739257812,221.5691375732422
2022-03-23,2880.326171875,2873.573486328125,121.5999984741211,588.18994140625,1825.3463134765625,669.4737548828125,825.2813720703125,136.7884979248047,22968.548828125,864.1593017578125,224.09165954589844
2022-03-24,2888.48974609375,2875.0556640625,119.02999877929688,601.240478515625,1813.6756591796875,679.6431884765625,828.322021484375,138.22959899902344,22831.75,871.8817749023438,225.46253967285156
2022-03-25,2909.1123046875,2866.39453125,120.6500015258789,601.9654541015625,1801.7747802734375,685.583251953125,816.5738525390625,136.94430541992188,22817.62109375,865.6461791992188,225.13352966308594
2022-03-28,2890.494384765625,2866.672607421875,112.4800033569336,609.2157592773438,1822.1634521484375,693.8994750976562,802.244384765625,137.3727264404297,22757.0,869.0518188476562,226.69638061523438
2022-03-29,2904.958984375,2875.00927734375,110.2300033569336,610.279052734375,1833.188232421875,716.5194702148438,805.1871948242188,133.2052001953125,23196.48828125,881.9547729492188,225.0238494873047
2022-03-30,2942.14697265625,2916.321533203125,113.44999694824219,579.8280029296875,1859.8040771484375,681.9717407226562,823.0831298828125,126.19440460205078,23631.662109375,883.15380859375,218.6352996826172
2022-03-31,2940.618896484375,2970.0458984375,107.91000366210938,550.5369262695312,1890.0179443359375,696.3230590820312,827.0110473632812,127.67444610595703,23576.1875,877.5418090820312,221.18527221679688
2022-04-01,2973.27197265625,2992.5087890625,104.38999938964844,551.5035400390625,1917.233642578125,695.8953247070312,835.4164428710938,130.8292999267578,24145.4140625,871.738037109375,222.52874755859375
2022-04-04,2976.947998046875,3028.9580078125,107.52999877929688,567.9375610351562,1963.6390380859375,696.37060546875,847.92822265625,130.90724182128906,24294.7265625,888.3821411132812,231.11077880859375
2022-04-05,2998.71630859375,3059.89599609375,106.63999938964844,567.3092041015625,1974.1102294921875,697.0834350585938,857.5899047851562,133.8673095703125,24680.162109375,891.3081665039062,229.71241760253906
2022-04-06,3011.3193359375,3040.53662109375,101.06999969482422,561.8955688476562,1976.1861572265625,700.8375244140625,866.7997436523438,134.60736083984375,24263.287109375,890.3487548828125,237.22509765625
2022-04-07,3012.274169921875,3051.281982421875,100.58000183105469,555.612060546875,1997.17431640625,691.9511108398438,865.4505615234375,131.53041076660156,24272.603515625,893.0829467773438,233.3316650390625
2022-04-08,3061.205810546875,3101.115478515625,102.77999877929688,562.3790283203125,2014.01123046875,719.08544921875,878.0315551757812,133.12728881835938,24780.912109375,886.9910888671875,235.9638671875
2022-04-11,3014.61279296875,3103.6630859375,98.4800033569336,557.1588134765625,1995.56005859375,729.3499755859375,876.7728881835938,133.36099243164062,24724.998046875,887.7586059570312,240.0492401123047
2022-04-12,2987.1162109375,3097.59619140625,104.63999938964844,524.2908935546875,1967.144775390625,718.4202880859375,876.3660278320312,131.56935119628906,24645.537109375,883.825439453125,228.67054748535156
2022-04-13,2941.287353515625,3102.737060546875,108.77999877929688,528.54443359375,1985.5037841796875,728.3521118164062,874.681640625,135.73687744140625,24881.861328125,898.6469116210938,233.49624633789062
2022-04-14,,,111.69999694824219,,,,,,,,
2022-04-18,2884.861083984375,3097.41064453125,113.16000366210938,527.1910400390625,2009.029052734375,729.7777099609375,883.20361328125,136.94430541992188,24952.29296875,889.7732543945312,232.59136962890625
2022-04-19,2855.8837890625,3027.0126953125,107.25,522.7925415039062,1949.431396484375,709.3912353515625,854.0404052734375,137.9958953857422,24388.7578125,884.4969482421875,234.45582580566406
2022-04-20,2943.531005859375,3060.636962890625,106.80000305175781,526.8526611328125,1997.312744140625,702.215576171875,871.00830078125,136.71058654785156,25225.505859375,885.9359741210938,231.35752868652344
2022-04-21,3015.376953125,3112.231201171875,108.33000183105469,522.2608642578125,2027.7572021484375,697.7962036132812,870.4224853515625,135.65896606445312,25561.69921875,905.6980590820312,233.03005981445312
2022-04-22,3021.2490234375,3116.12158203125,106.6500015258789,497.0299987792969,1962.2550048828125,687.5316772460938,869.6956176757812,135.54212951660156,25364.220703125,887.18310546875,228.012451171875
2022-04-25,2988.978271484375,3052.94873046875,102.31999969482422,479.0009460449219,1938.0838623046875,680.21337890625,869.0716552734375,132.153564453125,25162.4765625,863.391845703125,220.4998321533203
2022-04-26,2984.251953125,3124.087646484375,104.98999786376953,477.0191955566406,1981.99853515625,685.4407348632812,880.5980224609375,130.0503387451172,25674.267578125,880.7077026367188,225.70933532714844
2022-04-27,3005.925048828125,3092.17724609375,105.31999969482422,475.9075012207031,1978.9998779296875,684.8704223632812,871.3812866210938,128.4145050048828,25089.099609375,869.2437133789062,226.2851104736328
2022-04-28,3100.78076171875,3110.378662109375,107.58999633789062,472.3307189941406,2068.258056640625,692.948974609375,881.1695556640625,128.3755645751953,25381.240234375,883.5377197265625,225.73672485351562
2022-04-29,3090.75537109375,3037.5263671875,109.33999633789062,466.5788269042969,2061.80029296875,691.0957641601562,876.5120239257812,124.98698425292969,25429.21484375,890.87646484375,223.9270782470703
2022-05-02,3055.238037109375,3030.162353515625,107.58000183105469,468.2705383300781,2057.787109375,695.65771484375,881.7838745117188,121.7931900024414,25732.05078125,885.840087890625,223.65292358398438
2022-05-03,,,104.97000122070312,,,,,,,,
2022-05-04,2960.573974609375,3135.89794921875,110.13999938964844,446.2780456542969,2003.40185546875,676.2691650390625,864.9138793945312,126.38912963867188,24715.041015625,864.2551879882812,216.71604919433594
2022-05-05,2937.373046875,3035.44189453125,110.9000015258789,446.229736328125,1998.8349609375,672.6575927734375,841.7701416015625,128.4145050048828,24612.181640625,842.4305419921875,222.1997833251953
2022-05-06,2879.80078125,3063.971923828125,112.38999938964844,428.97406005859375,1982.7821044921875,656.1679077148438,812.6827392578125,130.0503387451172,23518.35546875,847.3710327148438,214.29164123535156
2022-05-09,2869.298095703125,3012.331298828125,105.94000244140625,429.3124694824219,1952.7525634765625,644.71533203125,789.1994018554688,128.3365936279297,23601.396484375,849.3857421875,208.19705200195312
2022-05-10,2946.72998046875,3007.236572265625,102.45999908447266,408.9150390625,2011.5665283203125,613.3040771484375,789.9764404296875,120.31310272216797,23839.095703125,826.7935791015625,196.42410278320312
2022-05-11,2915.509033203125,3019.55615234375,107.51000213623047,408.4800109863281,1995.97509765625,616.7730712890625,789.58447265625,123.54588317871094,22938.23828125,820.0303955078125,193.7781524658203
2022-05-12,2902.4287109375,2979.72607421875,107.44999694824219,392.33612060546875,1973.1873779296875,593.820556640625,775.6024780273438,121.91002655029297,22197.67578125,815.4256591796875,186.8511199951172
2022-05-13,2925.390380859375,3036.831298828125,111.55000305175781,375.0804748535156,2024.2061767578125,570.6778564453125,784.3507690429688,119.61203002929688,22136.798828125,846.6036376953125,174.1565704345703
2022-05-16,2864.1904296875,3042.759521484375,114.23999786376953,377.9322509765625,2045.5628662109375,572.4362182617188,775.5475463867188,119.5730972290039,21563.404296875,849.5775146484375,170.7376251220703
2022-05-17,2912.024169921875,3120.521484375,111.93000030517578,414.1352233886719,2071.1640625,610.0250854492188,780.5467529296875,127.0902099609375,21617.30859375,855.477294921875,190.8646240234375
2022-05-18,2959.85791015625,3144.141845703125,109.11000061035156,421.5788879394531,2113.97119140625,599.7606201171875,781.5126342773438,127.12918090820312,22073.966796875,862.5764770507812,190.151123046875
2022-05-19,2909.064208984375,3086.434326171875,112.04000091552734,403.11480712890625,2089.200439453125,570.4403076171875,769.5894775390625,124.6364517211914,21794.4296875,848.6181640625,180.48895263671875
2022-05-20,2969.261962890625,3195.921142578125,112.55000305175781,414.8119201660156,2145.84619140625,599.8081665039062,806.3013305664062,126.11650848388672,21583.365234375,878.4052734375,186.94032287597656
2022-05-23,3030.605712890625,3230.009033203125,113.41999816894531,399.3930358886719,2195.5263671875,520.4008178710938,812.627685546875,120.81944274902344,21524.998046875,884.5449829101562,181.7376251220703
2022-05-24,2947.207275390625,3214.632080078125,113.55999755859375,387.4542236328125,2130.808349609375,512.9400634765625,821.8468627929688,117.35298919677734,21236.28515625,872.8890991210938,181.6484375
2022-05-25,2709.662353515625,3257.287841796875,114.02999877929688,383.6357727050781,2120.706298828125,502.24786376953125,826.4684448242188,118.87203216552734,20850.16015625,874.1363525390625,181.26197814941406
2022-05-26,2711.667236328125,3298.461181640625,117.4000015258789,394.2695007324219,2103.638916015625,524.3450927734375,844.1011962890625,118.32672882080078,21279.25,863.3439331054688,186.1376190185547
2022-05-27,2706.607421875,3295.358642578125,119.43000030517578,395.52618408203125,2150.135986328125,521.2086791992188,843.5537719726562,112.01703643798828,21510.625,867.1331787109375,183.04574584960938
2022-05-30,2715.343017578125,3312.63330078125,,402.8731689453125,2167.065185546875,512.1321411132812,846.7025146484375,112.21175384521484,22033.84375,852.1677856445312,186.2268524169922
2022-05-31,2730.284912109375,3378.9091796875,122.83999633789062,408.4800109863281,2171.0322265625,523.9174194335938,845.9661865234375,117.82038879394531,21696.279296875,825.5944213867188,190.80517578125
2022-06-01,2723.458740234375,3289.522705078125,116.29000091552734,396.9762268066406,2129.701171875,541.2625122070312,824.4505615234375,116.65191650390625,21377.650390625,805.1129150390625,187.92141723632812
2022-06-02,2776.972900390625,3313.37451171875,117.61000061035156,396.251220703125,2107.88232421875,544.9691162109375,831.7307739257812,118.75515747070312,21223.875,824.587158203125,191.31056213378906
2022-06-03,2756.302490234375,3269.792724609375,119.72000122070312,393.2061462402344,2114.478759765625,534.56201171875,821.0770874023438,118.0930404663086,20246.0546875,829.9114379882812,188.42681884765625
2022-06-06,2689.994384765625,3234.547607421875,119.51000213623047,395.52618408203125,2103.91552734375,550.2914428710938,812.7520141601562,119.92362976074219,19622.8203125,824.8270263671875,190.6862335205078
2022-06-07,2620.53515625,3134.04541015625,120.56999969482422,390.7410583496094,2040.3504638671875,543.7335205078125,800.7975463867188,126.07755279541016,19409.6484375,813.746826171875,187.2376251220703
2022-06-08,2582.822021484375,3113.71337890625,123.58000183105469,390.0643310546875,2026.9267578125,547.5828247070312,799.690673828125,127.28497314453125,19211.826171875,812.7874755859375,186.25653076171875
2022-06-09,2580.037353515625,3100.513671875,123.06999969482422,386.439208984375,2027.527099609375,543.8285522460938,801.8136596679688,128.9597930908203,18833.404296875,823.9156494140625,180.1024932861328
2022-06-10,2601.115234375,3113.111572265625,122.01000213623047,372.9053649902344,2029.556396484375,544.1137084960938,802.1364135742188,128.25868225097656,18814.615234375,811.300537109375,179.09169006347656
2022-06-13,2555.022705078125,3111.39794921875,122.2699966430664,354.2480163574219,2026.788818359375,536.03515625,805.9403686523438,124.28589630126953,18772.236328125,795.7594604492188,172.25384521484375
2022-06-14,2530.6796875,3133.48974609375,121.16999816894531,346.369384765625,2002.89453125,534.0394287109375,806.7532348632812,121.48158264160156,18844.044921875,791.490478515625,173.11602783203125
2022-06-15,2555.406494140625,3135.8515625,118.51000213623047,345.5960388183594,1997.8218994140625,535.084716796875,803.4466552734375,117.93724060058594,18947.39453125,788.8524169921875,173.23495483398438
2022-06-16,2551.853759765625,3140.48291015625,119.80999755859375,324.9085998535156,1997.9619140625,518.7850952148438,806.8753051757812,111.822265625,18356.482421875,781.4654541015625,159.02415466308594
2022-06-17,2477.673583984375,3086.480712890625,113.12000274658203,322.58856201171875,1964.22314453125,527.1011962890625,795.8006591796875,110.18641662597656,17703.03515625,761.1278076171875,156.94308471679688
2022-06-20,2554.974609375,3183.533935546875,,310.79473876953125,2043.752685546875,523.06201171875,811.3269653320312,104.69461059570312,18064.291015625,772.5438232421875,137.02415466308594
2022-06-21,2571.92333984375,3231.306396484375,114.6500015258789,327.9537353515625,2052.221923828125,547.6302490234375,811.5516357421875,108.35580444335938,18199.03515625,784.1995239257812,140.35389709472656
2022-06-22,2560.400390625,3207.13720703125,111.73999786376953,305.91290283203125,2050.22119140625,523.1095581054688,802.1484985351562,105.04515838623047,18145.46875,776.3812255859375,132.05931091308594
2022-06-23,2648.599853515625,3214.487060546875,110.05000305175781,307.024658203125,2096.52392578125,531.235595703125,811.7670288085938,105.0062026977539,18181.6171875,791.3465576171875,130.483642578125
2022-06-24,2651.192626953125,3269.04443359375,113.12000274658203,311.568115234375,2144.26953125,539.6467895507812,823.9772338867188,106.99259948730469,18436.732421875,791.058837890625,131.67282104492188
2022-06-27,2708.8564453125,3259.385986328125,115.08999633789062,318.9634094238281,2159.85888671875,543.305908203125,830.0308837890625,110.22534942626953,18738.734375,801.6593017578125,135.44850158691406
2022-06-28,2618.15966796875,3236.39453125,117.9800033569336,332.1105041503906,2157.06689453125,549.7212524414062,832.2138061523438,116.34036254882812,18871.560546875,794.89599609375,139.61065673828125
2022-06-29,2590.600341796875,3207.608642578125,116.26000213623047,332.6905517578125,2078.70068359375,547.4877319335938,836.7636108398438,120.07941436767578,19015.966796875,804.5852661132812,137.97552490234375
2022-06-30,2588.103515625,3266.264404296875,114.80999755859375,327.3736877441406,2076.04833984375,536.5104370117188,835.3745727539062,118.0541000366211,18648.67578125,796.814697265625,132.59445190429688
2022-07-01,2662.9560546875,3377.404541015625,111.62999725341797,329.79046630859375,2124.212646484375,550.1488037109375,850.9176635742188,102.08504486083984,18848.90234375,795.5195922851562,127.2133560180664
2022-07-04,2679.42431640625,3486.801513671875,,329.1620788574219,2210.629638671875,540.35107421875,860.457275390625,98.15120697021484,18926.01171875,795.66357421875,128.78903198242188
2022-07-05,2656.6669921875,3445.483154296875,102.7699966430664,333.7539367675781,2235.107421875,541.477783203125,860.000732421875,99.24177551269531,19194.169921875,801.8032836914062,129.0565948486328
2022-07-06,2747.69970703125,3609.62548828125,100.69000244140625,329.59710693359375,2325.293212890625,543.33935546875,879.30224609375,94.21736145019531,19611.193359375,803.6259155273438,127.51066589355469
2022-07-07,2776.50732421875,3590.261962890625,104.6500015258789,349.6078796386719,2301.6064453125,562.9840087890625,870.5181274414062,96.2037582397461,19634.4921875,814.8980712890625,135.38905334472656
2022-07-08,2765.36865234375,3596.5751953125,107.0199966430664,345.6443786621094,2323.8505859375,554.75390625,880.7606811523438,94.64579010009766,19554.248046875,822.8123779296875,133.1890106201172
2022-07-11,2816.50244140625,3576.26953125,107.0999984741211,344.3393249511719,2318.03369140625,565.62939453125,884.119873046875,97.76171875,19477.09375,822.3807373046875,136.42958068847656
2022-07-12,2778.235595703125,3510.4052734375,99.48999786376953,335.3489990234375,2279.828125,562.837158203125,866.7022705078125,96.671142578125,19582.994140625,816.9605712890625,137.20254516601562
2022-07-13,2824.32861328125,3510.876220703125,99.56999969482422,337.28240966796875,2324.6884765625,576.700927734375,872.6555786132812,96.94377136230469,19404.9765625,825.1627807617188,137.9160614013672
2022-07-14,2822.35986328125,3556.246337890625,99.0999984741211,337.4757080078125,2324.735107421875,572.1940307617188,878.0900268554688,99.04702758789062,19234.533203125,844.1094360351562,135.50794982910156
2022-07-15,2859.810302734375,3626.680419921875,101.16000366210938,338.8774719238281,2390.536376953125,564.7476806640625,897.609130859375,98.57964324951172,19371.302734375,842.67041015625,135.4782257080078
2022-07-18,2897.932861328125,3556.999755859375,106.2699966430664,354.87640380859375,2376.575439453125,574.1046752929688,890.6229858398438,101.18920135498047,19719.265625,846.891357421875,141.18634033203125
2022-07-19,2899.13330078125,3568.778564453125,107.3499984741211,355.6980895996094,2390.024169921875,573.0267944335938,878.7786254882812,99.63125610351562,19731.556640625,839.696533203125,141.95928955078125
2022-07-20,2886.985595703125,3607.269775390625,106.91999816894531,357.05145263671875,2424.041748046875,578.4155883789062,890.2261352539062,103.25350189208984,19869.20703125,832.2136840820312,150.55117797851562
2022-07-21,2944.265869140625,3632.899658203125,103.86000061035156,363.4316711425781,2426.78759765625,575.6721801757812,900.88232421875,103.68193817138672,20100.017578125,834.2763061523438,151.50253295898438
2022-07-22,2945.513916015625,3647.928955078125,103.19999694824219,368.55523681640625,2457.64111328125,570.6754150390625,908.0072021484375,103.17559814453125,20431.4140625,838.9290771484375,153.61334228515625
2022-07-25,2981.572021484375,3661.54443359375,105.1500015258789,374.1620788574219,2441.818603515625,573.6636962890625,896.942138671875,101.11131286621094,20332.16015625,833.0291137695312,153.4052276611328
2022-07-26,2984.98046875,3587.341064453125,104.4000015258789,369.1835632324219,2370.618896484375,585.6660766601562,885.0809936523438,99.86494445800781,20305.904296875,832.3578491210938,155.27053833007812
2022-07-27,3059.448974609375,3632.004638671875,106.62000274658203,375.70880126953125,2403.05419921875,590.5160522460938,886.6303100585938,100.17655181884766,20670.828125,857.6359252929688,156.5569610595703
2022-07-28,3142.36767578125,3645.9501953125,107.13999938964844,379.333984375,2438.56103515625,604.2330322265625,913.91015625,101.46184539794922,20072.98046875,858.4513549804688,157.90769958496094
2022-07-29,3201.280517578125,3675.207275390625,110.01000213623047,401.229736328125,2454.662109375,616.8721313476562,925.7069091796875,104.49986267089844,20154.146484375,904.834716796875,163.56793212890625
2022-08-01,3192.44580078125,3633.040771484375,100.02999877929688,409.8817138671875,2413.3388671875,626.278076171875,920.7385864257812,107.81051635742188,20595.615234375,881.3312377929688,164.27542114257812
2022-08-02,3261.20068359375,3569.43798828125,100.54000091552734,404.46820068359375,2452.661376953125,635.5861206054688,930.474365234375,106.48625183105469,20756.814453125,879.9402465820312,162.47450256347656
2022-08-03,3302.972412109375,3552.336181640625,96.77999877929688,400.4563903808594,2444.377685546875,639.6030883789062,926.0320434570312,105.6683349609375,20604.90234375,860.5138549804688,160.0946044921875
2022-08-04,3322.993896484375,3557.094482421875,94.12000274658203,407.6583251953125,2445.866943359375,650.919677734375,949.1805419921875,106.1357192993164,20340.861328125,881.1392822265625,160.96292114257812
2022-08-05,3335.861572265625,3475.16455078125,94.91999816894531,397.1212463378906,2462.10791015625,653.6631469726562,952.5995483398438,106.3304672241211,20881.142578125,878.6929321289062,162.89256286621094
2022-08-08,3321.025146484375,3421.738037109375,96.6500015258789,407.3683166503906,2466.715087890625,655.6716918945312,939.7581176757812,106.3304672241211,20840.04296875,873.3688354492188,165.14378356933594
2022-08-09,,,96.30999755859375,,,,,,,,
2022-08-10,3276.084716796875,3437.14404296875,97.4000015258789,425.4456481933594,2459.688232421875,656.553466796875,945.3312377929688,104.22721862792969,20750.865234375,882.29052734375,164.88653564453125
2022-08-11,3269.891357421875,3430.124267578125,99.5999984741211,422.9091796875,2432.604248046875,659.982666015625,941.0325317382812,103.44824981689453,20837.4375,883.5855102539062,165.01513671875
2022-08-12,3291.641357421875,3448.451171875,98.1500015258789,425.59197998046875,2415.153564453125,664.48974609375,934.5125122070312,108.43368530273438,20797.37109375,876.2947387695312,168.81005859375
2022-08-15,,,95.0999984741211,,,,,,,,
2022-08-16,3361.88427734375,3477.37890625,92.33999633789062,418.4215087890625,2461.2705078125,660.2276000976562,941.1926879882812,109.01793670654297,21080.888671875,877.3978881835938,168.8422393798828
2022-08-17,3383.682373046875,3491.277099609375,93.6500015258789,428.22601318359375,2498.638671875,659.0028686523438,943.6959228515625,108.78424835205078,21061.611328125,883.3457641601562,171.2864227294922
2022-08-18,3394.869384765625,3479.828857421875,96.58999633789062,427.34796142578125,2496.218994140625,659.7868041992188,935.2011108398438,108.1063461303711,21259.78125,879.4603881835938,170.77186584472656
2022-08-19,3344.16748046875,3451.08984375,96.72000122070312,416.909423828125,2452.01025390625,651.1156616210938,929.6183471679688,107.34868621826172,21063.826171875,867.5257568359375,168.5206298828125
2022-08-22,3216.644775390625,3464.18701171875,96.4800033569336,408.275634765625,2444.703857421875,629.952392578125,930.15869140625,105.19532012939453,20580.32421875,847.5062866210938,165.20809936523438
2022-08-23,3223.222412109375,3466.30712890625,100.22000122070312,417.4459533691406,2413.10595703125,639.6521606445312,938.4525756835938,106.6707763671875,20772.25,855.061767578125,168.68142700195312
2022-08-24,3244.588134765625,3447.8857421875,101.22000122070312,418.3727722167969,2408.91796875,638.3294677734375,940.6235961914062,108.46522521972656,20989.88671875,847.9393920898438,171.54371643066406
2022-08-25,3228.8876953125,3436.060546875,99.33999633789062,422.1774597167969,2395.841064453125,635.5861206054688,933.7188110351562,108.90386199951172,21348.369140625,844.3782958984375,170.73968505859375
2022-08-26,3191.485595703125,3439.405517578125,100.98999786376953,429.29913330078125,2393.375,653.51611328125,933.7880859375,108.98362731933594,21727.2109375,847.1213989257812,173.40899658203125
2022-08-29,3210.40283203125,3493.58544921875,105.08999633789062,419.68975830078125,2397.330322265625,636.4678955078125,939.4425048828125,108.38545989990234,21528.494140625,846.255126953125,171.12559509277344
2022-08-30,3256.83154296875,3531.37060546875,99.30999755859375,428.2747497558594,2475.556884765625,653.418212890625,952.8074951171875,110.5388412475586,21702.822265625,859.5372924804688,173.8271026611328
2022-08-31,,,96.48999786376953,,,,,,,,
2022-09-01,3309.598388671875,3503.479248046875,92.36000061035156,411.6413269042969,2425.43798828125,648.2252807617188,943.5835571289062,107.42842864990234,21224.044921875,839.1328125,169.29244995117188
2022-09-02,3294.7138671875,3490.382080078125,93.0199966430664,404.7635803222656,2423.2041015625,648.0293579101562,935.3995971679688,105.87322998046875,20734.642578125,836.919189453125,165.4653778076172
2022-09-05,3288.712158203125,3451.13671875,,418.8117370605469,2420.412353515625,668.1639404296875,920.953857421875,106.3916244506836,20936.447265625,851.4043579101562,167.49147033691406
2022-09-06,3260.336669921875,3400.443115234375,92.83000183105469,420.42144775390625,2394.81787109375,670.7113037109375,910.5390625,105.35482025146484,21291.099609375,854.4362182617188,169.71055603027344
2022-09-07,3265.233642578125,3456.13037109375,88.0,422.2750549316406,2386.90673828125,670.76025390625,917.109375,105.6738510131836,22792.1875,860.2109985351562,168.4884796142578
2022-09-08,3313.054931640625,3460.6064453125,89.1500015258789,410.2755432128906,2398.586669921875,671.4951171875,914.4530029296875,105.15545654296875,24048.158203125,860.7402954101562,168.68142700195312
2022-09-09,3305.0849609375,3438.79296875,92.83999633789062,415.5923767089844,2409.336669921875,673.0628051757812,910.9861450195312,106.87015533447266,24094.517578125,856.6016235351562,171.51153564453125
2022-09-12,3295.818359375,3438.79296875,94.0,420.6165466308594,2401.611572265625,673.0628051757812,907.0149536132812,106.87015533447266,23730.232421875,854.3880615234375,173.8914337158203
2022-09-13,3286.215087890625,3540.745849609375,93.16999816894531,425.982177734375,2407.382568359375,677.0798950195312,911.5791625976562,106.79039001464844,23530.837890625,856.7460327148438,178.52252197265625
2022-09-14,3302.30029296875,3530.663818359375,94.0999984741211,431.2015075683594,2393.2353515625,678.843505859375,913.7357177734375,106.23211669921875,23726.546875,850.5862426757812,196.5645294189453
2022-09-15,3260.48046875,3506.683349609375,90.83999633789062,414.0314636230469,2382.99755859375,675.708251953125,908.9660034179688,105.75360107421875,23511.466796875,841.490966796875,202.0961151123047
2022-09-16,3190.525390625,3429.41748046875,91.3499984741211,402.42218017578125,2352.98193359375,671.9849853515625,880.0458374023438,104.67691040039062,22926.54296875,835.4754028320312,187.01287841796875
2022-09-19,3184.4755859375,3384.94287109375,92.0,402.08074951171875,2400.54150390625,666.204345703125,897.310302734375,104.11863708496094,23008.544921875,842.020263671875,181.15968322753906
2022-09-20,3258.367919921875,3439.82958984375,90.62000274658203,411.153564453125,2404.543701171875,675.0713500976562,890.2046508789062,106.23211669921875,22852.80078125,877.7279663085938,180.16270446777344
2022-09-21,3222.6943359375,3548.23681640625,89.83000183105469,401.3003234863281,2441.818603515625,671.0051879882812,891.7945556640625,104.39777374267578,21654.49609375,871.3275756835938,178.74765014648438
2022-09-22,3299.46728515625,3605.055419921875,90.45999908447266,402.0320129394531,2506.177490234375,665.616455078125,891.2398681640625,102.60331726074219,21339.421875,873.92626953125,180.51644897460938
2022-09-23,3260.336669921875,3577.494140625,86.1500015258789,386.666748046875,2496.218994140625,655.4757080078125,884.4306640625,102.5634536743164,20845.791015625,886.53466796875,179.80892944335938
2022-09-26,3301.43603515625,3568.82568359375,84.05999755859375,364.2774658203125,2476.2080078125,633.087646484375,882.3935546875,98.45611572265625,20400.4453125,866.900146484375,170.0
2022-09-27,3332.74072265625,3603.359375,86.2699966430664,364.4725646972656,2493.6123046875,624.12255859375,892.88232421875,99.25365447998047,20808.236328125,863.4834594726562,168.64927673339844
2022-09-28,3428.76708984375,3630.732421875,89.31999969482422,351.9364929199219,2514.879638671875,604.0369873046875,900.9301147460938,97.73833465576172,20494.83203125,883.4066162109375,165.17591857910156
2022-09-29,3250.3017578125,3641.3798828125,88.48999786376953,362.1312255859375,2513.436767578125,605.7516479492188,907.5386962890625,101.00824737548828,20929.9609375,895.7744750976562,167.0090789794922
2022-09-30,3209.634521484375,3621.168212890625,87.95999908447266,381.0084228515625,2509.620849609375,618.8807983398438,915.4595336914062,101.12788391113281,20680.26953125,913.0508422851562,173.69847106933594
2022-10-03,3171.656005859375,3551.34619140625,88.86000061035156,371.6430358886719,2440.794921875,610.9444580078125,908.1817016601562,105.59408569335938,20371.490234375,909.0565185546875,172.6050262451172
2022-10-04,3205.12158203125,3597.7060546875,91.80000305175781,384.4229736328125,2483.095703125,630.197265625,920.5784301757812,106.79039001464844,20657.3125,909.104736328125,179.5516357421875
2022-10-05,,,93.37000274658203,,,,,,,,
2022-10-06,3196.6708984375,3550.027587890625,94.41999816894531,402.5685119628906,2432.883544921875,660.8155517578125,922.8880004882812,105.79347229003906,20963.537109375,918.1036987304688,188.07415771484375
2022-10-07,3210.834716796875,3567.08251953125,97.91999816894531,401.0564270019531,2419.57421875,652.5853271484375,923.8850708007812,106.91002655029297,20926.71484375,919.3069458007812,187.7525634765625
2022-10-10,3147.697509765625,3578.577880859375,96.19000244140625,397.5443420410156,2425.065673828125,652.5363159179688,914.2283325195312,106.2719955444336,20787.982421875,910.54833984375,191.06509399414062
2022-10-11,3167.623046875,3512.66650390625,94.29000091552734,386.37408447265625,2373.9228515625,629.7562866210938,882.2335205078125,104.55729675292969,20453.14453125,909.2971801757812,183.98977661132812
2022-10-12,3119.129638671875,3545.739990234375,92.44999694824219,390.4226989746094,2411.802978515625,637.9375,895.4049072265625,104.75668334960938,20659.671875,919.6919555664062,184.9867706298828
2022-10-13,3081.487548828125,3566.093017578125,94.56999969482422,391.73968505859375,2388.58203125,635.2431640625,897.2338256835938,103.56037902832031,20722.10546875,932.0597534179688,188.4600830078125
2022-10-14,3058.92138671875,3577.0703125,91.62999725341797,387.4472351074219,2397.330322265625,627.3068237304688,905.0927734375,101.76590728759766,20833.060546875,939.6631469726562,185.14756774902344
2022-10-17,3070.540283203125,3559.591552734375,91.62000274658203,378.81341552734375,2411.05859375,618.684814453125,904.7173461914062,101.9254150390625,20481.65625,943.2243041992188,180.1305389404297
2022-10-18,3097.667724609375,3549.367919921875,90.02999877929688,383.8376159667969,2421.9482421875,623.8776245117188,927.0816040039062,102.64319610595703,20616.166015625,941.6363525390625,179.9053955078125
2022-10-19,3085.088134765625,3550.92236328125,92.41000366210938,380.7645263671875,2404.031494140625,613.2470703125,943.8776245117188,101.9254150390625,20966.2890625,940.24072265625,178.32955932617188
2022-10-20,3016.093505859375,3571.322509765625,92.37999725341797,385.54486083984375,2420.691162109375,615.6964721679688,959.27490234375,103.3609848022461,21528.3984375,943.5612182617188,181.9315185546875
2022-10-21,2969.5205078125,3573.725341796875,93.5,384.1302795410156,2470.019287109375,609.4747924804688,970.4569702148438,104.91618347167969,20584.01171875,941.0106201171875,180.16270446777344
2022-10-24,2997.6083984375,3573.725341796875,93.26000213623047,385.88629150390625,2394.81787109375,609.4747924804688,998.1959838867188,105.91310119628906,20691.42578125,949.9617309570312,181.22396850585938
2022-10-25,2962.318603515625,3498.721435546875,93.5199966430664,388.66668701171875,2331.80810546875,631.323974609375,969.8568725585938,104.27814483642578,20942.34765625,954.3408813476562,180.09837341308594
2022-10-26,,,95.69000244140625,,,,,,,,
2022-10-27,2922.515380859375,3538.48486328125,96.95999908447266,402.3246154785156,2344.46630859375,665.861328125,962.7249755859375,105.11555480957031,21151.33203125,973.686767578125,185.4691619873047
2022-10-28,2932.0703125,3559.591552734375,95.7699966430664,395.0566711425781,2349.35205078125,656.847412109375,969.8593139648438,106.63088989257812,21414.4921875,952.84912109375,183.21795654296875
2022-10-31,2988.519287109375,3549.085205078125,94.83000183105469,395.73956298828125,2373.969482421875,660.32568359375,979.5254516601562,106.91002655029297,22359.029296875,978.73974609375,180.61293029785156
2022-11-01,3038.236083984375,3569.296875,94.6500015258789,404.2757568359375,2390.928466796875,672.474853515625,990.4229736328125,107.78731536865234,22259.673828125,997.7005004882812,184.53651428222656
2022-11-02,3011.79052734375,3508.94482421875,96.16000366210938,411.0072021484375,2359.5400390625,670.3684692382812,980.6773681640625,108.82412719726562,21952.66015625,1012.4742431640625,191.1937255859375
2022-11-03,3020.83056640625,3537.306884765625,94.66999816894531,400.3247375488281,2385.822021484375,666.4492797851562,982.4139404296875,108.78424835205078,22432.57421875,1005.0151977539062,194.82785034179688
2022-11-04,3059.3447265625,3584.561279296875,98.56999969482422,420.03118896484375,2361.46142578125,687.5635986328125,982.5029296875,109.9406967163086,22578.384765625,1000.8765869140625,207.08099365234375
2022-11-07,2984.5283203125,3900.266845703125,97.91999816894531,426.8114318847656,2373.12646484375,695.6467895507812,985.1460571289062,110.49897003173828,23013.46484375,989.760009765625,197.17555236816406
2022-11-08,,,95.36000061035156,,,,,,,,
2022-11-09,2968.132080078125,3934.282958984375,92.6500015258789,406.90985107421875,2350.639404296875,692.2665405273438,977.4330444335938,110.57869720458984,22694.50390625,975.515380859375,197.8509063720703
2022-11-10,2928.367431640625,3895.932373046875,93.66999816894531,404.9587097167969,2355.13671875,686.8777465820312,970.4773559570312,111.5357437133789,22023.796875,972.7242431640625,197.56149291992188
2022-11-11,2938.224609375,3862.01123046875,95.98999786376953,419.34832763671875,2345.251953125,704.4649047851562,977.5580444335938,112.0142822265625,22480.45703125,975.515380859375,200.9383544921875
2022-11-14,2936.10888671875,3867.005126953125,93.13999938964844,444.4204406738281,2302.854248046875,704.8568115234375,965.1812744140625,111.05724334716797,22637.724609375,978.73974609375,202.4498748779297
2022-11-15,2961.208251953125,3900.361328125,93.86000061035156,445.7374572753906,2302.573486328125,707.7471313476562,964.7171630859375,113.52960205078125,22814.259765625,977.9214477539062,204.9583740234375
2022-11-16,2964.81396484375,3892.96435546875,92.86000061035156,436.4695739746094,2321.64013671875,693.9321899414062,966.7543334960938,113.9682388305664,22863.666015625,980.4240112304688,200.64889526367188
2022-11-17,2953.803466796875,3887.0283203125,89.77999877929688,429.6893615722656,2304.915771484375,694.2750854492188,961.6121215820312,114.2074966430664,22849.853515625,975.3228759765625,197.657958984375
2022-11-18,2976.787109375,3868.983642578125,87.62000274658203,427.88458251953125,2327.12158203125,693.8832397460938,958.4422607421875,113.05107879638672,22759.69140625,971.713623046875,199.6519012451172
2022-11-21,2976.59423828125,3882.17529296875,87.44999694824219,420.03118896484375,2343.70556640625,682.46875,950.582275390625,113.42790222167969,22833.927734375,965.5056762695312,198.0438995361328
2022-11-22,2984.81640625,3917.557373046875,88.36000061035156,420.1287536621094,2357.10400390625,693.9321899414062,943.45361328125,113.21855163574219,22874.38671875,972.1947021484375,199.45896911621094
2022-11-23,2981.883544921875,3915.248779296875,85.41000366210938,422.7627868652344,2349.280517578125,705.9835815429688,941.1253662109375,114.30718994140625,22897.44140625,979.4615478515625,198.01174926757812
2022-11-24,2995.82763671875,3949.2177734375,,427.6406555175781,2388.4453125,711.2744140625,949.3197021484375,116.7775650024414,22809.787109375,996.2567749023438,199.97349548339844
2022-11-25,2988.95166015625,3942.15087890625,83.62999725341797,429.88446044921875,2377.483154296875,711.5193481445312,939.40576171875,117.69874572753906,22815.095703125,995.0535278320312,203.6076202392578
2022-11-28,3030.3505859375,3969.8056640625,83.19000244140625,420.6165466308594,2366.00537109375,701.1826782226562,953.1678466796875,116.90319061279297,23033.126953125,995.9197998046875,199.74835205078125
2022-11-29,3014.8203125,4037.931884765625,83.02999877929688,425.29931640625,2468.133544921875,717.740966796875,967.875,117.447509765625,22828.861328125,1010.4532470703125,205.7466583251953
2022-11-30,3053.382080078125,4110.4384765625,85.43000030517578,439.6889343261719,2515.1220703125,728.3716430664062,970.888671875,118.15929412841797,23479.16796875,1006.7958984375,207.45068359375
2022-12-01,3057.421142578125,4147.14013671875,86.87999725341797,452.07867431640625,2494.977783203125,731.2130126953125,964.4260864257812,117.28003692626953,23604.7734375,1007.1807250976562,211.47222900390625
2022-12-02,3022.89794921875,4176.96240234375,85.56999969482422,449.8348388671875,2450.23779296875,728.0286254882812,950.0771484375,117.99181365966797,23690.662109375,1000.9728393554688,213.92605590820312
2022-12-05,3035.83203125,4149.119140625,82.68000030517578,469.44378662109375,2454.6884765625,741.3048095703125,950.1253051757812,120.37844848632812,23357.09765625,1000.3953857421875,217.60678100585938
2022-12-06,3040.447998046875,4168.90625,79.3499984741211,458.51739501953125,2487.20068359375,731.6538696289062,957.7687377929688,119.28981018066406,23606.93359375,994.764892578125,214.3350372314453
2022-12-07,3102.762939453125,4139.88427734375,77.16999816894531,452.9566650390625,2536.67236328125,723.2278442382812,957.7567138671875,117.78246307373047,23849.400390625,979.5577392578125,213.27854919433594
2022-12-08,3097.906494140625,4141.1572265625,76.1500015258789,460.1271057128906,2534.892333984375,729.6453247070312,952.6820068359375,119.45730590820312,24073.28125,943.9942626953125,213.92605590820312
2022-12-09,3103.196044921875,4155.66796875,76.0999984741211,451.5421142578125,2550.6328125,725.432373046875,973.673828125,117.82432556152344,24031.54296875,955.5921630859375,210.51797485351562
2022-12-12,3044.919921875,4176.6328125,77.98999786376953,450.66412353515625,2545.9482421875,725.8731689453125,985.48779296875,119.2060775756836,23871.177734375,950.3466796875,210.55203247070312
2022-12-13,3056.603759765625,4170.97900390625,80.68000030517578,446.9081726074219,2539.436279296875,729.2044677734375,980.7232055664062,120.88092041015625,23801.865234375,957.3246459960938,213.4489288330078
2022-12-14,3025.30224609375,4155.1025390625,82.69999694824219,457.8345031738281,2515.4033203125,742.6275024414062,965.099609375,123.60249328613281,23944.7265625,962.7144775390625,215.4256591796875
2022-12-15,3010.541015625,4207.6337890625,81.20999908447266,449.7373046875,2495.352294921875,728.3226318359375,949.4349975585938,123.47689819335938,23888.923828125,964.59130859375,211.94940185546875
2022-12-16,2938.70556640625,4188.08154296875,79.04000091552734,445.59112548828125,2502.895263671875,728.4205932617188,949.4759521484375,123.2675552368164,23327.80078125,956.3621826171875,209.8022918701172
2022-12-19,2962.794677734375,4265.158203125,79.80000305175781,448.9080505371094,2546.744384765625,734.29931640625,965.9725341796875,122.09516143798828,23424.0078125,950.8760986328125,214.2668914794922
2022-12-20,2963.94873046875,4248.71630859375,79.98999786376953,445.8837890625,2505.940185546875,730.72314453125,968.5653686523438,122.13705444335938,23332.02734375,951.2609252929688,212.73329162597656
2022-12-21,2951.92822265625,4163.72412109375,82.19999694824219,445.9813537597656,2498.116455078125,728.0776977539062,977.1587524414062,120.16908264160156,23175.841796875,967.8637084960938,206.66683959960938
2022-12-22,2970.103515625,4137.90625,80.9800033569336,444.37164306640625,2478.580810546875,722.639892578125,976.7932739257812,119.12232971191406,23414.962890625,972.7242431640625,205.88294982910156
2022-12-23,2940.62890625,4081.794677734375,83.91999816894531,419.0556335449219,2455.85986328125,713.135986328125,968.4306640625,117.07067108154297,22881.0234375,963.9656372070312,194.39768981933594
2022-12-26,2938.849609375,4122.7353515625,,432.1282958984375,2452.43994140625,717.3980712890625,957.114501953125,118.32678985595703,23349.626953125,962.52197265625,201.82730102539062
2022-12-27,2993.231201171875,4116.98779296875,84.33000183105469,459.49298095703125,2429.765380859375,749.4860229492188,951.2701416015625,121.25774383544922,23728.21875,962.6182250976562,209.70005798339844
2022-12-28,3003.9052734375,4132.7236328125,83.26000213623047,454.5663757324219,2420.72412109375,746.3016357421875,954.5217895507812,120.50405883789062,23876.880859375,957.6615600585938,207.82557678222656
2022-12-29,2995.683349609375,4097.2470703125,82.26000213623047,458.4198303222656,2406.154052734375,753.8460693359375,952.8094482421875,121.13211822509766,22866.6171875,963.003173828125,209.3251495361328
2022-12-30,2969.478515625,4058.755859375,85.91000366210938,461.78558349609375,2399.595458984375,752.5233154296875,943.0927734375,122.89069366455078,22898.767578125,963.8213500976562,210.21128845214844
2023-01-02,2930.38720703125,4044.33935546875,,475.1508483886719,2397.112548828125,759.6267700195312,940.9547119140625,125.9891357421875,23061.25,959.58642578125,215.45970153808594
2023-01-03,2912.115966796875,3996.943115234375,82.0999984741211,468.175537109375,2381.79345703125,752.3764038085938,948.9276123046875,125.2354736328125,23334.826171875,971.2323608398438,217.81129455566406
2023-01-04,2901.153076171875,3990.489013671875,77.83999633789062,450.22509765625,2376.21826171875,721.4151000976562,938.951171875,122.47200012207031,23604.822265625,966.419921875,210.14308166503906
2023-01-05,2889.132568359375,4064.174072265625,78.69000244140625,454.3224792480469,2420.8173828125,735.5239868164062,951.2701416015625,122.68134307861328,23831.408203125,978.06591796875,212.22206115722656
2023-01-06,2864.177734375,4107.3759765625,78.56999969482422,451.34698486328125,2414.0244140625,713.6258544921875,956.525390625,123.39315795898438,23452.91796875,970.8473510742188,211.06324768066406
2023-01-09,2869.70703125,4112.3232421875,79.6500015258789,459.24908447265625,2458.623779296875,727.3428344726562,966.1673583984375,124.06307983398438,23353.85546875,978.6915283203125,215.0507354736328
2023-01-10,2846.8203125,4077.035888671875,80.0999984741211,465.8829345703125,2477.175537109375,730.13525390625,963.1970825195312,125.06797790527344,23164.287109375,973.879150390625,215.4256591796875
2023-01-11,2827.634765625,4065.2099609375,82.66999816894531,478.9555969238281,2429.765380859375,738.9533081054688,950.4187622070312,122.93258666992188,23122.208984375,989.4231567382812,216.85702514648438
2023-01-12,2804.123046875,4051.029296875,84.02999877929688,473.7850646972656,2426.76708984375,748.0162963867188,955.9480590820312,122.38825225830078,23454.685546875,994.0911865234375,215.80052185058594
2023-01-13,2797.583251953125,4085.751708984375,85.27999877929688,476.5654296875,2458.576416015625,752.9641723632812,951.6718139648438,123.05818176269531,23734.806640625,992.887939453125,217.57272338867188
2023-01-16,2804.21875,4060.78173828125,,471.24859619140625,2433.37255859375,743.8522338867188,949.3268432617188,123.60249328613281,23656.787109375,996.5936279296875,216.14132690429688
2023-01-17,2828.11572265625,4110.203125,85.91999816894531,475.9801025390625,2499.38134765625,742.1865844726562,959.4354248046875,123.8118667602539,23687.416015625,993.94677734375,216.720703125
2023-01-18,2832.29931640625,4140.02587890625,84.9800033569336,490.66241455078125,2516.855712890625,751.6415405273438,953.5477294921875,124.9842758178711,23656.296875,1001.0689697265625,220.9467315673828
2023-01-19,2756.232421875,4119.9560546875,86.16000366210938,486.71136474609375,2482.703125,744.68505859375,946.7052612304688,127.07777404785156,23980.365234375,1001.5023193359375,225.4795379638672
2023-01-20,2680.88720703125,4069.592041015625,87.62999725341797,477.9800109863281,2388.070556640625,726.4610595703125,923.5656127929688,126.9521713256836,24011.28515625,991.6849975585938,225.54766845703125
2023-01-23,2677.665771484375,4087.40087890625,88.19000244140625,482.1261901855469,2432.717041015625,719.1126708984375,931.6011352539062,127.58023834228516,22650.603515625,1009.9237670898438,224.35488891601562
2023-01-24,2702.81298828125,4142.240234375,86.12999725341797,472.8094787597656,2436.558349609375,707.4531860351562,927.9261474609375,127.41272735595703,22229.146484375,1001.6465454101562,224.69566345214844
2023-01-25,2668.578369140625,4134.79638671875,86.12000274658203,477.1507873535156,2457.03125,710.0006713867188,925.27099609375,127.66397094726562,21775.2890625,1001.02099609375,222.3781280517578
2023-01-26,,,87.47000122070312,,,,,,,,
2023-01-27,2618.23583984375,4127.494140625,86.66000366210938,467.2975158691406,2447.47412109375,706.767333984375,924.3497314453125,123.64436340332031,21533.806640625,1004.2451782226562,217.9476318359375
2023-01-30,2660.11572265625,4152.32275390625,84.9000015258789,460.80999755859375,2406.24755859375,687.5146484375,921.9229125976562,121.34151458740234,22206.48046875,1012.2337036132812,219.41311645507812
2023-01-31,2621.312744140625,4068.31982421875,84.48999786376953,456.9565124511719,2414.305908203125,701.9664306640625,914.796630859375,121.34151458740234,23287.2421875,995.6791381835938,226.5701141357422
2023-02-01,2638.52685546875,4118.58935546875,82.83999633789062,456.4199523925781,2411.963134765625,714.9485473632812,918.2647705078125,120.79715728759766,23515.744140625,976.8147583007812,223.57098388671875
2023-02-02,2601.887451171875,4309.02099609375,82.16999816894531,454.02978515625,2468.742919921875,712.6951293945312,911.7589111328125,120.12724304199219,24111.873046875,969.7886352539062,222.92343139648438
2023-02-03,2654.538330078125,4361.60009765625,79.94000244140625,448.42022705078125,2481.76611328125,717.0551147460938,914.1495971679688,120.83902740478516,24057.15234375,989.5675048828125,222.7462158203125
2023-02-06,2648.575927734375,4358.58447265625,80.98999786376953,436.4207763671875,2471.3193359375,696.6755981445312,914.9771118164062,120.16908264160156,23716.322265625,984.9476928710938,217.04116821289062
2023-02-07,2652.278076171875,4340.86962890625,83.69000244140625,419.0556335449219,2437.214111328125,699.6639404296875,912.8846435546875,121.13211822509766,23855.25,968.6336669921875,218.3876953125
2023-02-08,2659.538818359375,4329.51513671875,85.08999633789062,425.83587646484375,2419.974365234375,717.153076171875,913.6973876953125,120.50405883789062,23833.32421875,982.306396484375,222.60455322265625
2023-02-09,2706.659912109375,4369.609375,84.5,433.6891784667969,2423.628173828125,709.1188354492188,913.9573364257812,122.43012237548828,22810.625,976.2942504882812,219.76968383789062
2023-02-10,2697.04296875,4355.8046875,86.38999938964844,422.5677185058594,2415.00830078125,704.4158935546875,915.090087890625,122.84882354736328,23568.494140625,976.1004028320312,220.19491577148438
2023-02-13,2683.72412109375,4323.1083984375,86.61000061035156,417.2508544921875,2418.28759765625,703.5340576171875,915.2319946289062,124.06307983398438,23788.5390625,984.4882202148438,218.81292724609375
2023-02-14,2670.50146484375,4334.27392578125,85.58000183105469,424.1773376464844,2416.97607421875,709.2168579101562,917.930419921875,124.3143081665039,24221.548828125,976.245849609375,222.6754150390625
2023-02-15,2679.30029296875,4323.53173828125,85.37999725341797,423.3481750488281,2387.789794921875,712.4501953125,926.4950561523438,123.5187759399414,24473.01171875,965.23974609375,221.82493591308594
2023-02-16,2698.34130859375,4308.03173828125,85.13999938964844,424.0798645019531,2367.78564453125,713.23388671875,944.19189453125,130.5530548095703,24740.982421875,964.997314453125,223.13607788085938
2023-02-17,2724.9306640625,4271.5185546875,83.0,419.0068664550781,2356.91650390625,713.6749267578125,914.9673461914062,131.13925170898438,25371.189453125,954.6699829101562,222.53363037109375
2023-02-20,2717.189453125,4196.65625,,423.6408386230469,2353.122314453125,708.7269897460938,905.43115234375,129.67379760742188,26115.361328125,954.5730590820312,220.3011932373047
2023-02-21,2709.063720703125,4243.34521484375,83.05000305175781,420.9580383300781,2357.525634765625,705.5426025390625,906.6648559570312,129.04571533203125,26133.08984375,942.160888671875,218.3168487548828
2023-02-22,2688.724365234375,4225.583984375,80.5999984741211,419.2020263671875,2336.819580078125,685.7999877929688,898.2687377929688,128.62701416015625,25821.828125,939.2033081054688,214.91506958007812
2023-02-23,2602.176025390625,4194.48876953125,82.20999908447266,425.7870788574219,2333.63330078125,687.1226196289062,897.0107421875,129.5062713623047,25250.28125,943.0335693359375,214.66700744628906
2023-02-24,2633.477783203125,4186.05517578125,83.16000366210938,405.1050109863281,2327.59033203125,671.1521606445312,898.5933227539062,133.24574279785156,25031.7578125,941.0941772460938,208.67849731445312
2023-02-27,2644.4404296875,4134.890625,82.44999694824219,401.7392883300781,2312.552001953125,666.7431640625,895.7962036132812,133.46067810058594,25260.521484375,935.809326171875,203.64666748046875
2023-02-28,2720.31494140625,4204.1474609375,83.88999938964844,389.4471435546875,2305.5244140625,653.7120971679688,898.0690307617188,130.70977783203125,25696.783203125,927.6152954101562,190.1812286376953
2023-03-01,2731.95068359375,4126.92822265625,84.30999755859375,402.958740234375,2310.77197265625,663.0200805664062,903.304931640625,133.07383728027344,25934.7109375,930.2335205078125,197.44546508789062
2023-03-02,2725.21923828125,4140.49755859375,84.75,400.76373291015625,2300.558837890625,661.4523315429688,889.0137939453125,132.4291229248047,26178.3046875,936.0518188476562,194.82325744628906
2023-03-03,2720.36279296875,4157.22265625,85.83000183105469,406.7146911621094,2315.221923828125,668.5067749023438,887.481689453125,132.6010284423828,25271.212890625,937.6033325195312,204.99319458007812
2023-03-06,2754.6943359375,4070.439697265625,86.18000030517578,404.37335205078125,2328.19921875,660.6195678710938,890.6060180664062,135.99664306640625,25188.025390625,936.0032958984375,203.36318969726562
2023-03-07,,,83.29000091552734,,,,,,,,
2023-03-08,2749.885498046875,4089.096923828125,82.66000366210938,397.7882385253906,2328.433349609375,661.7462768554688,890.7694702148438,136.03961181640625,25624.630859375,928.4880981445312,202.0166015625
2023-03-09,2744.115966796875,4043.915283203125,81.58999633789062,398.86138916015625,2306.227294921875,666.4492797851562,891.60888671875,134.36331176757812,25177.5859375,923.83349609375,202.3355255126953
2023-03-10,2721.6611328125,4062.1005859375,82.77999877929688,395.73956298828125,2310.02197265625,665.6654663085938,889.2061767578125,133.93348693847656,25789.17578125,926.5972290039062,198.3313446044922
2023-03-13,2677.4248046875,4058.897216796875,80.7699966430664,392.422607421875,2300.3251953125,661.9422607421875,881.110595703125,133.93348693847656,25380.59375,925.1911010742188,197.5872039794922
2023-03-14,2640.3056640625,4045.0927734375,77.44999694824219,392.86163330078125,2288.471923828125,658.4640502929688,878.5707397460938,131.7843475341797,24846.5234375,928.1972045898438,198.01242065429688
2023-03-15,2718.968505859375,3998.121337890625,73.69000244140625,396.2273254394531,2254.4140625,665.9104614257812,865.5206298828125,131.1396484375,24951.279296875,922.572998046875,198.72113037109375
2023-03-16,2782.29345703125,4062.289306640625,74.69999694824219,375.5452880859375,2304.306884765625,649.0090942382812,887.5178833007812,130.8387451171875,25091.00390625,938.0881958007812,194.92955017089844
2023-03-17,2752.866455078125,4110.67431640625,72.97000122070312,387.0082092285156,2293.10986328125,662.7261352539062,907.1195678710938,131.6553955078125,24784.46875,928.6820678710938,201.6268310546875
2023-03-20,2745.654052734375,4081.7470703125,73.79000091552734,376.32574462890625,2352.887939453125,654.6428833007812,910.9533081054688,130.92471313476562,24700.201171875,932.0760498046875,198.36676025390625
2023-03-21,2730.219970703125,4018.474365234375,75.31999969482422,379.05731201171875,2307.35205078125,652.2913818359375,910.4506225585938,130.27996826171875,24765.904296875,927.2274780273438,201.05987548828125
2023-03-22,2730.94140625,3999.3935546875,76.69000244140625,383.15472412109375,2320.235107421875,648.8621215820312,905.2699584960938,130.27996826171875,25111.73828125,942.5972290039062,202.22923278808594
2023-03-23,2690.50390625,3997.744384765625,75.91000366210938,389.056884765625,2328.433349609375,654.2999267578125,916.080810546875,131.35455322265625,25032.1015625,948.0275268554688,192.23648071289062
2023-03-24,2691.177001953125,3957.46240234375,74.98999786376953,378.91094970703125,2324.404296875,644.5020751953125,911.6868286132812,128.43173217773438,25129.125,943.3729248046875,191.1734161376953
2023-03-27,2696.2255859375,3971.455078125,78.12000274658203,380.42315673828125,2341.45703125,645.5308227539062,908.6996459960938,129.16241455078125,25200.044921875,953.65185546875,193.2995147705078
2023-03-28,2677.665771484375,3957.509521484375,78.6500015258789,383.3010559082031,2326.278564453125,646.6575927734375,911.3452758789062,126.54049682617188,24815.595703125,954.3790893554688,194.36257934570312
2023-03-29,2664.250732421875,4029.310302734375,78.27999877929688,389.3008117675781,2371.29931640625,665.1755981445312,916.4898681640625,128.38873291015625,25417.77734375,961.8458251953125,199.67788696289062
2023-03-30,,,79.2699966430664,,,,,,,,
2023-03-31,2655.739990234375,4072.607421875,79.7699966430664,395.4468994140625,2398.939453125,674.1895141601562,947.8308715820312,129.8501434326172,25794.294921875,953.3125,194.50436401367188
2023-04-03,2670.50146484375,4074.397216796875,84.93000030517578,392.7153015136719,2376.21826171875,668.4088745117188,947.8765869140625,132.08522033691406,25867.091796875,949.3851318359375,200.13853454589844
2023-04-04,,,84.94000244140625,,,,,,,,
2023-04-05,2700.793212890625,4077.6953125,84.98999786376953,393.44696044921875,2419.927490234375,672.6708984375,953.4852905273438,131.4404754638672,26137.080078125,966.9367065429688,202.86705017089844
2023-04-06,2702.092041015625,4051.546875,85.12000274658203,395.3493347167969,2403.530517578125,668.8987426757812,948.0111694335938,129.4633026123047,25772.3828125,981.4336547851562,208.55422973632812
2023-04-10,2669.87646484375,4020.075927734375,84.18000030517578,401.3978576660156,2372.51708984375,674.5814819335938,939.4465942382812,135.09397888183594,25610.892578125,978.0396728515625,206.03509521484375
2023-04-11,2648.19140625,4030.393798828125,85.61000061035156,407.34881591796875,2387.134033203125,699.174072265625,946.392578125,136.72732543945312,25808.529296875,978.670166015625,208.210693359375
2023-04-12,2679.87744140625,4024.69287109375,87.33000183105469,407.4463806152344,2369.518798828125,703.7300415039062,935.1222534179688,135.52383422851562,25725.298828125,985.8944091796875,210.38632202148438
2023-04-13,2701.995361328125,4086.894287109375,86.08999633789062,411.7388916015625,2376.31201171875,706.0816040039062,936.3272094726562,136.4694366455078,25421.224609375,973.09423828125,210.462646484375
2023-04-14,,,86.30999755859375,,,,,,,,
2023-04-17,2734.066650390625,4158.20068359375,84.76000213623047,418.2264709472656,2390.975341796875,706.620361328125,973.8012084960938,137.67294311523438,25149.31640625,968.4398193359375,212.98179626464844
2023-04-18,2745.125732421875,4122.97900390625,84.7699966430664,421.00677490234375,2380.8564453125,704.8078002929688,993.8526000976562,137.6299591064453,24884.84375,974.35498046875,213.43978881835938
2023-04-19,2701.947509765625,4115.3115234375,83.12000274658203,422.4701232910156,2372.001953125,707.7471313476562,991.8059692382812,137.6299591064453,24387.7109375,965.3366088867188,214.92840576171875
2023-04-20,2734.787841796875,4079.418701171875,81.0999984741211,419.34832763671875,2335.460205078125,701.3295288085938,984.80224609375,136.8133087158203,23890.724609375,957.821533203125,213.43978881835938
2023-04-21,2771.571044921875,4147.84912109375,81.66000366210938,412.0315856933594,2340.47314453125,696.2837524414062,990.8815307617188,137.20016479492188,23528.8828125,959.4700317382812,211.26419067382812
2023-04-24,2780.2255859375,4131.74853515625,82.7300033569336,417.3484191894531,2342.15966796875,705.78759765625,1000.18505859375,137.75892639160156,23512.43359375,949.4821166992188,210.11912536621094
2023-04-25,2786.861083984375,4219.49169921875,80.7699966430664,419.2995300292969,2333.446044921875,710.3435668945312,999.0199584960938,138.10275268554688,23717.361328125,943.0335693359375,212.75279235839844
2023-04-26,2798.400634765625,4221.83984375,77.69000244140625,414.42169189453125,2352.51318359375,708.8248901367188,1016.4743041992188,138.53262329101562,23603.201171875,941.821533203125,210.8443603515625
2023-04-27,2788.736083984375,4232.23876953125,78.37000274658203,420.2751159667969,2313.3017578125,717.300048828125,1022.3261108398438,137.58700561523438,23389.75390625,949.0457763671875,210.76797485351562
2023-04-28,2791.044189453125,4364.21337890625,79.54000091552734,425.4456481933594,2302.38623046875,710.6375122070312,1052.013671875,136.64138793945312,23969.57421875,957.724609375,213.2489776611328
2023-05-01,,,79.30999755859375,,,,,,,,
2023-05-02,2788.3515625,4323.48046875,75.31999969482422,435.2500915527344,2297.138671875,722.9828491210938,1051.2618408203125,141.19749450683594,23828.9140625,943.5669555664062,214.58489990234375
2023-05-03,2817.34521484375,4338.86279296875,72.33000183105469,431.4941711425781,2329.2763671875,717.6429443359375,1057.539306640625,138.53262329101562,23894.814453125,934.4031982421875,212.40927124023438
2023-05-04,2868.45703125,4396.3203125,72.5,434.615966796875,2348.718505859375,723.7666015625,1048.7432861328125,138.4036865234375,24089.6953125,944.4880981445312,212.33290100097656
2023-05-05,2897.40283203125,4433.650390625,75.30000305175781,423.6408386230469,2343.09619140625,718.5247192382812,1064.508056640625,137.8019256591797,24148.599609375,941.0457763671875,209.6992950439453
2023-05-08,2903.653076171875,4407.19775390625,77.01000213623047,434.17694091796875,2357.66650390625,717.9859008789062,1062.738525390625,141.8422393798828,24202.970703125,932.7062377929688,213.05816650390625
2023-05-09,2918.414794921875,4404.08349609375,77.44000244140625,429.591796875,2357.1982421875,709.95166015625,1062.1634521484375,142.0571746826172,23844.03515625,928.439697265625,216.6078338623047
2023-05-10,2924.761474609375,4413.47607421875,76.41000366210938,425.7870788574219,2363.662841796875,709.7067260742188,1065.9654541015625,143.51856994628906,24065.46484375,924.900146484375,218.2490692138672
2023-05-11,3019.34033203125,4442.419921875,74.9800033569336,410.5682067871094,2428.96875,696.2347412109375,1064.5054931640625,143.6045379638672,24503.841796875,931.9305419921875,214.85206604003906
2023-05-12,3011.021728515625,4424.5458984375,74.16999816894531,394.861572265625,2458.0146484375,688.4454345703125,1053.596923828125,142.27207946777344,24379.73046875,927.0335083007812,210.00465393066406
2023-05-15,3011.88720703125,4438.29931640625,75.2300033569336,400.66619873046875,2494.41552734375,691.2868041992188,1053.2320556640625,142.35806274414062,24223.212890625,924.1244506835938,211.5695343017578
2023-05-16,3017.753173828125,4415.3447265625,74.91000366210938,402.3734436035156,2507.20458984375,688.5433959960938,1052.9322509765625,144.42120361328125,24032.513671875,912.4395751953125,213.6306610107422
2023-05-17,2973.85400390625,4439.30517578125,76.95999908447266,397.7394714355469,2493.94677734375,681.0480346679688,1050.61669921875,143.77647399902344,24052.859375,907.591064453125,213.32530212402344
2023-05-18,2989.8173828125,4374.56396484375,75.86000061035156,396.56878662109375,2461.903076171875,678.0597534179688,1048.059326171875,143.0028076171875,23624.67578125,901.4819946289062,212.63827514648438
2023-05-19,2966.16064453125,4312.74609375,75.58000183105469,396.81268310546875,2474.927001953125,679.8233032226562,1048.569091796875,141.75628662109375,24042.662109375,897.7970581054688,215.23377990722656
2023-05-22,2966.593505859375,4311.88330078125,75.98999786376953,397.7394714355469,2471.7880859375,690.35595703125,1039.1253662109375,142.35806274414062,24101.763671875,909.0455932617188,219.47048950195312
2023-05-23,3000.92431640625,4333.63916015625,76.83999633789062,400.27593994140625,2462.605712890625,689.8660888671875,1034.721435546875,141.8422393798828,24394.458984375,903.3727416992188,220.119384765625
2023-05-24,2982.556884765625,4331.8662109375,78.36000061035156,396.9590148925781,2450.097412109375,681.9298706054688,1033.6046142578125,142.91680908203125,23631.078125,923.3002319335938,222.40948486328125
2023-05-25,3003.76123046875,4373.5576171875,76.26000213623047,394.3737487792969,2433.51318359375,682.5667114257812,1038.1634521484375,142.701904296875,23883.537109375,916.3668212890625,225.80648803710938
2023-05-26,3008.425048828125,4405.08984375,76.94999694824219,403.4465637207031,2485.139404296875,687.5146484375,1043.328857421875,140.7677001953125,24602.4921875,940.5123291015625,227.21875
2023-05-29,3017.079833984375,4385.0107421875,,409.64141845703125,2483.218994140625,688.0045166015625,1050.4691162109375,136.68434143066406,24882.576171875,939.1063232421875,229.27987670898438
2023-05-30,3023.8115234375,4383.09423828125,73.54000091552734,403.0075378417969,2489.074951171875,690.35595703125,1042.9759521484375,136.55543518066406,25203.294921875,930.5244750976562,232.33041381835938
2023-05-31,3070.499755859375,4463.4091796875,72.66000366210938,395.98345947265625,2499.38134765625,682.2237548828125,1047.7449951171875,133.1597900390625,24787.8671875,945.7972412109375,226.39198303222656
2023-06-01,3116.41796875,4442.51611328125,74.27999877929688,396.4224548339844,2527.81787109375,679.8233032226562,1057.4716796875,132.08522033691406,24844.236328125,957.77294921875,226.22930908203125
2023-06-02,3113.1005859375,4460.63037109375,76.12999725341797,410.4706115722656,2545.432861328125,692.3155517578125,1065.7939453125,132.9878692626953,24716.990234375,969.3125,227.8562469482422
2023-06-05,3077.038818359375,4487.8974609375,76.70999908447266,409.4463195800781,2525.8505859375,697.75341796875,1055.53076171875,133.589599609375,24501.443359375,978.185302734375,226.39198303222656
2023-06-06,3089.540283203125,4509.74951171875,76.29000091552734,405.397705078125,2521.493408203125,698.439208984375,1049.306396484375,132.08522033691406,25462.693359375,983.0821533203125,225.6598663330078
2023-06-07,3101.12841796875,4689.6923828125,76.94999694824219,412.27545166015625,2544.96435546875,714.99755859375,1081.326416015625,132.25714111328125,25464.466796875,983.85791015625,226.51402282714844
2023-06-08,3089.0595703125,4672.3447265625,75.95999908447266,408.03173828125,2510.952880859375,733.6624755859375,1070.7467041015625,134.19139099121094,25302.970703125,957.0942993164062,225.7818603515625
2023-06-09,3078.943359375,4675.89111328125,74.79000091552734,404.9098815917969,2470.007568359375,733.3685302734375,1067.09912109375,132.6010284423828,25121.138671875,954.1365966796875,225.13111877441406
2023-06-12,3092.689697265625,4696.49755859375,71.83999633789062,406.61712646484375,2476.80029296875,732.1928100585938,1077.5364990234375,133.2887420654297,25385.30078125,955.5911865234375,226.0259246826172
2023-06-13,3158.6142578125,4734.6904296875,74.29000091552734,411.1047668457031,2507.20458984375,741.3538208007812,1087.3621826171875,133.8045196533203,25828.142578125,958.160888671875,226.14796447753906
2023-06-14,3165.729248046875,4736.17578125,73.19999694824219,414.6655578613281,2528.6142578125,757.2262573242188,1098.7783203125,135.69577026367188,25899.314453125,956.8033447265625,228.58840942382812
2023-06-15,3189.108154296875,4768.57080078125,75.66999816894531,412.7144470214844,2520.134765625,755.021728515625,1110.2576904296875,135.52383422851562,25809.68359375,958.4519653320312,228.8323974609375
2023-06-16,3210.88916015625,4834.94140625,76.61000061035156,416.5191650390625,2544.44921875,760.4105224609375,1110.3712158203125,134.96505737304688,25876.66015625,961.9427490234375,227.81556701660156
2023-06-19,3203.967529296875,4812.2744140625,,415.7387390136719,2534.625,756.050537109375,1101.973876953125,135.65280151367188,25665.259765625,971.44580078125,228.22232055664062
2023-06-20,3212.679931640625,4846.20263671875,75.9000015258789,418.4703369140625,2527.87109375,757.5202026367188,1109.74267578125,135.17996215820312,25616.095703125,961.8942260742188,229.9306182861328
2023-06-21,3210.1630859375,4858.7578125,77.12000274658203,410.6657409667969,2528.34326171875,743.4112548828125,1106.651123046875,137.7159423828125,25331.353515625,961.8458251953125,228.79173278808594
2023-06-22,3144.286865234375,4779.68798828125,74.13999938964844,409.7877197265625,2507.32568359375,737.1406860351562,1089.310302734375,136.64138793945312,25327.0078125,960.2942504882812,228.3036651611328
2023-06-23,3192.350830078125,4764.11376953125,73.8499984741211,398.5198974609375,2495.28173828125,731.408935546875,1089.50146484375,134.8791046142578,24822.46875,961.409423828125,224.68368530273438
2023-06-26,3202.467041015625,4800.91748046875,74.18000030517578,404.5684509277344,2505.20068359375,733.6624755859375,1094.0430908203125,134.8791046142578,23397.892578125,964.8034057617188,227.61219787597656
2023-06-27,3219.746826171875,4748.251953125,72.26000213623047,407.5439453125,2504.4921875,747.0855102539062,1094.35498046875,135.69577026367188,23709.837890625,971.44580078125,227.4088134765625
2023-06-28,3241.285888671875,4784.576171875,74.02999877929688,409.93408203125,2513.84375,767.5630493164062,1099.5203857421875,136.2975311279297,23744.63671875,990.83984375,227.73423767089844
2023-06-29,,,74.33999633789062,,,,,,,,
2023-06-30,3254.645263671875,4815.62890625,74.9000015258789,410.6657409667969,2529.8076171875,768.9346313476562,1106.7816162109375,137.8019256591797,23579.826171875,1019.73681640625,226.1072998046875
2023-07-03,3251.402099609375,4800.05419921875,74.6500015258789,415.25091552734375,2551.438720703125,777.94873046875,1094.127685546875,140.0369873046875,23811.3671875,1001.4096069335938,226.22930908203125
2023-07-04,3240.75341796875,4801.8271484375,,415.3972473144531,2550.447021484375,780.545166015625,1093.716796875,138.57559204101562,23772.8203125,1017.021728515625,225.7818603515625
2023-07-05,3266.600341796875,4884.2041015625,76.6500015258789,411.2023010253906,2603.20361328125,775.8912353515625,1107.05224609375,139.9510498046875,24118.869140625,1013.0460205078125,225.70054626464844
2023-07-06,3290.801513671875,4958.43359375,76.5199966430664,415.9825744628906,2604.384521484375,779.4674072265625,1116.6993408203125,142.1861114501953,23907.666015625,1010.9125366210938,227.77491760253906
2023-07-07,3236.88134765625,4844.33349609375,78.47000122070312,412.3730163574219,2548.65283203125,772.4619750976562,1107.35693359375,140.55279541015625,23576.767578125,1004.3186645507812,228.22232055664062
2023-07-10,3236.34912109375,4822.62548828125,77.69000244140625,417.39715576171875,2509.404296875,794.213134765625,1091.599365234375,139.9080352783203,23708.998046875,1013.3368530273438,229.60523986816406
2023-07-11,3284.170654296875,4872.5107421875,79.4000015258789,414.2753601074219,2535.8056640625,784.5708618164062,1104.7510986328125,141.49839782714844,23647.83984375,1039.7613525390625,225.7818603515625
2023-07-12,3297.9169921875,4862.9267578125,80.11000061035156,414.4704895019531,2525.556640625,792.7373046875,1114.7945556640625,144.1203155517578,23949.962890625,1046.0643310546875,225.86322021484375
2023-07-13,3289.97900390625,4878.693359375,81.36000061035156,424.567626953125,2507.656494140625,789.2444458007812,1103.2259521484375,144.249267578125,23842.90625,1043.05810546875,226.18861389160156
2023-07-14,3320.182373046875,4919.76171875,79.87000274658203,436.03057861328125,2528.626953125,791.9009399414062,1118.5653076171875,145.49575805664062,24027.2109375,1040.43994140625,231.72030639648438
2023-07-17,3349.85302734375,4929.58544921875,78.5,436.1768798828125,2533.160888671875,785.3087768554688,1115.311767578125,143.0457763671875,23808.35546875,1044.9490966796875,230.9068145751953
2023-07-18,3401.20849609375,4853.58203125,79.62999725341797,433.6404113769531,2534.199951171875,778.1754150390625,1110.786865234375,143.47560119628906,23640.833984375,1034.81591796875,228.95445251464844
2023-07-19,3402.3701171875,4855.25927734375,79.45999908447266,428.4699401855469,2523.6201171875,779.1593627929688,1109.036865234375,143.34664916992188,23719.857421875,1049.0703125,230.74412536621094
2023-07-20,3413.357666015625,4842.46435546875,79.63999938964844,430.7624816894531,2553.51708984375,786.1942138671875,1112.27587890625,143.73348999023438,23108.556640625,1064.3917236328125,229.5645751953125
2023-07-21,3405.322509765625,4837.1455078125,81.06999969482422,423.88470458984375,2459.764404296875,773.7969360351562,1111.048095703125,146.6133270263672,22792.369140625,1063.9066162109375,226.351318359375
2023-07-24,3430.491943359375,4762.29248046875,82.73999786376953,422.37261962890625,2437.330078125,763.1707763671875,1103.1944580078125,147.00018310546875,22938.712890625,1067.0582275390625,220.69760131835938
2023-07-25,3291.769775390625,4682.45654296875,83.63999938964844,438.51824951171875,2425.900146484375,787.6701049804688,1100.912841796875,148.7194366455078,23377.8046875,1061.870361328125,225.25314331054688
2023-07-26,3265.245361328125,4776.3818359375,82.91999816894531,438.03045654296875,2440.211181640625,792.4912719726562,1102.2178955078125,148.6764678955078,23962.896484375,1078.3067626953125,226.9207763671875
2023-07-27,3261.760009765625,4670.763671875,84.23999786376953,440.3717956542969,2427.50634765625,780.9795532226562,1079.2745361328125,147.00018310546875,23563.146484375,1100.561279296875,225.4564971923828
2023-07-28,3282.379638671875,4699.46875,84.98999786376953,440.4693908691406,2441.439453125,791.2122802734375,1086.7965087890625,147.6879119873047,23739.353515625,1107.957275390625,226.7987060546875
2023-07-31,3269.456298828125,4594.61767578125,85.55999755859375,451.2982177734375,2418.95751953125,803.6094970703125,1090.296630859375,152.2010498046875,23798.9296875,1112.6767578125,224.52096557617188
2023-08-01,3236.1552734375,4617.04443359375,84.91000366210938,452.7615661621094,2409.795166015625,807.6927490234375,1092.2496337890625,151.90017700195312,23792.662109375,1112.7255859375,225.25314331054688
2023-08-02,3255.4677734375,4609.47265625,83.19999694824219,443.3960876464844,2426.65625,791.3106079101562,1106.201416015625,151.2554168701172,23736.44140625,1104.745849609375,221.38906860351562
2023-08-03,3229.76611328125,4599.4091796875,85.13999938964844,442.2253723144531,2409.9833984375,791.5073852539062,1086.550048828125,147.94577026367188,23804.802734375,1110.34130859375,206.66505432128906
2023-08-04,3232.960205078125,4598.9775390625,86.23999786376953,445.8350524902344,2404.977294921875,792.9832763671875,1085.5203857421875,149.02032470703125,23913.2421875,1108.3463134765625,200.97068786621094
2023-08-07,3236.20361328125,4465.9970703125,85.33999633789062,453.4932556152344,2426.891845703125,799.968994140625,1085.75244140625,148.6764678955078,23942.11328125,1129.6094970703125,193.56797790527344
2023-08-08,3241.092529296875,4413.85888671875,86.16999816894531,443.6399841308594,2423.727783203125,788.4080200195312,1074.6309814453125,149.02032470703125,23958.50390625,1117.7857666015625,195.2763214111328
2023-08-09,3224.5869140625,4409.59423828125,87.55000305175781,457.4443359375,2410.833740234375,810.20166015625,1074.1065673828125,152.0720977783203,24018.72265625,1121.8243408203125,198.5302276611328
2023-08-10,3134.4609375,4351.658203125,86.4000015258789,457.4443359375,2396.1923828125,818.1221923828125,1063.052734375,153.5764923095703,23864.228515625,1119.3914794921875,198.36756896972656
2023-08-11,3083.59033203125,4322.7607421875,86.80999755859375,451.1518859863281,2363.225341796875,807.4468383789062,1055.9293212890625,152.32997131347656,23801.099609375,1101.9237060546875,193.7713623046875
2023-08-14,3100.288818359375,4312.50634765625,86.20999908447266,442.6581115722656,2392.79150390625,786.5878295898438,1058.6898193359375,153.01771545410156,23416.05859375,1103.772705078125,190.35475158691406
2023-08-15,,,84.88999938964844,,,,,,,,
2023-08-16,3092.011962890625,4311.4521484375,83.44999694824219,437.15924072265625,2411.211669921875,782.5045776367188,1061.0296630859375,153.92034912109375,23613.44140625,1112.920166015625,192.388427734375
2023-08-17,3081.556884765625,4314.42333984375,84.12000274658203,439.5158996582031,2402.379638671875,777.0438842773438,1047.4720458984375,152.80279541015625,23485.751953125,1114.0394287109375,190.35475158691406
2023-08-18,3062.486328125,4346.48193359375,84.80000305175781,431.56219482421875,2413.24267578125,774.4365234375,1055.3302001953125,151.12173461914062,23235.109375,1104.4052734375,189.8260040283203
2023-08-21,3080.6376953125,4322.953125,84.45999908447266,441.28338623046875,2420.799560546875,781.9634399414062,1065.2088623046875,151.76829528808594,23307.123046875,1106.838134765625,190.63946533203125
2023-08-22,3078.12060546875,4324.05517578125,84.02999877929688,442.21624755859375,2423.680908203125,782.4061889648438,1064.8028564453125,151.85450744628906,23556.380859375,1106.984130859375,191.16822814941406
2023-08-23,3067.56884765625,4324.82177734375,83.20999908447266,452.91937255859375,2431.4736328125,785.0628051757812,1072.4022216796875,151.29415893554688,23366.650390625,1093.5062255859375,193.60867309570312
2023-08-24,3122.55419921875,4353.90966796875,83.36000061035156,448.2551574707031,2438.27490234375,775.2236938476562,1075.387451171875,149.22518920898438,23553.322265625,1088.2513427734375,193.24261474609375
2023-08-25,3155.17724609375,4337.6171875,84.4800033569336,441.87255859375,2421.55517578125,760.7109985351562,1072.6610107421875,150.60450744628906,23546.115234375,1076.57373046875,189.78530883789062
2023-08-28,3155.564697265625,4323.38427734375,84.41999816894531,438.2393798828125,2414.14013671875,760.5633544921875,1065.2137451171875,151.0355224609375,23712.0078125,1086.9864501953125,193.7713623046875
2023-08-29,3180.73388671875,4342.361328125,85.48999786376953,447.8132629394531,2386.2265625,770.0581665039062,1066.5941162109375,151.46658325195312,23820.451171875,1081.7314453125,192.79518127441406
2023-08-30,3189.4462890625,4361.5771484375,85.86000061035156,448.5006103515625,2391.705322265625,774.4857788085938,1073.1444091796875,151.5096893310547,23739.15625,1084.942626953125,192.388427734375
2023-08-31,3152.079833984375,4281.98046875,86.86000061035156,451.544677734375,2366.29541015625,767.1064453125,1062.890869140625,150.13034057617188,23495.625,1081.7314453125,188.97183227539062
2023-09-01,3155.419677734375,4297.890625,88.55000305175781,464.70263671875,2366.05908203125,793.4260864257812,1059.4658203125,156.68212890625,23829.482421875,1079.201171875,192.10374450683594
2023-09-04,3132.186279296875,4319.791015625,,477.860595703125,2362.84765625,796.7713012695312,1050.89208984375,157.71661376953125,25342.013671875,1079.1038818359375,196.61854553222656
2023-09-05,3120.32763671875,4327.2177734375,90.04000091552734,477.320556640625,2368.184814453125,802.8223266601562,1061.3463134765625,157.845947265625,25394.828125,1101.48583984375,196.37449645996094
2023-09-06,3122.263671875,4379.16455078125,90.5999984741211,469.51409912109375,2383.723388671875,801.789306640625,1063.7464599609375,157.80282592773438,25321.0390625,1111.6549072265625,196.33383178710938
2023-09-07,3142.641357421875,4342.3134765625,89.91999816894531,466.51922607421875,2368.56201171875,806.1184692382812,1058.5350341796875,156.68212890625,25408.3984375,1102.60498046875,194.5034942626953
2023-09-08,3134.606201171875,4351.70556640625,90.6500015258789,467.55023193359375,2374.560791015625,802.6255493164062,1057.904296875,159.00973510742188,25639.69140625,1100.07470703125,193.40530395507812
2023-09-11,3155.2744140625,4378.5888671875,90.63999938964844,476.0931396484375,2395.767333984375,810.9888305664062,1069.6904296875,158.10455322265625,25466.251953125,1106.3516845703125,193.8527374267578
2023-09-12,3152.8056640625,4377.24755859375,92.05999755859375,469.1213684082031,2360.43896484375,803.068359375,1078.9093017578125,155.94937133789062,25700.896484375,1114.4771728515625,188.56507873535156
2023-09-13,3173.037841796875,4416.638671875,91.87999725341797,474.4729309082031,2367.712646484375,797.6567993164062,1072.2403564453125,158.53558349609375,25901.734375,1117.883056640625,189.78530883789062
2023-09-14,3136.736083984375,4384.14892578125,93.69999694824219,488.36737060546875,2362.281005859375,797.3124389648438,1086.6417236328125,161.98388671875,26105.537109375,1113.066162109375,192.1444091796875
2023-09-15,3094.52880859375,4344.37353515625,93.93000030517578,487.5818176269531,2332.903564453125,799.7722778320312,1093.6322021484375,160.90631103515625,26450.30078125,1118.9049072265625,192.22576904296875
2023-09-18,3103.870849609375,4405.08984375,94.43000030517578,475.74945068359375,2350.8037109375,795.7874145507812,1103.1607666015625,160.99249267578125,26053.216796875,1116.812744140625,192.388427734375
2023-09-19,,,94.33999633789062,,,,,,,,
2023-09-20,3111.663818359375,4339.14990234375,93.52999877929688,469.6614074707031,2330.21142578125,774.0921020507812,1096.4337158203125,162.24252319335938,25772.611328125,1122.1649169921875,188.56507873535156
2023-09-21,3140.56005859375,4369.0048828125,93.30000305175781,470.8888244628906,2336.3515625,765.8272705078125,1089.339599609375,160.94940185546875,25956.078125,1115.35302734375,184.25363159179688
2023-09-22,3170.230712890625,4374.8515625,93.2699966430664,470.2015075683594,2344.947021484375,761.596435546875,1089.291015625,159.57009887695312,25606.720703125,1101.9237060546875,183.07411193847656
2023-09-25,3217.08447265625,4380.0263671875,93.29000091552734,460.8730773925781,2338.713134765625,767.3523559570312,1094.427734375,159.91488647460938,25524.537109375,1093.8466796875,182.66734313964844
2023-09-26,3187.607177734375,4408.875,93.95999908447266,462.9842224121094,2341.640869140625,767.1064453125,1112.15966796875,161.85458374023438,25698.822265625,1095.598388671875,182.21994018554688
2023-09-27,3196.31982421875,4434.94482421875,96.55000305175781,466.3719482421875,2363.17822265625,767.05712890625,1105.751953125,161.42355346679688,26089.296875,1109.319580078125,170.01773071289062
2023-09-28,3069.069580078125,4336.4189453125,95.37999725341797,458.4182434082031,2324.071044921875,755.7422485351562,1089.5787353515625,161.59596252441406,25302.67578125,1101.875244140625,169.4889373779297
2023-09-29,3060.066162109375,4348.4951171875,95.30999755859375,483.75225830078125,2329.030517578125,767.05712890625,1088.0533447265625,165.3891143798828,25138.115234375,1127.5172119140625,181.04039001464844
2023-10-02,,,90.70999908447266,,,,,,,,
2023-10-03,3065.68115234375,4308.529296875,90.91999816894531,471.2816467285156,2332.147705078125,757.8576049804688,1078.7884521484375,159.13905334472656,25295.171875,1110.7794189453125,187.7109375
2023-10-04,3068.63330078125,4344.03857421875,85.80999755859375,464.84991455078125,2368.9404296875,744.42724609375,1111.2244873046875,157.54421997070312,25140.0390625,1093.6036376953125,181.73184204101562
2023-10-05,3103.822509765625,4345.3798828125,84.06999969482422,462.0513916015625,2379.9921875,743.3449096679688,1107.9610595703125,157.07003784179688,25432.4375,1089.02978515625,180.59298706054688
2023-10-06,3093.658203125,4349.7412109375,84.58000183105469,464.0643615722656,2360.95849609375,752.8888549804688,1107.6494140625,156.4235076904297,25456.228515625,1097.009521484375,181.16241455078125
2023-10-09,3052.079833984375,4334.4541015625,88.1500015258789,461.31494140625,2372.198974609375,745.3619384765625,1106.1798095703125,156.6390380859375,25399.712890625,1092.873779296875,178.11183166503906
2023-10-10,3050.821533203125,4341.5947265625,87.6500015258789,471.968994140625,2376.827880859375,759.4811401367188,1110.346923828125,158.19076538085938,25827.892578125,1096.23095703125,180.71498107910156
2023-10-11,3062.8251953125,4365.55517578125,85.81999969482422,475.1602478027344,2414.801025390625,764.7449951171875,1121.6590576171875,157.97525024414062,26161.162109375,1098.4205322265625,185.18914794921875
2023-10-12,3058.1787109375,4371.11376953125,86.0,475.6512451171875,2415.367919921875,770.84521484375,1115.5244140625,159.00973510742188,26311.35546875,1100.0263671875,184.0095977783203
2023-10-13,3048.20751953125,4384.4833984375,90.88999938964844,471.9198913574219,2427.12841796875,764.7449951171875,1138.6905517578125,159.39768981933594,26506.470703125,1114.5260009765625,184.0095977783203
2023-10-16,3012.631591796875,4395.36181640625,89.6500015258789,474.6693115234375,2416.59619140625,777.9786376953125,1117.1390380859375,160.82009887695312,26316.689453125,1104.794677734375,186.9788055419922
2023-10-17,3014.08349609375,4409.0673828125,89.9000015258789,475.6021728515625,2414.564697265625,777.4375,1127.6175537109375,160.56146240234375,26289.8359375,1106.2542724609375,187.06015014648438
2023-10-18,2997.52978515625,4416.111328125,91.5,476.28948974609375,2407.102783203125,771.780029296875,1124.603271484375,161.16493225097656,26469.55078125,1122.408203125,187.50755310058594
2023-10-19,3002.709228515625,4411.080078125,92.37999725341797,471.2816467285156,2406.961181640625,767.8934936523438,1166.6328125,160.6045684814453,25959.875,1110.827880859375,184.7823944091797
2023-10-20,3006.6298828125,4389.5634765625,92.16000366210938,463.229736328125,2356.94384765625,757.0213012695312,1173.7559814453125,160.5183563232422,25749.810546875,1111.5089111328125,181.20309448242188
2023-10-23,2973.861328125,4342.2177734375,89.83000183105469,448.4515686035156,2345.939208984375,736.9003295898438,1169.7943115234375,159.3545684814453,25374.146484375,1092.2896728515625,174.93927001953125
2023-10-24,,,88.06999969482422,,,,,,,,
2023-10-25,2963.018798828125,4345.236328125,90.12999725341797,452.87030029296875,2340.082763671875,736.2607421875,1172.934326171875,158.9235382080078,25377.306640625,1090.1976318359375,176.3628692626953
2023-10-26,2865.7294921875,4320.365234375,87.93000030517578,448.4024353027344,2339.232421875,716.97607421875,1138.267578125,155.94937133789062,25105.142578125,1074.0435791015625,172.66151428222656
2023-10-27,2860.743896484375,4326.5947265625,90.4800033569336,447.9114685058594,2344.569580078125,720.2229614257812,1162.9876708984375,159.2683563232422,25186.978515625,1081.4393310546875,175.5493621826172
2023-10-30,2872.3125,4276.08642578125,87.44999694824219,448.4024353027344,2341.59375,722.6828002929688,1168.534912109375,162.75975036621094,25610.521484375,1085.2344970703125,176.07814025878906
2023-10-31,2899.99853515625,4242.44580078125,87.41000366210938,451.2009582519531,2346.411376953125,724.5030517578125,1171.58544921875,160.47528076171875,25325.72265625,1059.3492431640625,176.20016479492188
2023-11-01,2840.802001953125,4214.45947265625,84.62999725341797,454.34320068359375,2335.312255859375,712.7944946289062,1160.7862548828125,160.94940185546875,25094.333984375,1086.207763671875,182.0165557861328
2023-11-02,2860.98583984375,4339.00634765625,86.8499984741211,465.6354675292969,2366.28515625,721.55126953125,1172.4122314453125,160.5183563232422,25559.87890625,1102.4102783203125,186.4093475341797
2023-11-03,2887.7509765625,4350.794921875,84.88999938964844,466.617431640625,2387.64697265625,734.0469360351562,1166.929931640625,163.79425048828125,25624.638671875,1110.4385986328125,189.337890625
2023-11-06,2937.644287109375,4431.3505859375,85.18000030517578,473.24554443359375,2376.370849609375,741.8690185546875,1181.05517578125,166.6390838623047,26062.1015625,1119.099609375,189.62258911132812
2023-11-07,2941.572021484375,4461.63720703125,81.61000061035156,475.79852294921875,2375.466796875,736.555908203125,1184.9425048828125,166.5529022216797,26342.99609375,1139.486572265625,193.40530395507812
2023-11-08,3001.5986328125,4476.396484375,79.54000091552734,479.2353210449219,2397.257568359375,744.5255737304688,1180.666015625,168.4063720703125,25933.275390625,1145.0821533203125,192.91722106933594
2023-11-09,2987.00439453125,4458.66552734375,80.01000213623047,475.7003479003906,2356.674072265625,738.7697143554688,1178.00146484375,166.12185668945312,25618.271484375,1144.595458984375,191.33094787597656
2023-11-10,2983.36767578125,4487.2744140625,81.43000030517578,472.60723876953125,2366.046875,742.60693359375,1173.647216796875,168.88047790527344,26020.146484375,1147.660888671875,199.50640869140625
2023-11-13,2992.240966796875,4501.07568359375,82.5199966430664,478.6952819824219,2358.053955078125,748.8548583984375,1171.150390625,168.7943115234375,25859.9296875,1146.152587890625,196.82192993164062
2023-11-14,,,82.47000122070312,,,,,,,,
2023-11-15,3021.914794921875,4514.92431640625,81.18000030517578,496.2719421386719,2365.904052734375,760.415771484375,1175.4388427734375,171.98394775390625,25867.0859375,1149.1693115234375,195.31700134277344
2023-11-16,3035.588134765625,4506.58642578125,77.41999816894531,495.19183349609375,2370.471435546875,756.775390625,1171.0069580078125,173.96673583984375,25838.41015625,1157.5870361328125,194.25946044921875
2023-11-17,3073.0205078125,4522.11279296875,80.61000061035156,488.7601013183594,2406.24951171875,756.430908203125,1185.115234375,169.26844787597656,25863.48046875,1162.5010986328125,194.8289031982422
2023-11-20,3045.33447265625,4516.07470703125,82.31999969482422,488.3182678222656,2384.982421875,749.5927734375,1181.68701171875,170.56155395507812,25620.4921875,1156.0784912109375,194.8695831298828
2023-11-21,3038.449462890625,4504.33349609375,82.44999694824219,497.69580078125,2383.8408203125,763.3182983398438,1185.1346435546875,169.76243591308594,25604.107421875,1169.118408203125,195.4796600341797
2023-11-22,3038.20654296875,4499.015625,81.95999908447266,491.2149963378906,2399.68359375,756.0865478515625,1184.0355224609375,169.5848846435547,25663.333984375,1171.7459716796875,192.26644897460938
2023-11-23,3028.460693359375,4510.13232421875,81.37000274658203,492.88427734375,2397.78076171875,763.0723266601562,1186.0997314453125,169.27410888671875,25589.443359375,1166.5882568359375,190.4767608642578
2023-11-24,3041.26123046875,4451.0458984375,80.58000183105469,498.6286315917969,2393.308349609375,769.4677734375,1173.732421875,167.67591857910156,25316.19921875,1163.3282470703125,188.89048767089844
2023-11-27,,,79.9800033569336,,,,,,,,
2023-11-28,3053.092529296875,4517.46484375,81.68000030517578,506.2877197265625,2388.8837890625,769.762939453125,1177.605224609375,172.2041015625,25732.830078125,1159.3385009765625,190.6801300048828
2023-11-29,3053.092529296875,4603.9140625,83.0999984741211,508.1043701171875,2402.68115234375,780.4876098632812,1170.258056640625,170.47276306152344,25771.775390625,1169.8968505859375,189.90733337402344
2023-11-30,3025.502685546875,4650.87646484375,82.83000183105469,506.33685302734375,2422.1875,788.2112426757812,1178.4586181640625,173.09197998046875,26398.4765625,1192.9114990234375,189.8260040283203
2023-12-01,3077.38427734375,4764.0654296875,78.87999725341797,507.85888671875,2439.410400390625,797.7551879882812,1183.4400634765625,172.73684692382812,26679.62109375,1198.1663818359375,194.74752807617188
2023-12-04,3097.894775390625,4732.43798828125,78.02999877929688,509.871826171875,2476.187255859375,806.4136352539062,1186.5616455078125,179.3959503173828,27361.205078125,1198.069091796875,196.78126525878906
2023-12-05,3128.635498046875,4742.64501953125,77.19999694824219,511.2465515136719,2439.030029296875,808.4798583984375,1196.5830078125,179.3959503173828,27644.373046875,1206.243408203125,197.18798828125
2023-12-06,3154.1396484375,4795.11865234375,74.30000305175781,513.5540771484375,2443.216552734375,811.4315795898438,1214.068359375,179.30714416503906,27442.25,1207.0218505859375,202.9230499267578
2023-12-07,3153.412353515625,4807.43408203125,74.05000305175781,506.7296142578125,2396.21044921875,805.970947265625,1214.396484375,176.59910583496094,27660.8125,1206.000244140625,202.43496704101562
2023-12-08,3134.21142578125,4736.70361328125,75.83999633789062,510.9519348144531,2400.064208984375,825.8458862304688,1205.36962890625,173.9798583984375,27315.0546875,1202.59423828125,199.14035034179688
2023-12-11,3135.18115234375,4738.57177734375,76.02999877929688,512.9649658203125,2382.318115234375,831.5033569335938,1217.7125244140625,175.62245178222656,27939.2890625,1208.04345703125,202.19091796875
2023-12-12,3127.180419921875,4699.1806640625,73.23999786376953,517.9237670898438,2381.4619140625,840.1126098632812,1213.0302734375,173.49154663085938,28239.583984375,1185.2723388671875,200.64527893066406
2023-12-13,3145.5087890625,4714.7548828125,74.26000213623047,523.2261352539062,2390.168212890625,837.7020874023438,1217.759033203125,171.49380493164062,28170.53125,1199.9666748046875,206.09564208984375
2023-12-14,3143.2783203125,4740.9677734375,76.61000061035156,533.291015625,2394.40283203125,833.7664184570312,1205.54931640625,173.9798583984375,28364.216796875,1198.2149658203125,207.15313720703125
2023-12-15,3213.63330078125,4709.57958984375,76.55000305175781,547.185546875,2400.63525390625,853.247802734375,1184.7916259765625,178.508056640625,28389.732421875,1202.5452880859375,209.2275390625
2023-12-18,3231.234130859375,4676.6103515625,77.94999694824219,556.1702880859375,2412.624755859375,841.1458129882812,1184.201171875,176.6879119873047,28190.423828125,1219.088623046875,212.07473754882812
2023-12-19,3235.113037109375,4707.03955078125,79.2300033569336,554.6482543945312,2436.603759765625,844.8845825195312,1239.4110107421875,177.8421173095703,28219.001953125,1211.498291015625,213.2135772705078
2023-12-20,3197.389892578125,4748.92333984375,79.69999694824219,538.2989501953125,2433.55859375,828.69921875,1220.3529052734375,180.41697692871094,27890.326171875,1199.042236328125,204.5500030517578
2023-12-21,3203.014404296875,4849.2216796875,79.38999938964844,546.2035522460938,2429.466796875,828.3549194335938,1221.23291015625,179.9286651611328,27851.630859375,1200.3558349609375,208.210693359375
2023-12-22,3240.20458984375,4946.5009765625,79.06999969482422,560.1470947265625,2450.78173828125,841.5392456054688,1233.515380859375,181.08290100097656,27824.73046875,1210.233154296875,211.30191040039062
2023-12-26,3280.982177734375,5018.2392578125,81.06999969482422,569.3773193359375,2459.48828125,838.5875244140625,1242.9290771484375,184.10169982910156,28239.533203125,1213.979736328125,212.88818359375
2023-12-27,3301.443359375,4999.88525390625,79.6500015258789,594.6622924804688,2481.896728515625,861.8079223632812,1250.631103515625,182.50350952148438,28277.1953125,1218.796630859375,214.33180236816406
2023-12-28,3294.461181640625,5062.37451171875,78.38999938964844,603.2051391601562,2506.1611328125,866.6290283203125,1276.3751220703125,184.94517517089844,28234.353515625,1228.236083984375,218.7050323486328
2023-12-29,3299.45556640625,5116.47705078125,77.04000091552734,603.7451171875,2534.849853515625,866.0878295898438,1292.4404296875,182.05958557128906,28285.486328125,1225.6085205078125,219.55421447753906
2024-01-01,3293.34619140625,5098.60205078125,,599.3756103515625,2526.095703125,863.48046875,1330.9556884765625,182.32595825195312,28096.24609375,1226.38720703125,218.36538696289062
2024-01-02,3288.740234375,5068.939453125,75.88999938964844,605.8563842773438,2487.130126953125,856.1995849609375,1323.6983642578125,183.8353271484375,27727.990234375,1261.37109375,219.2145233154297
2024-01-03,3271.527099609375,5035.34619140625,78.25,582.3389282226562,2480.2314453125,824.1732788085938,1295.1099853515625,184.90077209472656,27859.474609375,1263.706787109375,224.0123748779297
2024-01-04,3277.68505859375,5138.37646484375,77.58999633789062,579.8350219726562,2466.91015625,823.632080078125,1318.5076904296875,190.58319091796875,27993.87890625,1277.6710205078125,226.00791931152344
2024-01-05,3254.0234375,5053.12548828125,78.76000213623047,576.398193359375,2493.0771484375,816.0560302734375,1296.5103759765625,192.18138122558594,26676.4140625,1265.2635498046875,225.7532196044922
2024-01-08,3198.602294921875,4962.07568359375,76.12000274658203,567.217041015625,2453.302978515625,808.7257690429688,1273.6085205078125,193.51319885253906,26978.830078125,1270.226806640625,219.46929931640625
2024-01-09,3168.637451171875,4909.41015625,77.58999633789062,565.5477294921875,2454.730224609375,808.1847534179688,1260.6256103515625,192.3589630126953,26962.294921875,1288.424072265625,221.1251983642578
2024-01-10,3187.401611328125,4875.14697265625,76.80000305175781,569.5736694335938,2452.494140625,816.4495239257812,1253.575439453125,188.31910705566406,26497.5859375,1289.2510986328125,226.77220153808594
2024-01-11,3188.7109375,4923.11572265625,77.41000366210938,566.5297241210938,2413.290771484375,808.82421875,1243.4129638671875,188.09715270996094,26564.513671875,1280.88232421875,233.18348693847656
2024-01-12,3178.6259765625,4936.9169921875,78.29000091552734,571.53759765625,2420.712646484375,812.5138549804688,1239.7174072265625,198.35215759277344,26529.025390625,1290.32177734375,231.44264221191406
2024-01-15,3174.843505859375,4962.07568359375,,564.271240234375,2448.497802734375,811.8743896484375,1238.720703125,207.31971740722656,26469.5,1293.63037109375,231.82479858398438
2024-01-16,3197.147705078125,4917.26904296875,78.29000091552734,569.082763671875,2444.5966796875,818.9093627929688,1236.04638671875,208.74034118652344,26734.455078125,1278.15771484375,231.99464416503906
2024-01-17,3144.199951171875,4851.234375,77.87999725341797,550.13134765625,2438.69677734375,799.5755004882812,1236.5570068359375,206.0323028564453,25801.490234375,1264.095947265625,224.90402221679688
2024-01-18,3068.123291015625,4806.61962890625,79.0999984741211,544.8779907226562,2424.518798828125,790.7202758789062,1216.572509765625,207.36410522460938,26137.271484375,1299.8585205078125,227.19677734375
2024-01-19,3070.062744140625,4924.984375,78.55999755859375,547.0382080078125,2441.07568359375,803.5111694335938,1222.480224609375,214.91110229492188,26307.41015625,1299.71240234375,226.26272583007812
2024-01-22,,,80.05999755859375,,,,,,,,
2024-01-23,2962.27587890625,4838.19970703125,79.55000305175781,531.621826171875,2260.426025390625,777.6835327148438,1197.560302734375,204.12335205078125,27140.822265625,1341.26513671875,214.1195068359375
2024-01-24,2908.697509765625,4928.43505859375,80.04000091552734,554.94287109375,2323.32275390625,799.1326904296875,1222.383056640625,208.0744171142578,27280.408203125,1344.962890625,222.950927734375
2024-01-25,2859.968017578125,4928.09912109375,82.43000030517578,556.955810546875,2310.61962890625,802.576416015625,1206.920654296875,207.8080596923828,27590.033203125,1331.533935546875,223.84255981445312
2024-01-26,,,83.55000305175781,,,,,,,,
2024-01-29,2886.005126953125,4923.3076171875,82.4000015258789,557.6431884765625,2325.939208984375,798.6407470703125,1214.89501953125,224.18943786621094,28046.841796875,1363.2091064453125,227.40907287597656
2024-01-30,2864.7197265625,4880.03515625,82.87000274658203,558.96875,2339.4990234375,798.9359130859375,1211.7344970703125,221.25941467285156,27717.32421875,1334.89111328125,226.0928497314453
2024-01-31,2868.3564453125,4982.25,81.70999908447266,568.8863525390625,2361.289306640625,805.4789428710938,1218.517578125,223.9674530029297,28189.68359375,1380.3363037109375,232.54656982421875
2024-02-01,2840.71875,4934.52099609375,78.69999694824219,560.9326782226562,2353.724609375,788.8016357421875,1199.943115234375,219.88319396972656,29233.41015625,1370.1185302734375,228.0034942626953
2024-02-02,2847.458251953125,4934.76025390625,77.33000183105469,572.96142578125,2333.74267578125,810.300048828125,1206.5560302734375,228.40682983398438,28088.697265625,1378.5845947265625,231.44264221191406
2024-02-05,2829.08154296875,4911.4228515625,77.98999786376953,569.4264526367188,2302.246337890625,801.5433349609375,1197.4632568359375,233.4677734375,26608.791015625,1424.4676513671875,232.3343048095703
2024-02-06,2842.27001953125,4798.85693359375,78.58999633789062,574.336181640625,2308.76416015625,805.5773315429688,1194.5213623046875,241.7694091796875,27215.501953125,1435.4638671875,240.3165283203125
2024-02-07,2890.951171875,4867.095703125,79.20999908447266,581.5533447265625,2307.907958984375,823.14013671875,1215.4056396484375,241.41427612304688,27755.380859375,1455.9970703125,239.72210693359375
2024-02-08,2840.961181640625,4672.82373046875,81.62999725341797,590.43994140625,2299.915283203125,808.8734130859375,1178.183837890625,242.5241241455078,27066.990234375,1459.305908203125,236.5802001953125
2024-02-09,2862.34375,4764.78466796875,82.19000244140625,580.6204833984375,2306.670654296875,798.68994140625,1191.336669921875,237.552001953125,27324.009765625,1502.0740966796875,232.97117614746094
2024-02-12,2864.428466796875,4763.5390625,82.0,571.930419921875,2270.03662109375,798.4439697265625,1195.6884765625,228.98394775390625,26963.451171875,1501.7313232421875,227.706298828125
2024-02-13,2881.6904296875,4774.46533203125,82.7699966430664,500.8870544433594,2277.98193359375,799.5755004882812,1194.8619384765625,230.40457153320312,26947.77734375,1509.3160400390625,228.85267639160156
2024-02-14,2886.3447265625,4802.306640625,81.5999984741211,498.6286315917969,2272.22509765625,800.165771484375,1209.2789306640625,238.7062530517578,26600.466796875,1487.9810791015625,237.47181701660156
2024-02-15,2925.280029296875,4744.70556640625,82.86000061035156,503.9311218261719,2236.92333984375,799.2802734375,1196.3814697265625,246.2088165283203,26041.18359375,1477.704833984375,227.53646850585938
2024-02-16,2916.891845703125,4709.38818359375,83.47000122070312,506.38592529296875,2260.14111328125,806.7579956054688,1213.0089111328125,247.4700469970703,26006.66796875,1477.75390625,226.5598907470703
2024-02-19,2907.38818359375,4720.4580078125,,503.0473327636719,2271.4638671875,807.0039672851562,1225.4920654296875,247.42501831054688,26518.240234375,1497.4742431640625,229.40464782714844
2024-02-20,2920.5283203125,4716.5283203125,82.33999633789062,502.3599853515625,2287.5927734375,807.9878540039062,1238.242919921875,249.1816864013672,26231.056640625,1505.8907470703125,229.40464782714844
2024-02-21,2910.9765625,4718.30126953125,83.02999877929688,502.5563659667969,2290.447509765625,814.9244995117188,1240.291015625,245.8935089111328,26053.150390625,1510.49072265625,229.2772674560547
2024-02-22,2926.1044921875,4750.83984375,83.66999816894531,511.7375793457031,2272.3681640625,815.3180541992188,1249.82373046875,247.4700469970703,26308.63671875,1524.828369140625,230.55101013183594
2024-02-23,2895.60595703125,4731.09619140625,81.62000274658203,508.98809814453125,2278.0771484375,807.7910766601562,1257.5526123046875,245.21786499023438,26196.197265625,1527.9599609375,227.8761444091797
2024-02-26,2781.660888671875,4698.07861328125,82.52999877929688,495.92828369140625,2287.7353515625,795.7381591796875,1259.9417724609375,243.100830078125,25810.5625,1523.751708984375,225.24371337890625
2024-02-27,2773.0302734375,4700.4267578125,83.6500015258789,500.4452209472656,2288.734619140625,805.7740478515625,1267.1585693359375,242.65037536621094,25901.154296875,1549.00146484375,224.0972900390625
2024-02-28,2709.80322265625,4684.56494140625,83.68000030517578,495.2900085449219,2304.197021484375,785.75146484375,1253.602783203125,239.40721130371094,25322.73046875,1540.291259765625,223.2906036376953
2024-02-29,2736.51953125,4758.7470703125,83.62000274658203,494.7499694824219,2295.39501953125,787.2273559570312,1265.939453125,238.37124633789062,25221.861328125,1544.3038330078125,227.621337890625
2024-03-01,2746.071533203125,4722.806640625,83.55000305175781,509.7245178222656,2292.921142578125,822.74658203125,1268.49951171875,243.7313995361328,25353.78515625,1526.002685546875,230.8057861328125
2024-03-04,2746.071533203125,4637.6982421875,82.80000305175781,515.4688720703125,2304.625244140625,811.0380249023438,1262.4774169921875,251.52398681640625,25445.259765625,1519.0050048828125,234.66952514648438
2024-03-05,2735.06494140625,4624.9990234375,82.04000091552734,512.6703491210938,2283.548828125,806.1184692382812,1237.87744140625,255.6229705810547,24732.689453125,1540.6337890625,242.6093292236328
2024-03-06,2741.75634765625,4677.8076171875,82.95999908447266,517.4328002929688,2284.45263671875,799.8214721679688,1235.146728515625,252.46990966796875,24480.021484375,1569.7984619140625,239.84950256347656
2024-03-07,2783.697509765625,4685.85888671875,82.95999908447266,527.0066528320312,2302.293701171875,816.6463012695312,1248.7509765625,250.5330047607422,24432.20703125,1571.4620361328125,240.18919372558594
2024-03-08,,,82.08000183105469,,,,,,,,
2024-03-11,2789.806884765625,4732.10302734375,82.20999908447266,524.0608520507812,2274.033203125,816.4495239257812,1273.39990234375,246.83941650390625,25031.83984375,1559.6202392578125,233.8203582763672
2024-03-12,2789.1279296875,4666.6904296875,81.91999816894531,519.3966674804688,2262.900146484375,804.6426391601562,1262.9892578125,243.5962677001953,24683.888671875,1550.5185546875,229.5320281982422
2024-03-13,2773.6123046875,4654.7099609375,84.02999877929688,497.84307861328125,2200.527099609375,780.1924438476562,1259.4783935546875,230.03814697265625,24090.484375,1525.366455078125,213.90721130371094
2024-03-14,2804.7412109375,4733.54052734375,85.41999816894531,515.7634887695312,2221.460693359375,772.8131103515625,1274.009521484375,237.15504455566406,24681.1171875,1536.7191162109375,220.91287231445312
2024-03-15,2780.788330078125,4767.373046875,85.33999633789062,522.931640625,2214.89501953125,768.0903930664062,1269.5721435546875,233.10110473632812,24792.716796875,1515.1881103515625,225.11631774902344
2024-03-18,2760.375,4772.93115234375,86.88999938964844,521.5569458007812,2188.489990234375,791.458251953125,1258.2108154296875,235.66859436035156,25062.447265625,1537.7467041015625,230.16891479492188
2024-03-19,2729.925537109375,4616.6611328125,87.37999725341797,524.0117797851562,2157.08935546875,788.162109375,1217.1051025390625,233.55152893066406,24728.439453125,1515.4327392578125,226.43251037597656
2024-03-20,2739.428466796875,4603.19482421875,85.94999694824219,518.3164672851562,2133.30078125,781.8651123046875,1243.5335693359375,237.69557189941406,24659.609375,1516.313720703125,227.2816925048828
2024-03-21,2735.7919921875,4606.8369140625,85.77999877929688,529.9524536132812,2133.681396484375,799.2802734375,1245.191650390625,236.88478088378906,25080.443359375,1531.82568359375,232.1644744873047
2024-03-22,2755.5263671875,4662.712890625,85.43000030517578,537.8571166992188,2147.19287109375,811.5299682617188,1254.8218994140625,237.15504455566406,25085.044921875,1574.593994140625,230.21139526367188
2024-03-25,,,86.75,,,,,,,,
2024-03-26,2729.489013671875,4755.15283203125,86.25,548.5602416992188,2131.4453125,808.6766967773438,1261.0146484375,239.1820068359375,25399.619140625,1564.0242919921875,228.04592895507812
2024-03-27,2744.859130859375,4715.61767578125,86.08999633789062,547.5783081054688,2131.16015625,804.8885498046875,1251.4329833984375,235.8037109375,25651.9921875,1569.9453125,230.635986328125
2024-03-28,2760.617919921875,4707.03955078125,87.4800033569336,550.13134765625,2154.615234375,816.8431396484375,1278.690673828125,241.47923278808594,25398.3359375,1585.99560546875,230.6784210205078
2024-04-01,2784.1337890625,4691.65771484375,87.41999816894531,558.3305053710938,2175.12060546875,857.92138671875,1260.770751953125,243.14584350585938,26164.896484375,1594.5098876953125,244.13783264160156
2024-04-02,2787.2373046875,4696.2099609375,88.91999816894531,560.8836059570312,2175.882080078125,865.1039428710938,1279.15380859375,245.48812866210938,26238.966796875,1587.6593017578125,255.85647583007812
2024-04-03,2782.533935546875,4633.5771484375,89.3499984741211,566.18603515625,2155.423828125,855.0188598632812,1245.337890625,248.0556182861328,26062.345703125,1585.310302734375,253.73350524902344
2024-04-04,2830.0029296875,4613.4501953125,90.6500015258789,567.3153076171875,2155.185791015625,848.6234130859375,1243.216796875,242.33505249023438,25623.216796875,1584.8211669921875,263.2018127441406
2024-04-05,2796.207275390625,4612.92333984375,91.16999816894531,559.7542724609375,2157.08935546875,843.310302734375,1237.3897705078125,241.38914489746094,25525.115234375,1574.6920166015625,270.8443603515625
2024-04-08,2804.49853515625,4626.10107421875,90.37999725341797,566.3824462890625,2158.9921875,862.3489990234375,1218.080322265625,243.5962677001953,25667.6640625,1565.5902099609375,274.53826904296875
2024-04-09,2770.702880859375,4595.3359375,89.41999816894531,577.96923828125,2154.424560546875,860.5287475585938,1220.3963623046875,242.29006958007812,25703.861328125,1568.37939453125,287.02117919921875
2024-04-10,2809.104736328125,4608.75439453125,90.4800033569336,592.1583251953125,2151.33251953125,869.7283325195312,1232.4892578125,245.03768920898438,25326.291015625,1569.847412109375,307.23150634765625
2024-04-11,,,89.73999786376953,,,,,,,,
2024-04-12,2768.13330078125,4554.171875,90.44999694824219,587.8378295898438,2124.118408203125,852.5098876953125,1236.6827392578125,239.36219787597656,25208.7578125,1507.1630859375,316.6998596191406
2024-04-15,2758.338623046875,4563.89990234375,90.0999984741211,601.6340942382812,2087.721923828125,846.6064453125,1245.191650390625,252.10955810546875,25015.966796875,1507.2120361328125,314.66180419921875
2024-04-16,2744.37451171875,4543.58203125,90.0199966430664,597.853515625,2113.175537109375,831.6509399414062,1241.5101318359375,255.0824432373047,24606.900390625,1504.765380859375,321.1580505371094
2024-04-17,,,87.29000091552734,,,,,,,,
2024-04-18,2722.7490234375,4499.78173828125,87.11000061035156,601.732177734375,2107.466552734375,831.2081909179688,1200.77001953125,246.97454833984375,24155.2578125,1484.06640625,329.904541015625
2024-04-19,2723.573486328125,4474.19140625,87.29000091552734,603.64697265625,2123.45263671875,850.8864135742188,1188.6529541015625,247.9655303955078,24098.79296875,1490.329833984375,327.7391357421875
2024-04-22,2755.865966796875,4555.6572265625,87.0,607.3783569335938,2132.87255859375,841.0473022460938,1198.892822265625,249.36184692382812,24126.1328125,1507.260986328125,323.53570556640625
2024-04-23,2787.915771484375,4598.30712890625,88.41999816894531,600.750244140625,2153.092529296875,837.65283203125,1219.640625,249.36184692382812,24107.69140625,1452.9932861328125,320.1814270019531
2024-04-24,2780.982177734375,4628.16259765625,88.0199966430664,624.6113891601562,2150.7138671875,868.4984130859375,1219.104248046875,251.65908813476562,24099.1875,1454.06982421875,325.6162109375
2024-04-25,2774.873046875,4642.72998046875,89.01000213623047,635.1181030273438,2122.73876953125,891.226806640625,1249.5799560546875,254.00140380859375,23706.041015625,1487.7364501953125,323.5781555175781
2024-04-26,2758.09619140625,4600.84716796875,89.5,637.5729370117188,2114.93603515625,872.9752807617188,1210.6197509765625,254.85719299316406,23873.068359375,1474.42626953125,336.7403869628906
2024-04-29,2781.418701171875,4600.27197265625,88.4000015258789,638.3094482421875,2118.21875,881.3384399414062,1223.809814453125,255.12747192382812,23877.669921875,1489.1553955078125,345.0198059082031
2024-04-30,2788.885498046875,4577.36572265625,87.86000061035156,632.7615356445312,2122.358154296875,868.0064697265625,1222.639404296875,254.81219482421875,24174.046875,1470.0711669921875,337.84429931640625
2024-05-01,,,83.44000244140625,,,,,,,,
2024-05-02,2885.375244140625,4561.74365234375,83.66999816894531,629.8648071289062,2118.4091796875,876.0253295898438,1225.0286865234375,254.76710510253906,24552.1640625,1486.6109619140625,348.841064453125
2024-05-03,2841.106201171875,4547.31884765625,82.95999908447266,635.4127197265625,2109.607177734375,860.1351928710938,1197.625,257.7400207519531,25461.330078125,1478.9283447265625,352.9596252441406
2024-05-06,2843.43359375,4851.13818359375,83.33000183105469,627.2626342773438,2146.860107421875,866.4815063476562,1198.2587890625,254.1815643310547,25254.099609375,1496.5445556640625,348.58636474609375
2024-05-07,2824.863037109375,4958.72119140625,83.16000366210938,608.99853515625,2264.08935546875,843.5562744140625,1223.2489013671875,246.47906494140625,25114.31640625,1483.0386962890625,336.2733154296875
2024-05-08,2757.27197265625,5011.0029296875,83.58000183105469,622.058349609375,2227.597900390625,850.7388916015625,1238.048095703125,249.40692138671875,25376.18359375,1489.3021240234375,343.7885437011719
2024-05-09,2628.102294921875,4859.28515625,83.87999725341797,608.2130126953125,2212.9443359375,821.1231079101562,1225.5894775390625,238.956787109375,25218.25,1462.780029296875,335.1269226074219
2024-05-10,2687.402099609375,4856.1220703125,82.79000091552734,614.301025390625,2248.056396484375,839.8666381835938,1235.2198486328125,243.46115112304688,25376.97265625,1474.42626953125,348.7561950683594
2024-05-13,2792.13427734375,4917.2216796875,83.36000061035156,622.058349609375,2246.248291015625,846.7540283203125,1226.954833984375,240.4432373046875,25704.552734375,1492.5318603515625,351.6009216308594
2024-05-14,2779.430419921875,4927.044921875,82.37999725341797,634.9708251953125,2235.73388671875,867.3177490234375,1212.8629150390625,245.8484344482422,25736.595703125,1512.301025390625,367.3106384277344
2024-05-15,2728.567626953125,4853.4384765625,82.75,641.8935546875,2210.70849609375,856.9375,1201.9647216796875,246.343994140625,25533.6171875,1494.831787109375,371.4291687011719
2024-05-16,2728.906982421875,4924.1220703125,83.2699966430664,641.5498046875,2229.59619140625,872.1389770507812,1203.598388671875,250.12757873535156,25401.0546875,1503.5419921875,367.7352600097656
2024-05-17,2724.88232421875,4875.29052734375,83.9800033569336,643.6119384765625,2207.9013671875,892.8502807617188,1192.456298828125,249.9474334716797,26014.384765625,1498.746337890625,375.8873596191406
2024-05-20,,,83.70999908447266,,,,,,,,
2024-05-21,2765.5146484375,4962.79443359375,82.87999725341797,681.0728759765625,2198.71875,908.5928344726562,1199.916748046875,252.3347625732422,25547.265625,1508.0927734375,417.5393981933594
2024-05-22,2798.4375,5048.380859375,81.9000015258789,672.1864013671875,2252.1953125,901.0658569335938,1203.9881591796875,250.44293212890625,25394.474609375,1506.4779052734375,413.54827880859375
2024-05-23,2815.892822265625,5061.55908203125,81.36000061035156,664.5762939453125,2267.03955078125,902.24658203125,1206.42626953125,255.3527069091797,25392.451171875,1463.220458984375,401.40509033203125
2024-05-24,2787.770263671875,5022.7919921875,82.12000274658203,661.0904541015625,2254.2412109375,894.031005859375,1203.3055419921875,255.1725311279297,25174.439453125,1454.9996337890625,400.62255859375
2024-05-27,2785.394775390625,4995.5244140625,,665.6073608398438,2268.942138671875,887.438720703125,1199.4779052734375,250.12757873535156,25133.646484375,1434.7900390625,399.666259765625
2024-05-28,2823.117431640625,5032.23193359375,84.22000122070312,668.9949951171875,2279.83740234375,892.7518310546875,1195.4793701171875,247.10968017578125,25350.66796875,1433.664306640625,395.5365905761719
2024-05-29,2812.40185546875,5012.34423828125,83.5999984741211,692.5615844726562,2258.38037109375,887.3896484375,1207.4259033203125,244.9025421142578,25044.9921875,1447.4146728515625,394.927978515625
2024-05-30,2796.44970703125,4982.39404296875,81.86000061035156,682.5949096679688,2237.4462890625,869.4823608398438,1172.6104736328125,240.26304626464844,24784.708984375,1427.9881591796875,383.23443603515625
2024-05-31,2794.025146484375,4964.423828125,81.62000274658203,676.899658203125,2216.1796875,866.383056640625,1148.2783203125,238.14599609375,24407.1875,1428.67333984375,391.2330017089844
2024-06-03,2779.7216796875,4952.92236328125,78.36000061035156,683.3804931640625,2241.72802734375,900.5739135742188,1148.351806640625,255.9382781982422,25028.875,1422.0670166015625,398.05780029296875
2024-06-04,2771.1875,5103.6826171875,77.5199966430664,637.3275146484375,2375.324462890625,828.3056640625,1183.80126953125,212.87649536132812,24607.1484375,1399.36181640625,363.2815856933594
2024-06-05,2872.138427734375,5258.5146484375,78.41000366210938,682.693115234375,2476.615478515625,864.2677001953125,1223.8341064453125,222.96629333496094,25198.771484375,1455.5867919921875,383.14752197265625
2024-06-06,2816.91162109375,5214.23583984375,79.87000274658203,665.263671875,2426.041748046875,873.8115234375,1205.08544921875,227.29046630859375,25352.251953125,1441.298095703125,391.1460266113281
2024-06-07,2839.118408203125,5236.375,79.62000274658203,668.0621948242188,2452.875,897.4746704101562,1220.2257080078125,234.58753967285156,25788.611328125,1474.7198486328125,400.4921569824219
2024-06-10,2848.670166015625,5260.19189453125,81.62999725341797,664.18359375,2441.028076171875,901.1643676757812,1242.5340576171875,233.46144104003906,26937.93359375,1480.8365478515625,386.1034851074219
2024-06-11,2841.865234375,5288.32177734375,81.91999816894531,660.7958374023438,2432.46435546875,895.4575805664062,1239.486572265625,246.4340057373047,26764.03515625,1467.771240234375,385.7992248535156
2024-06-12,2845.1455078125,5213.1328125,82.5999984741211,661.7286987304688,2406.154296875,902.1482543945312,1237.2191162109375,248.19076538085938,27233.82421875,1474.7198486328125,386.23388671875
2024-06-13,2849.257568359375,5155.7724609375,82.75,668.4058837890625,2366.85546875,901.0167236328125,1244.2650146484375,249.13661193847656,27186.205078125,1478.5858154296875,382.3650207519531
2024-06-14,2860.61572265625,5169.3818359375,82.62000274658203,671.2534790039062,2382.565185546875,906.329833984375,1239.754638671875,248.10064697265625,27232.935546875,1483.6748046875,389.14642333984375
2024-06-17,,,84.25,,,,,,,,
2024-06-18,2857.58056640625,5171.490234375,85.33000183105469,666.4910888671875,2388.810302734375,910.4622192382812,1243.5823974609375,248.46099853515625,27157.875,1488.519287109375,393.2325744628906
2024-06-19,2831.33984375,5137.75390625,,650.4364624023438,2360.706298828125,900.2296142578125,1231.7335205078125,244.6322784423828,27139.3828125,1471.9306640625,389.8854064941406
2024-06-20,2854.643310546875,5154.81396484375,85.70999908447266,664.28173828125,2384.9189453125,914.6930541992188,1238.4136962890625,244.9025421142578,27391.603515625,1439.6343994140625,408.57769775390625
2024-06-21,2830.5078125,5108.66552734375,85.23999786376953,672.1372680664062,2345.621826171875,921.826416015625,1218.2508544921875,242.92063903808594,27100.216796875,1435.96435546875,408.8385009765625
2024-06-24,2835.598876953125,5077.46923828125,86.01000213623047,672.8737182617188,2346.486572265625,920.3013916015625,1233.68408203125,243.14584350585938,27016.162109375,1462.6331787109375,402.8395690917969
2024-06-25,2798.783935546875,5129.51171875,85.01000213623047,673.119140625,2336.87841796875,914.9390869140625,1226.5648193359375,240.53330993652344,26916.033203125,1473.1051025390625,394.75408935546875
2024-06-26,2803.58154296875,5196.265625,85.25,662.5142822265625,2349.75341796875,904.4111938476562,1235.7318115234375,241.20896911621094,27194.265625,1488.715087890625,384.36468505859375
2024-06-27,2820.71630859375,5204.5078125,86.38999938964844,672.8737182617188,2365.654541015625,927.9758911132812,1235.4879150390625,240.98374938964844,27524.1171875,1483.9195556640625,385.407958984375
2024-06-28,2856.160888671875,5247.8759765625,86.41000366210938,681.0237426757812,2376.127685546875,916.5133056640625,1244.21630859375,247.01962280273438,27561.65234375,1488.42138671875,394.71063232421875
2024-07-01,2866.6865234375,5248.78662109375,86.5999984741211,677.390625,2406.921630859375,928.7138061523438,1252.2376708984375,245.8935089111328,28039.248046875,1487.6873779296875,404.2740478515625
2024-07-02,2864.5322265625,5177.048828125,86.23999786376953,682.2021484375,2387.753173828125,923.1546630859375,1240.7054443359375,247.6051788330078,27390.9140625,1491.55322265625,398.05780029296875
2024-07-03,2864.483154296875,5222.5263671875,87.33999633789062,679.1581420898438,2411.9658203125,935.1092529296875,1244.1431884765625,247.4700469970703,27080.5390625,1501.241943359375,403.3177185058594
2024-07-04,2873.63818359375,5200.6259765625,,679.3544921875,2398.1298828125,929.1565551757812,1241.0467529296875,249.5870819091797,27154.859375,1524.681396484375,407.8386535644531
2024-07-05,2874.6171875,5316.1630859375,86.54000091552734,686.5226440429688,2447.179443359375,938.7005004882812,1255.1875,259.6318664550781,27223.736328125,1534.95751953125,411.96832275390625
2024-07-08,2837.65478515625,5337.0087890625,85.75,684.60791015625,2485.755615234375,924.0894165039062,1269.4500732421875,269.4964294433594,26892.001953125,1523.2132568359375,404.8392028808594
2024-07-09,2844.362060546875,5433.138671875,84.66000366210938,694.2308349609375,2488.637939453125,927.4609375,1283.932373046875,267.96490478515625,27468.59375,1551.594970703125,404.8392028808594
2024-07-10,2933.903564453125,5516.2333984375,85.08000183105469,680.7782592773438,2508.142578125,917.6439208984375,1275.8134765625,268.59552001953125,27596.3125,1564.46484375,397.0580139160156
2024-07-11,2958.968994140625,5521.74462890625,85.4000015258789,683.7240600585938,2506.60546875,917.2472534179688,1264.4766845703125,274.541259765625,27464.93359375,1548.0228271484375,389.23333740234375
2024-07-12,2936.546875,5546.42431640625,85.02999877929688,679.5508422851562,2519.480224609375,926.5684814453125,1272.180908203125,276.65838623046875,27359.01953125,1548.56298828125,390.97216796875
2024-07-15,2894.787353515625,5568.13232421875,84.8499984741211,687.4555053710938,2517.6064453125,923.89111328125,1270.279052734375,290.53179931640625,27310.91015625,1557.300537109375,399.4488830566406
2024-07-16,2912.362548828125,5618.59326171875,83.7300033569336,678.3234252929688,2583.085693359375,926.5188598632812,1276.8662109375,290.66693115234375,27597.646484375,1550.526611328125,396.0147399902344
2024-07-17,,,85.08000183105469,,,,,,,,
2024-07-18,2870.35791015625,5627.36279296875,85.11000061035156,677.4888305664062,2631.077880859375,923.6431884765625,1286.5382080078125,298.8198547363281,27750.732421875,1565.2039794921875,392.4501647949219
2024-07-19,2884.555419921875,5633.544921875,82.62999725341797,651.0255126953125,2620.125,881.9951782226562,1272.2381591796875,287.9643249511719,26981.89453125,1540.0704345703125,382.3650207519531
2024-07-22,2873.050537109375,5643.03271484375,82.4000015258789,660.1575927734375,2628.099609375,881.1027221679688,1267.0716552734375,289.00030517578125,27610.50390625,1558.429931640625,390.14617919921875
2024-07-23,2836.62744140625,5697.56689453125,81.01000213623047,641.6971435546875,2657.9326171875,886.4574584960938,1264.2554931640625,283.009521484375,27905.1875,1572.4202880859375,378.1484069824219
2024-07-24,2851.999755859375,5587.10888671875,81.70999908447266,639.8314208984375,2610.564697265625,873.9630737304688,1244.593017578125,287.87420654296875,27300.55859375,1589.9449462890625,376.1922607421875
2024-07-25,2840.83740234375,5587.20556640625,82.37000274658203,634.8726196289062,2601.1005859375,867.1705322265625,1214.8419189453125,302.513427734375,27233.525390625,1635.450439453125,374.6273193359375
2024-07-26,2888.569580078125,5628.6083984375,81.12999725341797,655.5424194335938,2604.800048828125,893.002197265625,1213.005615234375,298.72979736328125,27315.171875,1683.017822265625,386.4512634277344
2024-07-29,2893.024658203125,5652.37744140625,79.77999877929688,654.8059692382812,2605.328369140625,891.0189208984375,1209.7734375,299.9009094238281,26989.326171875,1691.853759765625,390.3200988769531
2024-07-30,2942.32373046875,5599.28125,78.62999725341797,648.5706787109375,2585.919921875,894.5391845703125,1203.5782470703125,299.0000305175781,27065.076171875,1670.5982666015625,388.79864501953125
2024-07-31,3020.06640625,5543.9326171875,80.72000122070312,657.5062866210938,2599.611572265625,920.4700317382812,1202.9417724609375,301.0720520019531,27487.2890625,1688.0247802734375,391.88507080078125
2024-08-01,3034.655517578125,5491.89013671875,79.5199966430664,661.3359375,2609.123779296875,926.7172241210938,1216.4827880859375,307.87359619140625,27515.080078125,1683.950439453125,389.58111572265625
2024-08-02,3041.851806640625,5482.49755859375,76.80999755859375,636.3455200195312,2587.024658203125,892.0105590820312,1221.9188232421875,297.37847900390625,27046.248046875,1700.1007080078125,380.8964538574219
2024-08-05,3028.82958984375,5532.0615234375,76.30000305175781,603.2051391601562,2609.459716796875,856.5601806640625,1229.65625,279.49609375,26589.90234375,1689.006591796875,362.51837158203125
2024-08-06,3037.00537109375,5684.10400390625,76.4800033569336,599.27734375,2642.271484375,876.5908813476562,1228.48095703125,275.7574462890625,25863.146484375,1676.4398193359375,363.08856201171875
2024-08-07,3036.711669921875,5666.9189453125,78.33000183105469,612.4354248046875,2636.506591796875,898.8527221679688,1235.4840087890625,296.4775695800781,24869.544921875,1702.8497314453125,379.22967529296875
2024-08-08,2942.66650390625,5577.45068359375,79.16000366210938,602.9595947265625,2626.081787109375,880.1111450195312,1218.9803466796875,290.7120361328125,23923.064453125,1705.4024658203125,370.457275390625
2024-08-09,2977.1318359375,5573.22705078125,79.66000366210938,615.1561279296875,2639.533203125,897.5140380859375,1226.6199951171875,299.5855712890625,24074.869140625,1703.684326171875,376.2032470703125
2024-08-12,2989.46875,5481.42919921875,82.30000305175781,621.5259399414062,2640.974365234375,909.661376953125,1211.1446533203125,307.4682312011719,24185.59765625,1702.2607421875,379.05426025390625
2024-08-13,2960.437744140625,5501.5751953125,80.69000244140625,613.6748046875,2633.96044921875,900.240966796875,1216.825439453125,302.6035461425781,23985.041015625,1708.396728515625,370.5011901855469
2024-08-14,2962.689697265625,5494.439453125,79.76000213623047,613.72412109375,2615.368896484375,882.8380737304688,1211.879150390625,295.62176513671875,24116.83203125,1709.9185791015625,368.6151428222656
2024-08-15,,,81.04000091552734,,,,,,,,
2024-08-16,2984.52392578125,5562.88720703125,79.68000030517578,626.2662353515625,2640.5419921875,900.8359375,1236.7818603515625,296.9280090332031,24417.95703125,1710.99853515625,376.378662109375
2024-08-19,3012.086669921875,5565.65478515625,77.66000366210938,650.6591796875,2635.0654296875,910.0579833984375,1225.8607177734375,302.0629577636719,24622.17578125,1715.95654296875,388.3968505859375
2024-08-20,3038.4248046875,5597.9853515625,77.19999694824219,664.5345458984375,2643.232421875,909.4630737304688,1233.3782958984375,297.37847900390625,24504.859375,1734.16845703125,391.81805419921875
2024-08-21,3085.765625,5667.45263671875,76.05000305175781,677.0765991210938,2681.80859375,918.04052734375,1249.66162109375,295.21636962890625,24581.650390625,1732.4996337890625,399.4061584472656
2024-08-22,3120.08447265625,5666.9189453125,77.22000122070312,677.0272216796875,2683.34619140625,925.4281005859375,1249.29443359375,292.19842529296875,24784.13671875,1718.7545166015625,403.1344299316406
2024-08-23,3088.801025390625,5624.0537109375,79.0199966430664,676.5828247070312,2705.252685546875,933.1627197265625,1238.6182861328125,289.52020263671875,24480.580078125,1743.3974609375,394.1427307128906
2024-08-26,3105.152587890625,5628.22900390625,81.43000030517578,703.000244140625,2710.5849609375,955.424560546875,1233.892578125,297.6456604003906,24679.150390625,1740.1573486328125,406.2486267089844
2024-08-27,3100.10986328125,5596.52880859375,79.55000305175781,694.7540893554688,2658.4609375,936.0880126953125,1234.822998046875,298.5534973144531,24586.75,1756.798583984375,406.95037841796875
2024-08-28,3060.259521484375,5537.35302734375,78.6500015258789,696.2848510742188,2656.01123046875,941.2940063476562,1220.6453857421875,297.6002502441406,24466.857421875,1778.8394775390625,408.8364562988281
2024-08-29,3050.811279296875,5661.67626953125,79.94000244140625,691.7913818359375,2676.091796875,931.8240356445312,1226.5465087890625,299.23443603515625,24594.828125,1766.419921875,406.5118103027344
2024-08-30,3061.532470703125,5684.83203125,78.80000305175781,692.6307983398438,2669.126220703125,933.2122802734375,1224.685546875,300.2784729003906,25249.447265625,1788.4610595703125,410.9418640136719
2024-09-02,3085.17822265625,5749.78466796875,,675.3977661132812,2679.7431640625,932.5677490234375,1229.16650390625,296.14764404296875,25195.25,1782.8648681640625,406.3802185058594
2024-09-03,3088.996826171875,5743.86181640625,73.75,670.4599609375,2684.787353515625,923.1473999023438,1239.37744140625,292.5162048339844,25274.814453125,1778.49609375,407.5206298828125
2024-09-04,3164.19384765625,5754.056640625,72.69999694824219,658.5103759765625,2729.897216796875,925.2297973632812,1241.3363037109375,285.43475341796875,25535.5625,1799.4569091796875,402.9590148925781
2024-09-05,3170.656005859375,5679.73486328125,72.69000244140625,661.6212158203125,2727.20703125,917.6934814453125,1226.718017578125,282.71112060546875,25428.052734375,1793.22265625,409.40667724609375
2024-09-06,3205.3662109375,5673.47216796875,71.05999755859375,658.8065795898438,2727.687255859375,924.9818725585938,1225.8853759765625,280.3507080078125,25376.7265625,1791.3082275390625,403.3537292480469
2024-09-09,3212.268798828125,5766.5810546875,71.83999633789062,650.3629150390625,2807.290283203125,926.4197387695312,1232.5211181640625,271.3627624511719,25563.16015625,1788.657470703125,403.7485046386719
2024-09-10,3226.270751953125,5796.14501953125,69.19000244140625,651.3011474609375,2784.999755859375,930.8820190429688,1241.7037353515625,268.3668212890625,25490.3828125,1802.89306640625,403.51922607421875
2024-09-11,3297.158935546875,5833.76708984375,70.61000061035156,639.6478271484375,2790.33203125,919.9741821289062,1237.4674072265625,259.0157165527344,25380.34375,1812.0728759765625,390.49652099609375
2024-09-12,3312.629638671875,5931.43896484375,71.97000122070312,667.7935180664062,2840.534423828125,946.7974853515625,1237.957275390625,266.9595642089844,25782.1953125,1831.4139404296875,405.0782775878906
2024-09-13,3287.95556640625,5954.59521484375,71.61000061035156,664.8801879882812,2818.00341796875,946.549560546875,1239.6956787109375,264.59918212890625,25646.88671875,1819.9761962890625,416.4043273925781
2024-09-16,3266.169677734375,5886.53515625,72.75,676.6322631835938,2754.734130859375,962.8616943359375,1248.60888671875,265.5523681640625,25385.59375,1829.0084228515625,409.296875
2024-09-17,3243.64990234375,5933.1865234375,73.69999694824219,674.5089721679688,2760.883056640625,956.1682739257812,1247.2620849609375,267.50433349609375,25204.958984375,1832.10107421875,412.5066833496094
2024-09-18,3206.296142578125,5945.03173828125,73.6500015258789,676.73095703125,2763.141357421875,948.6815795898438,1271.8953857421875,263.6458435058594,24847.798828125,1802.549560546875,411.13104248046875
2024-09-19,3225.095458984375,5955.9541015625,74.87999725341797,675.6940307617188,2797.63427734375,940.4511108398438,1290.0396728515625,258.9703674316406,24704.169921875,1812.41650390625,412.4608459472656
2024-09-20,3237.921875,6029.79052734375,74.48999786376953,685.7672729492188,2860.903564453125,973.3233032226562,1322.0433349609375,259.87823486328125,24912.251953125,1831.757568359375,412.644287109375
2024-09-23,3209.037841796875,6030.421875,73.9000015258789,681.965087890625,2909.85693359375,973.86865234375,1334.580322265625,268.2306213378906,25721.203125,1828.76318359375,415.5331115722656
2024-09-24,3180.59423828125,6022.6064453125,75.16999816894531,708.9256591796875,2834.91357421875,981.4049682617188,1320.5008544921875,271.86212158203125,25675.177734375,1834.064697265625,431.21533203125
2024-09-25,3177.020263671875,6000.42138671875,73.45999908447266,709.5182495117188,2833.376220703125,974.4140625,1320.966064453125,271.18121337890625,25667.25390625,1836.47021484375,440.0652160644531
2024-09-26,3208.646484375,6072.07373046875,71.5999984741211,725.516845703125,2869.070556640625,997.1221313476562,1349.4437255859375,268.0036315917969,25884.697265625,1863.812744140625,460.1494445800781
2024-09-27,3241.642822265625,6086.34521484375,71.9800033569336,737.8614501953125,2849.99853515625,993.1556396484375,1344.644287109375,269.8194274902344,26008.361328125,1913.1961669921875,470.4667053222656
2024-09-30,3259.60986328125,6153.6767578125,71.7699966430664,746.7988891601562,2842.360107421875,1021.4168090820312,1317.342041015625,270.1825866699219,26068.802734375,1891.5970458984375,470.1457824707031
2024-10-01,3208.93994140625,6258.4365234375,73.55999755859375,752.0823974609375,2809.163818359375,1018.6898803710938,1325.71630859375,265.0530700683594,26281.1953125,1884.9700927734375,473.3555908203125
2024-10-02,,,73.9000015258789,,,,,,,,
2024-10-03,3083.562744140625,6147.46337890625,77.62000274658203,737.8120727539062,2779.955322265625,1030.390869140625,1309.947265625,265.1438293457031,26019.55859375,1876.0357666015625,469.3204040527344
2024-10-04,3008.36572265625,6025.373046875,78.05000305175781,738.6021118164062,2737.103271484375,1025.0858154296875,1272.385009765625,268.049072265625,25796.607421875,1875.25048828125,466.5232238769531
2024-10-07,2998.32958984375,5942.1669921875,80.93000030517578,722.2084350585938,2722.35498046875,1010.2114868164062,1260.484619140625,262.7834167480469,25144.859375,1870.5379638671875,458.8196716308594
2024-10-08,3023.591552734375,6023.8193359375,77.18000030517578,712.8265991210938,2708.327392578125,989.833740234375,1264.3536376953125,266.4148864746094,25349.427734375,1882.22119140625,456.2060241699219
2024-10-09,3014.58349609375,5919.78857421875,76.58000183105469,718.505126953125,2660.4306640625,986.1647338867188,1232.154052734375,261.9208984375,24747.125,1895.6715087890625,455.1054992675781
2024-10-10,2995.24560546875,5827.4560546875,79.4000015258789,721.0728149414062,2646.7392578125,998.9566040039062,1230.4154052734375,262.14788818359375,24416.91796875,1853.356689453125,451.6663818359375
2024-10-11,2973.802490234375,5804.49462890625,79.04000091552734,738.0588989257812,2674.122314453125,1003.567626953125,1230.09716796875,265.5977783203125,24114.94921875,1867.298095703125,456.2518310546875
2024-10-14,2975.7119140625,5804.0576171875,77.45999908447266,733.7630615234375,2679.791259765625,1004.0138549804688,1225.3223876953125,260.10516357421875,24347.953125,1874.9560546875,457.7650451660156
2024-10-15,3003.07861328125,5892.0693359375,74.25,717.9125366210938,2672.44091796875,992.4615478515625,1216.6051025390625,257.56317138671875,24492.91796875,1863.86181640625,449.2361145019531
2024-10-16,3017.765625,5912.8466796875,74.22000122070312,723.986083984375,2672.248779296875,981.0579223632812,1205.8310546875,259.10650634765625,24216.513671875,1863.910888671875,446.3472900390625
2024-10-17,2992.063232421875,5814.20361328125,74.44999694824219,725.6649780273438,2631.318115234375,971.2904663085938,1164.914306640625,255.65660095214844,24023.837890625,1855.1240234375,433.003662109375
2024-10-18,2929.69287109375,5715.8525390625,73.05999755859375,744.1325073242188,2610.61279296875,984.2807006835938,1150.9815673828125,257.1999816894531,24103.25390625,1875.544921875,440.9823303222656
2024-10-21,2985.55224609375,5610.12158203125,74.29000091552734,730.4052734375,2587.98583984375,973.22412109375,1153.1363525390625,251.1172332763672,24076.00390625,1862.4383544921875,435.6173400878906
2024-10-22,2944.08642578125,5560.31494140625,76.04000091552734,711.2958374023438,2576.60009765625,955.5733032226562,1150.9815673828125,245.8515625,24211.41015625,1853.160400390625,422.548828125
2024-10-23,2927.294189453125,5581.52880859375,74.95999908447266,708.1849975585938,2555.078125,946.450439453125,1139.6689453125,245.89697265625,24484.7421875,1805.8385009765625,424.61224365234375
2024-10-24,2909.9638671875,5449.05029296875,74.37999725341797,682.1132202148438,2406.921630859375,950.06982421875,1106.1226806640625,244.30821228027344,24836.552734375,1815.2144775390625,430.16064453125
2024-10-25,2896.256103515625,5504.39111328125,76.05000305175781,670.3118286132812,2428.9716796875,935.9392700195312,1107.12646484375,239.72344970703125,24729.044921875,1826.5050048828125,417.6424255371094
2024-10-28,2939.190673828125,5555.7509765625,71.41999816894531,684.285888671875,2474.8505859375,959.1431274414062,1112.6849365234375,239.08795166015625,24827.486328125,1868.2308349609375,430.25238037109375
2024-10-29,2930.37841796875,5502.54638671875,71.12000274658203,684.9771118164062,2447.8037109375,950.7639770507812,1110.40771484375,240.58592224121094,25100.5703125,1837.5009765625,433.14117431640625
2024-10-30,2934.09912109375,5614.19921875,72.55000305175781,679.841796875,2454.817626953125,949.2765502929688,1114.7662353515625,237.5445556640625,25119.990234375,1818.356201171875,429.65625
2024-10-31,2874.3720703125,5560.21728515625,73.16000366210938,677.5210571289062,2429.1640625,955.5733032226562,1108.228515625,241.62998962402344,24843.337890625,1815.2144775390625,425.5752258300781
2024-11-01,2878.484619140625,5527.3525390625,73.0999984741211,682.3107299804688,2438.0517578125,960.184326171875,1117.7047119140625,246.71405029296875,25010.697265625,1824.5416259765625,428.6015930175781
2024-11-04,2854.447265625,5461.47802734375,75.08000183105469,665.9170532226562,2425.849365234375,946.8966674804688,1100.025390625,240.8582763671875,24638.376953125,1775.943359375,420.760498046875
2024-11-05,2827.03173828125,5441.962890625,75.52999877929688,688.8780517578125,2422.534912109375,991.1228637695312,1107.9835205078125,242.7648162841797,24470.5234375,1770.7398681640625,430.8484802246094
2024-11-06,2836.822998046875,5529.14892578125,74.91999816894531,699.3956909179688,2430.650634765625,1000.1961669921875,1114.423583984375,244.26278686523438,24780.9140625,1794.1552734375,434.70025634765625
2024-11-07,2783.50927734375,5523.3232421875,75.62999725341797,640.0427856445312,2406.156494140625,981.504150390625,1108.1795654296875,240.76751708984375,24552.517578125,1758.3203125,419.93511962890625
2024-11-08,2711.6416015625,5579.8779296875,73.87000274658203,642.3636474609375,2437.45458984375,988.048828125,1124.2425537109375,238.3616485595703,24309.107421875,1776.6304931640625,419.93511962890625
2024-11-11,2490.016357421875,5276.4736328125,71.83000183105469,647.2026977539062,2421.27099609375,970.794677734375,1116.113037109375,233.23216247558594,24195.404296875,1761.90380859375,418.3760681152344
2024-11-12,2423.191162109375,4881.2216796875,71.88999938964844,643.5487060546875,2392.548583984375,949.2269287109375,1104.9227294921875,232.55126953125,24150.373046875,1768.0399169921875,407.8753967285156
2024-11-13,2418.931884765625,4899.62060546875,72.27999877929688,618.8101196289062,2395.902099609375,928.10546875,1094.6629638671875,229.28294372558594,23829.724609375,1746.5880126953125,398.70452880859375
2024-11-14,2431.317626953125,4772.53076171875,72.55999755859375,619.5507202148438,2322.27392578125,931.1795043945312,1068.976806640625,227.69418334960938,23871.837890625,1735.98486328125,397.4664611816406
2024-11-15,,,71.04000091552734,,,,,,,,
2024-11-18,2431.856201171875,4768.404296875,73.30000305175781,642.9561157226562,2355.030029296875,941.8889770507812,1083.8643798828125,227.5579833984375,23716.6171875,1715.9073486328125,410.39739990234375
2024-11-19,2436.024658203125,4750.29736328125,73.30999755859375,632.0435180664062,2342.83154296875,939.3603515625,1084.3297119140625,230.6739501953125,23886.3515625,1744.8699951171875,406.7748718261719
2024-11-20,,,72.80999755859375,,,,,,,,
2024-11-21,2381.540771484375,4663.5478515625,74.2300033569336,639.993408203125,2316.05322265625,936.2367553710938,1082.885009765625,225.2326202392578,23833.33984375,1747.56982421875,406.0870666503906
2024-11-22,2424.745361328125,4707.23828125,75.16999816894531,643.9930419921875,2376.754150390625,969.1585083007812,1100.5643310546875,228.4416046142578,24568.470703125,1762.591064453125,408.4256591796875
2024-11-25,2412.485107421875,4761.2197265625,73.01000213623047,651.646728515625,2402.219970703125,945.31005859375,1105.2900390625,239.88229370117188,25234.8828125,1766.1256103515625,407.004150390625
2024-11-26,2456.915771484375,4867.67822265625,72.80999755859375,657.8190307617188,2409.7529296875,955.5237426757812,1109.354736328125,236.4873046875,24752.673828125,1729.505126953125,411.2227783203125
2024-11-27,2444.067138671875,4839.08544921875,72.83000183105469,652.8812255859375,2417.237060546875,960.729736328125,1113.615478515625,236.53379821777344,25189.84765625,1717.576416015625,408.83831787109375
2024-11-28,2410.866943359375,4780.34619140625,,642.1660766601562,2393.22900390625,946.1529541015625,1095.1527099609375,234.5805206298828,25312.466796875,1702.6533203125,414.3867492675781
2024-11-29,2432.003173828125,4797.3369140625,72.94000244140625,648.0421142578125,2426.22802734375,957.9036254882812,1094.369140625,238.76612854003906,25838.474609375,1748.4534912109375,415.89990234375
2024-12-02,2431.464111328125,4764.42333984375,71.83000183105469,654.362548828125,2409.704345703125,981.504150390625,1102.7926025390625,239.55673217773438,26539.568359375,1775.599853515625,422.3653869628906
2024-12-03,2421.998779296875,4766.705078125,73.62000274658203,659.2509765625,2413.30078125,990.4287109375,1107.6162109375,244.0214080810547,26911.4921875,1767.254638671875,429.51873779296875
2024-12-04,2412.240234375,4710.3447265625,72.30999755859375,654.8069458007812,2395.464599609375,986.5118408203125,1105.706298828125,242.48667907714844,27153.810546875,1767.4017333984375,429.56451416015625
2024-12-05,2405.129150390625,4730.19921875,72.08999633789062,662.510009765625,2424.7216796875,990.8253784179688,1109.477294921875,243.04473876953125,26365.173828125,1780.4102783203125,433.3245849609375
2024-12-06,2383.06103515625,4729.08349609375,71.12000274658203,661.8187255859375,2414.22412109375,995.3867797851562,1110.6036376953125,241.882080078125,26829.546875,1771.967041015625,459.8284912109375
2024-12-09,2345.93798828125,4653.4990234375,72.13999938964844,662.5593872070312,2333.50048828125,1003.4188842773438,1091.5286865234375,240.81243896484375,26467.48046875,1773.7342529296875,455.8391418457031
2024-12-10,2343.044189453125,4647.916015625,72.19000244140625,660.584228515625,2330.196044921875,1004.4600830078125,1084.4766845703125,238.95213317871094,26871.80859375,1776.97412109375,458.77386474609375
2024-12-11,2370.899169921875,4747.1904296875,73.5199966430664,662.1643676757812,2334.083740234375,991.8169555664062,1097.50341796875,238.67312622070312,27056.306640625,1780.950439453125,471.70477294921875
2024-12-12,2343.681884765625,4687.8203125,73.41000366210938,660.38671875,2279.263427734375,997.3700561523438,1089.1781005859375,236.30128479003906,26980.2578125,1772.55615234375,478.7204895019531
2024-12-13,2361.43408203125,4708.93701171875,74.48999786376953,653.8687133789062,2323.149169921875,991.4699096679688,1103.6005859375,236.4873046875,27339.646484375,1780.4102783203125,476.42779541015625
2024-12-16,2356.13818359375,4705.44189453125,73.91000366210938,645.3756713867188,2299.86962890625,982.049560546875,1096.376953125,234.20846557617188,27834.88671875,1776.826904296875,470.87945556640625
2024-12-17,2310.775634765625,4637.72216796875,73.19000244140625,631.5003662109375,2297.05078125,958.7465209960938,1078.8448486328125,230.11585998535156,28093.455078125,1756.4549560546875,461.4792785644531
2024-12-18,2300.427978515625,4643.44970703125,73.38999938964844,625.1305541992188,2293.114501953125,938.9141235351562,1071.5478515625,227.09291076660156,27654.1015625,1768.2364501953125,455.5640563964844
2024-12-19,2247.857666015625,4646.4599609375,72.87999725341797,621.5259399414062,2293.74609375,918.1892700195312,1058.0068359375,224.95359802246094,27365.060546875,1790.0810546875,451.48297119140625
2024-12-20,2238.53955078125,4561.36083984375,72.94000244140625,614.9092407226562,2268.52294921875,909.661376953125,1059.5250244140625,220.53546142578125,26816.515625,1775.8941650390625,437.6807861328125
2024-12-23,2235.449951171875,4567.42919921875,72.62999725341797,626.2662353515625,2273.3828125,929.1962280273438,1053.6973876953125,224.02346801757812,26951.671875,1781.5394287109375,433.96661376953125
2024-12-24,2240.157958984375,4606.0224609375,73.58000183105469,619.6495361328125,2270.126953125,914.1236572265625,1061.0921630859375,222.2561798095703,26463.9609375,1785.8592529296875,431.5385437011719
2024-12-26,2218.972412109375,4623.0615234375,73.26000213623047,620.933349609375,2267.4052734375,906.78564453125,1052.86474609375,223.4653778076172,26102.29296875,1807.802001953125,429.9976501464844
2024-12-27,2227.799560546875,4630.48828125,74.16999816894531,609.7244873046875,2275.667236328125,905.6453247070312,1060.553466796875,220.34939575195312,25811.275390625,1827.339599609375,421.2660217285156
2024-12-30,2244.326171875,4659.76123046875,74.38999938964844,593.6270751953125,2277.85400390625,891.4155883789062,1057.761962890625,216.39633178710938,25554.984375,1849.576904296875,410.5732727050781
2024-12-31,2237.558837890625,4624.12890625,74.63999938964844,594.9603271484375,2261.670654296875,893.9442138671875,1062.732666015625,222.53521728515625,25459.7109375,1851.9822998046875,415.05584716796875
2025-01-01,2260.411376953125,4655.1982421875,,585.5784301757812,2257.0537109375,897.861083984375,1062.341064453125,220.3959197998047,25271.49609375,1855.5164794921875,415.05584716796875
2025-01-02,2298.2705078125,4648.4501953125,75.93000030517578,591.55322265625,2303.61181640625,904.8519897460938,1077.498046875,228.8787841796875,26446.326171875,1843.7843017578125,420.00531005859375
2025-01-03,2291.110595703125,4693.40283203125,76.51000213623047,583.8008422851562,2338.84619140625,907.380615234375,1093.4141845703125,240.8031463623047,25858.091796875,1815.9508056640625,427.94317626953125
2025-01-06,2223.631103515625,4651.7998046875,76.30000305175781,566.9627685546875,2309.63818359375,893.3493041992188,1070.05419921875,236.58961486816406,25672.15625,1813.741943359375,413.04803466796875
2025-01-07,2248.5927734375,4691.6064453125,77.05000305175781,577.2334594726562,2323.829345703125,904.1578979492188,1083.59521484375,245.08175659179688,25766.5859375,1819.632568359375,418.6045227050781
2025-01-08,2289.54150390625,4718.45166015625,76.16000366210938,579.3568115234375,2333.74365234375,894.7374877929688,1087.1456298828125,252.37403869628906,25789.91796875,1804.267578125,416.8768615722656
2025-01-09,2305.08740234375,4782.9189453125,76.91999816894531,581.9244384765625,2367.179931640625,883.4826049804688,1104.849365234375,244.79339599609375,25724.869140625,1793.075439453125,409.8728942871094
2025-01-10,2276.202392578125,4795.44384765625,79.76000213623047,567.3084716796875,2373.6435546875,892.5559692382812,1100.8580322265625,244.64459228515625,25503.41015625,1752.2823486328125,403.5693054199219
2025-01-13,2209.409423828125,4783.64697265625,81.01000213623047,556.741455078125,2382.343017578125,876.3429565429688,1095.69140625,237.8638916015625,24647.4921875,1715.0728759765625,386.33953857421875
2025-01-14,2196.953369140625,4720.87890625,79.91999816894531,583.553955078125,2301.619384765625,898.4560546875,1086.7293701171875,242.1797332763672,24900.859375,1738.58642578125,402.121826171875
2025-01-15,2186.900146484375,4735.05419921875,82.02999877929688,584.19580078125,2306.52783203125,896.4728393554688,1077.228515625,240.14271545410156,25063.7578125,1724.8416748046875,406.46429443359375
2025-01-16,2173.071044921875,4703.54833984375,81.29000091552734,595.1084594726562,2279.31201171875,899.1997680664062,1062.3656005859375,244.79339599609375,25185.486328125,1731.174072265625,420.09869384765625
2025-01-17,2217.599365234375,4713.11181640625,80.79000091552734,609.3294677734375,2288.06005859375,900.9846801757812,1085.8233642578125,247.9466094970703,25084.416015625,1754.00048828125,424.02093505859375
2025-01-20,2236.774169921875,4743.20947265625,,610.4652099609375,2279.506591796875,911.495849609375,1084.2564697265625,250.5416717529297,24916.513671875,1745.8515625,430.464599609375
2025-01-21,2216.9619140625,4761.12255859375,79.29000091552734,607.304931640625,2274.938232421875,919.0817260742188,1075.66162109375,247.23036193847656,24857.8046875,1730.5848388671875,423.8808288574219
2025-01-22,2218.678466796875,4812.4345703125,79.0,605.8236083984375,2277.3193359375,911.6942138671875,1081.219970703125,245.6026153564453,25061.728515625,1766.1744384765625,421.63958740234375
2025-01-23,2232.655029296875,4866.70703125,78.29000091552734,600.6882934570312,2256.66455078125,922.106201171875,1076.8858642578125,244.6724853515625,25690.189453125,1800.193359375,416.9702453613281
2025-01-24,2218.972412109375,4953.068359375,78.5,599.3551025390625,2301.764892578125,924.6348266601562,1081.2689208984375,238.58941650390625,25547.8515625,1789.0008544921875,412.7678527832031
2025-01-27,2208.281494140625,5025.59423828125,77.08000183105469,579.6036987304688,2325.82177734375,911.6445922851562,1065.0345458984375,233.25970458984375,24902.048828125,1754.2950439453125,395.86492919921875
2025-01-28,2198.76806640625,4913.4560546875,77.48999786376953,566.7158813476562,2321.93408203125,908.4714965820312,1055.9990234375,231.30641174316406,25795.419921875,1674.42724609375,397.21905517578125
2025-01-29,2180.475830078125,4890.44580078125,76.58000183105469,576.8384399414062,2317.171142578125,929.7416381835938,1067.9483642578125,233.83639526367188,26408.126953125,1703.7333984375,402.121826171875
2025-01-30,2206.66357421875,4927.630859375,76.87000274658203,580.5418701171875,2341.2763671875,942.880615234375,1085.8968505859375,238.78472900390625,26585.642578125,1707.4150390625,403.8494873046875
2025-01-31,2256.63525390625,4980.3505859375,76.76000213623047,586.91162109375,2399.644287109375,937.0796508789062,1132.8372802734375,244.2632293701172,27542.232421875,1712.176513671875,412.20751953125
2025-02-01,2306.018798828125,5049.9638671875,,579.1593017578125,2435.850830078125,926.4197387695312,1139.6934814453125,239.55673217773438,27114.025390625,1710.45849609375,410.8067626953125
2025-02-03,2248.249755859375,4956.95166015625,75.95999908447266,566.9133911132812,2373.546142578125,926.1222534179688,1134.7471923828125,231.60406494140625,27303.876953125,1708.8875732421875,393.8104248046875
2025-02-04,2309.15771484375,4881.9990234375,76.19999694824219,576.6903686523438,2369.755859375,936.3359375,1126.103515625,236.3477783203125,27678.4765625,1733.088623046875,408.75225830078125
2025-02-05,2231.52685546875,4789.08447265625,74.61000061035156,593.13330078125,2324.072265625,941.9385375976562,1101.3721923828125,243.3702850341797,28193.36328125,1720.8162841796875,415.05584716796875
2025-02-06,2219.953369140625,4811.80322265625,74.29000091552734,588.04736328125,2306.236083984375,940.4511108398438,1096.7198486328125,238.2545623779297,27618.076171875,1720.5693359375,414.4021301269531
2025-02-07,2227.4072265625,4728.7431640625,74.66000366210938,599.8488159179688,2297.63427734375,972.5299682617188,1096.6705322265625,236.12008666992188,28041.48828125,1728.2733154296875,425.6551818847656
2025-02-10,2226.57373046875,4766.75390625,75.87000274658203,588.590576171875,2295.30126953125,951.1110229492188,1094.6744384765625,230.00125122070312,27837.94921875,1710.7911376953125,406.9779052734375
2025-02-11,2197.836181640625,4761.31640625,77.0,588.4423828125,2250.395263671875,946.5,1082.081787109375,226.6809539794922,27784.046875,1678.839111328125,393.5769958496094
2025-02-12,2185.47802734375,4775.15185546875,75.18000030517578,591.4545288085938,2267.162109375,948.3840942382812,1081.21923828125,225.21055603027344,28027.54296875,1673.01171875,393.9971923828125
2025-02-13,2193.471435546875,4746.41357421875,75.0199966430664,595.0097045898438,2256.470458984375,961.6717529296875,1073.23486328125,222.88633728027344,28017.56640625,1724.8658447265625,396.4719543457031
2025-02-14,2188.469482421875,4795.88037109375,74.73999786376953,598.6637573242188,2253.40869140625,956.5153198242188,1082.25439453125,218.6648406982422,28346.185546875,1679.5799560546875,386.0126953125
2025-02-17,2207.64453125,4819.23095703125,,603.255859375,2264.14892578125,965.3903198242188,1092.4320068359375,221.65309143066406,28101.099609375,1693.111328125,387.693603515625
2025-02-18,2194.648681640625,4748.84130859375,75.83999633789062,603.8485107421875,2231.684814453125,970.5963134765625,1095.3397216796875,224.45162963867188,28152.765625,1680.6663818359375,390.5419006347656
2025-02-19,2196.119873046875,4696.70361328125,76.04000091552734,618.5138549804688,2187.362060546875,969.1585083007812,1086.7393798828125,226.06434631347656,28444.5546875,1655.9739990234375,395.49139404296875
2025-02-20,2205.87890625,4691.751953125,76.4800033569336,630.8584594726562,2185.077880859375,972.9266357421875,1087.62646484375,229.4794921875,28287.3203125,1648.7637939453125,404.8300476074219
2025-02-21,2214.2646484375,4691.2666015625,74.43000030517578,645.425048828125,2178.85693359375,973.6703491210938,1091.66796875,227.58218383789062,28196.9375,1623.528076171875,409.2192077636719
2025-02-24,2203.08349609375,4664.4697265625,74.77999877929688,633.919921875,2178.662841796875,958.6968994140625,1094.35400390625,222.31715393066406,28084.47265625,1619.3304443359375,394.8843688964844
2025-02-25,2182.045166015625,4658.4013671875,73.0199966430664,611.7490234375,2196.0126953125,950.71435546875,1109.1400146484375,221.03646850585938,27990.21875,1593.7489013671875,382.183837890625
2025-02-26,,,72.52999877929688,,,,,,,,
2025-02-27,2171.158203125,4643.59521484375,74.04000091552734,624.0936279296875,2182.064697265625,966.8281860351562,1122.841552734375,219.13916015625,28098.3671875,1627.23193359375,377.7946472167969
2025-02-28,2137.908935546875,4461.69921875,73.18000030517578,626.4637451171875,2128.896728515625,942.7318725585938,1079.198486328125,213.68438720703125,27083.482421875,1573.6494140625,368.6427917480469
2025-03-03,2124.815185546875,4462.81494140625,71.62000274658203,628.6364135742188,2115.87255859375,967.869384765625,1077.177734375,213.570556640625,27475.48046875,1565.599609375,382.0904235839844
2025-03-04,2091.173583984375,4442.0380859375,71.04000091552734,633.6730346679688,2096.918701171875,965.9357299804688,1057.931396484375,215.1168670654297,27162.248046875,1547.2283935546875,379.8491516113281
2025-03-05,2122.608154296875,4584.7109375,69.30000305175781,649.1777954101562,2109.6513671875,994.2960205078125,1082.8211669921875,217.1849365234375,27948.52734375,1562.9820556640625,400.5809631347656
2025-03-06,2224.1708984375,4565.68115234375,69.45999908447266,673.4720458984375,2156.79296875,1002.6256103515625,1084.89111328125,220.65701293945312,27855.515625,1594.14404296875,413.6550598144531
2025-03-07,2226.4267578125,4610.0517578125,70.36000061035156,682.755126953125,2142.796630859375,1002.6751708984375,1103.2503662109375,220.93212890625,27779.529296875,1589.501953125,415.98968505859375
2025-03-10,2234.86181640625,4599.80859375,69.27999877929688,680.58251953125,2184.7861328125,1005.0054931640625,1108.154296875,211.7301788330078,27678.724609375,1591.6746826171875,408.4720764160156
2025-03-11,2243.492431640625,4623.44970703125,69.55999755859375,686.8535766601562,2154.84912109375,1010.1123657226562,1109.6328125,215.0789337158203,27731.68359375,1634.9359130859375,412.3476257324219
2025-03-12,2208.085693359375,4652.576171875,70.94999694824219,681.2738037109375,2131.47265625,1001.9314575195312,1082.081787109375,212.87803649902344,27328.66796875,1656.2208251953125,415.5227966308594
2025-03-13,2188.469482421875,4590.63330078125,69.87999725341797,668.9291381835938,2113.8798828125,992.80859375,1080.3321533203125,213.8551483154297,27293.080078125,1662.73974609375,413.6550598144531
2025-03-14,,,70.58000183105469,,,,,,,,
2025-03-17,2176.945068359375,4538.83642578125,71.06999969482422,672.2869262695312,2110.42919921875,997.2708740234375,1071.6578369140625,217.94386291503906,27530.771484375,1683.333251953125,417.3905029296875
2025-03-18,2176.945068359375,4538.83642578125,70.55999755859375,672.2869262695312,2110.42919921875,997.2708740234375,1071.6578369140625,217.94386291503906,27530.771484375,1683.333251953125,417.3905029296875
2025-03-19,2236.921142578125,4570.09912109375,70.77999877929688,689.8656616210938,2138.422607421875,1024.6890869140625,1076.4139404296875,220.62855529785156,28318.19140625,1711.0380859375,430.0910339355469
2025-03-20,2243.296630859375,4690.490234375,72.0,697.1736450195312,2179.586181640625,1041.447509765625,1094.9210205078125,223.4934844970703,28418.447265625,1728.7178955078125,439.616455078125
2025-03-21,2256.242919921875,4673.8876953125,72.16000366210938,686.7054443359375,2183.27978515625,1049.82666015625,1118.2333984375,229.97279357910156,28774.365234375,1762.5465087890625,436.3946228027344
2025-03-24,2277.9189453125,4657.23681640625,73.0,692.7789916992188,2192.99951171875,1052.4544677734375,1115.6212158203125,231.31040954589844,29226.26953125,1762.8427734375,441.0172424316406
2025-03-25,2286.0107421875,4704.1796875,73.0199966430664,684.8290405273438,2207.6767578125,1052.801513671875,1111.333251953125,229.8115234375,29326.921875,1743.0394287109375,431.25836181640625
2025-03-26,2278.55615234375,4708.548828125,73.79000091552734,682.705810546875,2183.03662109375,1047.5955810546875,1105.714599609375,227.4114227294922,29711.12890625,1737.310791015625,433.45294189453125
2025-03-27,2293.2197265625,4700.2958984375,74.02999877929688,684.730224609375,2181.773193359375,1050.867919921875,1105.024658203125,229.7356414794922,29924.89453125,1710.1490478515625,441.11065673828125
2025-03-28,2295.720458984375,4793.21044921875,73.62999725341797,673.9658203125,2195.5751953125,1054.2889404296875,1109.3125,233.72947692871094,30278.77734375,1713.359130859375,432.7525634765625
2025-03-31,,,74.73999786376953,,,,,,,,
2025-04-01,2271.54345703125,4758.1611328125,74.48999786376953,655.498291015625,2171.27587890625,1047.397216796875,1101.0570068359375,235.33270263671875,30024.111328125,1677.4564208984375,427.14935302734375
2025-04-02,2262.373046875,4890.78515625,74.94999694824219,652.97998046875,2175.2119140625,1047.0501708984375,1089.5732421875,237.77073669433594,30050.912109375,1692.568115234375,427.3828430175781
2025-04-03,2304.302734375,4925.7861328125,70.13999938964844,644.5363159179688,2181.676025390625,1035.2994384765625,1106.798828125,230.8170928955078,30674.89453125,1748.224853515625,410.4331970214844
2025-04-04,2310.824951171875,4877.19287109375,65.58000183105469,592.491455078125,2181.676025390625,997.3204345703125,1114.93115234375,214.40536499023438,30468.91796875,1688.3209228515625,374.8996887207031
2025-04-07,2296.4072265625,4908.69873046875,64.20999908447266,554.815673828125,2186.389892578125,922.5028076171875,1108.4500732421875,208.5521697998047,29532.8984375,1645.8499755859375,349.311767578125
2025-04-08,2348.24267578125,5028.60400390625,62.81999969482422,561.2843017578125,2225.123779296875,946.5991821289062,1121.4615478515625,215.02200317382812,30209.537109375,1667.579345703125,351.22625732421875
2025-04-09,2364.8671875,5184.044921875,65.4800033569336,556.9884033203125,2284.172119140625,937.625,1155.6910400390625,210.5443572998047,30147.05078125,1631.8740234375,346.0432434082031
2025-04-10,,,63.33000183105469,,,,,,,,
2025-04-11,2347.654296875,5194.48193359375,64.76000213623047,592.8370971679688,2299.86962890625,981.9503784179688,1163.84765625,218.54150390625,29886.6796875,1666.7891845703125,355.0083923339844
2025-04-14,,,64.87999725341797,,,,,,,,
2025-04-15,2369.329833984375,5234.38525390625,64.66999816894531,609.9219360351562,2295.35009765625,999.5515747070312,1167.05126953125,220.74240112304688,30896.25390625,1684.0245361328125,369.62335205078125
2025-04-16,2412.681396484375,5258.560546875,65.8499984741211,602.3177490234375,2300.30712890625,1000.9398803710938,1174.6416015625,228.83441162109375,30573.642578125,1672.27099609375,372.3315734863281
2025-04-17,2420.52783203125,5295.8427734375,67.95999908447266,601.9226684570312,2308.4716796875,998.75830078125,1191.053955078125,230.9878692626953,30772.171875,1729.952392578125,373.59228515625
2025-04-21,2398.0673828125,5236.23046875,66.26000213623047,614.2672729492188,2285.143798828125,1025.3336181640625,1182.57666015625,236.95489501953125,30926.03515625,1723.4337158203125,384.70526123046875
2025-04-22,2385.317138671875,5277.298828125,67.44000244140625,612.390869140625,2331.508056640625,1035.4481201171875,1186.4703369140625,235.05758666992188,30682.833984375,1725.903076171875,385.73248291015625
2025-04-23,2406.01171875,5382.93212890625,66.12000274658203,621.279052734375,2355.90478515625,1030.489990234375,1199.333984375,239.22218322753906,30141.841796875,1766.793701171875,390.5419006347656
2025-04-24,2417.094970703125,5302.9306640625,66.55000305175781,620.538330078125,2260.1640625,1035.74560546875,1199.2354736328125,236.56594848632812,30479.33984375,1781.7078857421875,392.45635986328125
2025-04-25,2384.9248046875,5262.7353515625,66.87000274658203,614.3660888671875,2266.870849609375,1019.7807006835938,1189.5260009765625,233.68203735351562,30315.552734375,1765.410888671875,385.9659729003906
2025-04-28,2405.129150390625,5270.7939453125,65.86000061035156,620.8346557617188,2253.651611328125,1045.562744140625,1185.82958984375,237.73280334472656,30176.58203125,1818.944091796875,388.5807800292969
2025-04-29,2404.05029296875,5309.14404296875,64.25,614.8104858398438,2256.66455078125,1026.920166015625,1176.7115478515625,233.06539916992188,29804.337890625,1783.2882080078125,388.7675476074219
2025-04-30,2379.1376953125,5280.599609375,63.119998931884766,616.8843383789062,2276.49365234375,1021.1689453125,1177.0565185546875,231.8985595703125,29491.65234375,1809.758544921875,391.47576904296875
2025-05-01,,,62.130001068115234,,,,,,,,
2025-05-02,2363.7392578125,5146.71337890625,61.290000915527344,622.6616821289062,2253.651611328125,959.3910522460938,1149.2591552734375,230.2763671875,29064.8125,1802.1531982421875,387.2734069824219
2025-05-05,2390.122802734375,5203.025390625,60.22999954223633,625.525634765625,2282.8115234375,947.4916381835938,1147.48486328125,226.91812133789062,29253.41796875,1814.0054931640625,391.75592041015625
2025-05-06,2371.5859375,5236.521484375,62.150001525878906,622.2172241210938,2315.081298828125,959.3910522460938,1161.432861328125,224.8311004638672,29268.30859375,1796.720703125,383.77142333984375
2025-05-07,2289.29638671875,5195.25830078125,61.119998931884766,628.3895263671875,2304.389404296875,958.0027465820312,1152.511962890625,226.41534423828125,29352.681640625,1759.3858642578125,388.4873962402344
2025-05-08,2258.40087890625,5234.09423828125,62.84000015258789,612.4896850585938,2288.9345703125,945.2108764648438,1153.6455078125,221.24517822265625,29193.857421875,1745.459228515625,380.176025390625
2025-05-09,2255.45849609375,5277.7841796875,63.90999984741211,619.353271484375,2267.551025390625,948.9790649414062,1146.1046142578125,222.89584350585938,29015.181640625,1723.3349609375,380.923095703125
2025-05-12,2311.16796875,5445.263671875,64.95999908447266,643.844970703125,2315.761962890625,996.7750854492188,1174.8880615234375,231.49063110351562,29913.53125,1665.455810546875,407.21136474609375
2025-05-13,2279.978515625,5325.3583984375,66.62999725341797,626.8588256835938,2293.89208984375,981.6033325195312,1168.18505859375,228.77749633789062,29923.45703125,1679.0860595703125,406.6043701171875
2025-05-14,2238.490478515625,5324.38720703125,66.08999633789062,642.4623413085938,2284.658203125,981.00830078125,1168.2835693359375,233.37844848632812,30394.96484375,1687.18505859375,413.4216003417969
2025-05-15,2285.1767578125,5305.9404296875,64.52999877929688,653.1281127929688,2289.226318359375,1029.59765625,1181.9359130859375,234.8963165283203,31169.232421875,1718.692626953125,414.4488220214844
2025-05-16,2308.421875,5341.3779296875,65.41000366210938,649.3753051757812,2314.692626953125,1013.2359619140625,1187.209716796875,234.5737762451172,31382.65234375,1713.5567626953125,412.0207824707031
2025-05-19,2286.648193359375,5358.85400390625,65.54000091552734,650.1654052734375,2315.9560546875,1011.0543823242188,1186.716796875,233.919189453125,31367.76171875,1708.91455078125,412.8145751953125
2025-05-20,2251.535400390625,5270.01708984375,65.37999725341797,654.5106811523438,2275.521240234375,1004.2122192382812,1162.4185791015625,236.46157836914062,31293.314453125,1686.7901611328125,406.5577087402344
2025-05-21,2268.0126953125,5333.61083984375,64.91000366210938,654.757568359375,2297.6826171875,992.5111083984375,1179.2252197265625,235.91136169433594,31258.5703125,1710.494873046875,408.7989501953125
2025-05-22,2255.06591796875,5279.24072265625,64.44000244140625,641.4747924804688,2265.412841796875,997.1716918945312,1163.9957275390625,229.26129150390625,31179.162109375,1697.555908203125,406.32421875
2025-05-23,2271.05322265625,5326.814453125,64.77999877929688,642.0179443359375,2293.114501953125,1000.0474243164062,1189.9696044921875,231.69935607910156,31263.53515625,1662.8876953125,410.9468078613281
2025-05-26,2282.528564453125,5364.19384765625,,653.2268676757812,2327.036865234375,1023.6480102539062,1209.487060546875,233.31207275390625,30871.4375,1655.47998046875,416.0830993652344
2025-05-27,2282.921142578125,5336.5234375,64.08999633789062,651.2517700195312,2313.5263671875,1005.203857421875,1212.8876953125,231.9839324951172,30722.5390625,1662.6903076171875,418.3710632324219
2025-05-28,2258.9892578125,5313.70751953125,64.9000015258789,641.869873046875,2295.835693359375,992.6102905273438,1192.23681640625,230.2099609375,29675.294921875,1645.8994140625,417.297119140625
2025-05-29,2250.26025390625,5335.552734375,64.1500015258789,641.9192504882812,2300.404296875,997.7666625976562,1200.1226806640625,230.5609588623047,29695.146484375,1678.8885498046875,421.7796325683594
2025-05-30,2215.736083984375,5350.11572265625,63.900001525878906,625.6243286132812,2282.519775390625,985.1731567382812,1180.99951171875,227.10784912109375,29377.5,1656.9615478515625,406.74444580078125
2025-06-02,2223.189697265625,5441.86572265625,64.62999725341797,623.254150390625,2305.167236328125,970.5963134765625,1185.9774169921875,226.07382202148438,29193.857421875,1653.9984130859375,403.80279541015625
2025-06-03,2212.40087890625,5413.22412109375,65.62999725341797,624.1430053710938,2286.40771484375,965.6382446289062,1178.6337890625,225.0872344970703,29159.115234375,1646.98583984375,405.2969970703125
2025-06-04,2205.82958984375,5380.69921875,64.86000061035156,627.9451293945312,2298.265869140625,960.4322509765625,1181.64013671875,225.82717895507812,29223.638671875,1644.41796875,407.95849609375
2025-06-05,2200.435302734375,5437.0107421875,65.33999633789062,629.3277587890625,2309.832763671875,960.6305541992188,1183.51318359375,225.56155395507812,29298.0859375,1662.3939208984375,410.10638427734375
2025-06-06,2202.1025390625,5444.29248046875,66.47000122070312,642.0673828125,2322.857177734375,996.4776000976562,1191.3494873046875,227.7339630126953,29382.462890625,1658.5418701171875,418.4177551269531
2025-06-09,2204.750732421875,5531.1875,67.04000091552734,642.709228515625,2326.162109375,999.5515747070312,1190.4132080078125,230.3332977294922,29605.80859375,1673.554931640625,427.6163024902344
2025-06-10,2196.386474609375,5502.06103515625,66.87000274658203,650.1654052734375,2328.105712890625,994.6926879882812,1198.3482666015625,232.1167449951172,29605.80859375,1668.02392578125,431.02490234375
2025-06-11,2186.388916015625,5485.55615234375,69.7699966430664,647.0545654296875,2309.832763671875,998.6591186523438,1192.3353271484375,234.6212158203125,29610.771484375,1669.8016357421875,438.2623596191406
2025-06-12,2196.88134765625,5407.3984375,69.36000061035156,642.9561157226562,2267.3564453125,987.3051147460938,1175.775146484375,235.1524658203125,29471.80078125,1666.6409912109375,430.04437255859375
2025-06-13,2191.734130859375,5407.88427734375,74.2300033569336,633.8211669921875,2254.040283203125,978.9755249023438,1171.4381103515625,238.59605407714844,29392.388671875,1667.0362548828125,427.8031005859375
2025-06-16,2222.02392578125,5398.66064453125,73.2300033569336,641.5241088867188,2262.205078125,995.3867797851562,1177.84521484375,243.60496520996094,29585.955078125,1664.56689453125,433.219482421875
2025-06-17,2241.82080078125,5406.42822265625,76.44999694824219,633.722412109375,2263.37158203125,991.2716064453125,1164.1435546875,239.35499572753906,29402.31640625,1629.8985595703125,428.59686279296875
2025-06-18,2258.25244140625,5410.3115234375,76.69999694824219,637.3269653320312,2232.9482421875,978.0830688476562,1153.6949462890625,237.50511169433594,29089.62890625,1627.7257080078125,426.30889892578125
2025-06-19,2244.988525390625,5396.2333984375,,633.376708984375,2229.93505859375,987.7017822265625,1142.9010009765625,238.64349365234375,29094.591796875,1627.3306884765625,410.4331970214844
2025-06-20,2262.5087890625,5424.3896484375,77.01000213623047,641.0797729492188,2241.59912109375,997.1221313476562,1163.3548583984375,238.95655822753906,28662.791015625,1644.6153564453125,417.53057861328125
2025-06-23,2241.128173828125,5407.3984375,71.4800033569336,653.177490234375,2234.62548828125,988.643798828125,1162.71435546875,238.4727325439453,28355.068359375,1642.0474853515625,420.09869384765625
2025-06-24,2252.21435546875,5453.51611328125,67.13999938964844,661.0780639648438,2222.839111328125,998.5599975585938,1166.0164794921875,231.39578247070312,28295.509765625,1641.2572021484375,422.8971252441406
2025-06-25,2256.767578125,5541.86767578125,67.68000030517578,664.2876586914062,2238.1611328125,1015.8636474609375,1185.041015625,229.48899841308594,28861.3203125,1649.06005859375,419.24493408203125
2025-06-26,2266.5673828125,5658.375,67.7300033569336,682.0144653320312,2240.22412109375,1023.8958129882812,1198.3482666015625,232.16419982910156,29883.751953125,1649.257568359375,432.09881591796875
2025-06-27,2334.76806640625,5625.849609375,67.7699966430664,688.6805419921875,2265.859375,1020.2764892578125,1211.803466796875,230.3617401123047,30801.953125,1666.838623046875,439.9249572753906
2025-06-30,2317.3466796875,5680.70556640625,67.61000061035156,684.2365112304688,2253.7783203125,1011.9468383789062,1215.056396484375,231.6708984375,30801.953125,1655.0849609375,437.1739501953125
2025-07-01,2345.458740234375,5576.33447265625,67.11000061035156,685.66845703125,2254.662353515625,1020.9705200195312,1187.850341796875,230.87400817871094,30955.8125,1646.689453125,441.9645080566406
2025-07-02,2394.852294921875,5621.48095703125,69.11000061035156,689.6680908203125,2266.05615234375,1051.0167236328125,1176.9580078125,228.69212341308594,31407.46875,1656.86279296875,445.3321533203125
2025-07-03,2406.2353515625,5625.849609375,68.80000305175781,684.2365112304688,2272.243896484375,1037.3321533203125,1177.1551513671875,231.51910400390625,31189.0859375,1659.0357666015625,434.7549743652344
2025-07-04,2399.603515625,5603.51953125,68.29000091552734,690.7544555664062,2297.683349609375,1032.6717529296875,1184.2823486328125,232.64801025390625,31084.859375,1655.677734375,435.4664306640625
2025-07-07,2418.014892578125,5712.7451171875,69.58000183105469,683.4957885742188,2367.51806640625,1033.861572265625,1198.783935546875,229.11900329589844,30876.400390625,1664.6953125,430.8656311035156
2025-07-08,2459.390869140625,5669.05517578125,70.1500015258789,677.0765991210938,2350.133056640625,1039.031982421875,1196.7052001953125,230.75071716308594,31069.96875,1657.3623046875,432.8576965332031
2025-07-09,2473.545654296875,5710.80322265625,70.19000244140625,665.5714721679688,2380.286865234375,1034.458251953125,1201.6051025390625,230.8550567626953,31382.65234375,1654.290283203125,418.1065979003906
2025-07-10,2426.32958984375,5706.91943359375,68.63999938964844,666.6577758789062,2365.5537109375,1037.3416748046875,1188.5386962890625,230.6083984375,30945.888671875,1647.4527587890625,416.6362609863281
2025-07-11,2414.451416015625,5590.89794921875,70.36000061035156,662.6087646484375,2474.77587890625,1031.2763671875,1189.5780029296875,229.3466796875,30980.62890625,1656.8668212890625,420.00384521484375
2025-07-14,2377.23291015625,5609.83056640625,69.20999908447266,658.214111328125,2471.828857421875,1032.966796875,1184.331787109375,231.6803741455078,30871.4375,1667.370849609375,425.1738586425781
2025-07-15,2369.215087890625,5617.1123046875,68.70999908447266,662.510009765625,2481.94580078125,1029.0889892578125,1195.913330078125,231.1586151123047,30851.5859375,1711.864501953125,426.8813781738281
2025-07-16,2386.04248046875,5618.08251953125,68.5199966430664,658.4609985351562,2472.811279296875,1023.9187622070312,1217.5419921875,230.38072204589844,30727.50390625,1685.6043701171875,424.46240234375
2025-07-17,2374.560302734375,5638.4716796875,69.5199966430664,666.1639404296875,2465.14990234375,1028.2935791015625,1212.1470947265625,231.3483428955078,30618.3125,1687.9825439453125,421.52166748046875
2025-07-18,2358.2275390625,5568.56689453125,69.27999877929688,667.4971923828125,2445.309326171875,1028.492431640625,1223.580078125,233.66305541992188,30563.716796875,1678.271240234375,422.8971252441406
2025-07-21,2351.298583984375,5516.13916015625,69.20999908447266,674.212646484375,2421.048828125,1028.8902587890625,1223.778076171875,232.45826721191406,31364.361328125,1676.983154296875,430.5335998535156
2025-07-22,2341.2021484375,5542.35302734375,68.58999633789062,681.4713134765625,2435.585205078125,1024.8135986328125,1209.3756103515625,233.75791931152344,32169.9765625,1662.8125,427.4505615234375
2025-07-23,2351.298583984375,5553.03271484375,68.51000213623047,686.7548217773438,2406.806640625,1027.89599609375,1213.8299560546875,232.94207763671875,31941.22265625,1667.2718505859375,432.2410888671875
2025-07-24,2328.2353515625,5507.88623046875,69.18000030517578,686.9523315429688,2394.430908203125,1027.89599609375,1149.2904052734375,232.25904846191406,31573.224609375,1676.685791015625,428.16204833984375
2025-07-25,2312.496337890625,5431.185546875,68.44000244140625,684.8290405273438,2372.42919921875,1021.0353393554688,1125.781005859375,227.95216369628906,30782.525390625,1683.622314453125,420.7627258300781
2025-07-28,2335.658935546875,5460.7978515625,70.04000091552734,680.7799682617188,2398.163330078125,1022.9244995117188,1103.3602294921875,227.69602966308594,30528.90625,1686.79345703125,415.450439453125
2025-07-29,2377.1337890625,5462.25390625,72.51000213623047,684.08837890625,2409.949951171875,1028.9896240234375,1100.588623046875,229.04312133789062,30245.44921875,1695.018310546875,416.9208068847656
2025-07-30,2391.288818359375,5579.732421875,73.23999786376953,680.2368774414062,2394.037841796875,1031.9725341796875,1104.44921875,229.39410400390625,30424.474609375,1718.107421875,412.2725524902344
2025-07-31,2371.788818359375,5603.0341796875,72.52999877929688,674.558349609375,2476.34716796875,1042.3131103515625,1112.467041015625,228.62570190429688,30643.283203125,1691.2525634765625,403.7823486328125
2025-08-01,2406.33447265625,5629.24853515625,69.66999816894531,664.0901489257812,2508.268798828125,1021.93017578125,1126.72119140625,224.63186645507812,30509.013671875,1614.9495849609375,402.6440124511719
2025-08-04,2424.94384765625,5692.19970703125,68.76000213623047,679.1505126953125,2498.44677734375,1049.8697509765625,1127.1666259765625,222.7725067138672,30479.177734375,1626.7418212890625,409.2843933105469
2025-08-05,2412.075927734375,5543.181640625,67.63999938964844,678.5579833984375,2489.60693359375,1047.384033203125,1122.1678466796875,222.4404754638672,30041.55859375,1617.327880859375,415.92474365234375
2025-08-06,2465.923828125,5313.99853515625,66.88999938964844,676.3359375,2490.4912109375,1046.5885009765625,1105.3399658203125,221.76693725585938,30404.583984375,1580.7618408203125,417.9168701171875
2025-08-07,2481.068603515625,5386.78662109375,66.43000030517578,678.2616577148438,2472.712890625,1058.7188720703125,1105.9835205078125,221.918701171875,30489.123046875,1583.9329833984375,415.3081359863281
2025-08-08,2450.482177734375,5298.75244140625,66.58999633789062,669.2586669921875,2454.1494140625,1043.2078857421875,1085.3941650390625,221.45387268066406,30250.419921875,1572.537109375,409.2843933105469
2025-08-11,2463.84521484375,5293.3427734375,66.62999725341797,669.3580932617188,2473.596923828125,1046.6878662109375,1093.80810546875,221.78590393066406,30474.205078125,1593.8424072265625,408.0037536621094
2025-08-12,2453.15478515625,5250.55517578125,66.12000274658203,663.5882568359375,2439.612548828125,1042.213623046875,1080.0487060546875,223.42709350585938,30245.44921875,1607.5174560546875,410.99188232421875
2025-08-13,2474.83251953125,5287.44091796875,65.62999725341797,696.8646240234375,2450.71142578125,1047.68212890625,1085.7900390625,226.41534423828125,30245.44921875,1624.958251953125,416.2093505859375
2025-08-14,2503.043212890625,5215.63671875,66.83999633789062,691.6419067382812,2436.469482421875,1039.529052734375,1078.3660888671875,224.77418518066406,30235.501953125,1626.5438232421875,408.0986022949219
2025-08-15,,,65.8499984741211,,,,,,,,
2025-08-18,2561.147705078125,5349.90087890625,66.5999984741211,710.44384765625,2522.412841796875,1073.6331787109375,1132.511962890625,225.93153381347656,31170.41796875,1617.9224853515625,415.6876220703125
2025-08-19,2553.228759765625,5408.91796875,65.79000091552734,703.032470703125,2558.4599609375,1067.269775390625,1149.63671875,225.7228240966797,30737.76953125,1611.877685546875,427.0711364746094
2025-08-20,2544.023193359375,5607.60888671875,66.83999633789062,697.2128295898438,2622.303466796875,1076.4171142578125,1178.244140625,225.71331787109375,30523.93359375,1618.31884765625,422.6125793457031
2025-08-21,2540.558837890625,5505.80419921875,67.66999816894531,703.6293334960938,2600.891357421875,1065.678955078125,1167.4544677734375,226.0548553466797,30439.392578125,1625.3544921875,423.9406433105469
2025-08-22,2479.088623046875,5454.65625,67.7300033569336,700.5454711914062,2583.11328125,1048.5770263671875,1151.12158203125,224.15753173828125,29842.640625,1626.940185546875,421.4267578125
2025-08-25,2467.6064453125,5459.57421875,68.80000305175781,712.1349487304688,2584.782958984375,1051.7589111328125,1141.3218994140625,224.60340881347656,29852.5859375,1641.7052001953125,427.16595458984375
2025-08-26,2456.22314453125,5671.05224609375,67.22000122070312,702.0376586914062,2644.697998046875,1041.119873046875,1150.4285888671875,222.1653594970703,29947.072265625,1585.8157958984375,421.1661682128906
2025-08-27,,,68.05000305175781,,,,,,,,
2025-08-28,2463.74609375,5627.28125,68.62000274658203,697.760009765625,2607.17724609375,1029.884521484375,1150.6265869140625,221.4064483642578,29514.42578125,1571.3477783203125,417.5269470214844
2025-08-29,2493.0458984375,5728.59375,68.12000274658203,700.2967529296875,2612.4814453125,1020.7369995117188,1144.4893798828125,221.71002197265625,29116.591796875,1580.0682373046875,413.74017333984375
2025-09-01,2544.122314453125,5750.72509765625,,715.865478515625,2602.364501953125,1029.586181640625,1162.505126953125,226.46278381347656,29708.37109375,1549.150634765625,423.920166015625
2025-09-02,2514.228759765625,5794.98779296875,69.13999938964844,717.2085571289062,2629.37548828125,1038.03759765625,1188.7366943359375,227.19325256347656,29832.6953125,1551.0333251953125,424.51031494140625
2025-09-03,2527.987548828125,5811.2177734375,67.5999984741211,739.0943603515625,2617.294189453125,1066.0765380859375,1182.698486328125,226.79481506347656,29777.9921875,1564.4111328125,432.23138427734375
2025-09-04,2542.53857421875,5983.35107421875,66.98999786376953,735.214599609375,2619.16064453125,1066.2755126953125,1200.318115234375,224.7921600341797,29782.96484375,1567.9786376953125,428.5429992675781
2025-09-05,2553.7236328125,5976.4658203125,65.5,739.93994140625,2586.551025390625,1066.971435546875,1196.2596435546875,223.27587890625,29877.451171875,1579.17626953125,438.1820068359375
2025-09-08,2505.1220703125,6015.318359375,66.0199966430664,734.9161376953125,2577.219970703125,1095.10986328125,1175.6702880859375,221.7500457763672,30320.041015625,1566.6904296875,427.2643127441406
2025-09-09,2511.55615234375,6041.87646484375,66.38999938964844,739.0446166992188,2594.998291015625,1098.192138671875,1190.0235595703125,220.60568237304688,30026.638671875,1577.2935791015625,425.6905822753906
2025-09-10,2517.4951171875,6097.45068359375,67.48999786376953,739.2933349609375,2596.471435546875,1094.910888671875,1205.1685791015625,220.99667358398438,29728.26171875,1578.978271484375,426.5758361816406
2025-09-11,2529.96728515625,6197.2880859375,66.37000274658203,738.7958984375,2575.353759765625,1092.7235107421875,1208.4351806640625,222.92300415039062,29668.587890625,1595.130615234375,430.5101318359375
2025-09-12,2520.46484375,6144.66455078125,66.98999786376953,754.115966796875,2534.59228515625,1092.7235107421875,1205.2674560546875,222.43666076660156,29419.939453125,1601.96826171875,443.4932861328125
2025-09-15,2477.2080078125,6110.23779296875,67.44000244140625,749.7388305664062,2535.083251953125,1094.6126708984375,1200.2191162109375,221.4925537109375,29116.591796875,1587.500244140625,446.935791015625
2025-09-16,2455.728271484375,6100.8935546875,68.47000122070312,752.0269165039062,2534.985107421875,1108.8309326171875,1192.0032958984375,224.1913604736328,29414.966796875,1595.92333984375,453.7224426269531
2025-09-17,2468.29931640625,5997.61328125,67.94999694824219,746.2072143554688,2523.984130859375,1104.655029296875,1192.102294921875,225.89837646484375,29524.37109375,1605.53564453125,448.65704345703125
2025-09-18,2453.550537109375,6000.564453125,67.44000244140625,746.2570190429688,2540.780029296875,1114.697265625,1196.8536376953125,224.66818237304688,29797.8828125,1633.6785888671875,448.1652526855469
2025-09-19,2456.520263671875,5970.072265625,66.68000030517578,739.4425048828125,2514.064208984375,1116.3876953125,1182.4014892578125,225.71719360351562,29718.318359375,1641.0115966796875,448.1160888671875
2025-09-22,2457.509765625,5957.28515625,66.56999969482422,741.830078125,2526.439697265625,1110.6207275390625,1176.264404296875,226.46102905273438,29544.263671875,1629.1202392578125,450.9192810058594
2025-09-23,2422.0732421875,5836.7919921875,67.62999725341797,742.029052734375,2477.3291015625,1131.8985595703125,1156.56591796875,225.68858337402344,29628.802734375,1616.43603515625,449.6898193359375
2025-09-24,2432.268798828125,5872.69384765625,69.30999755859375,737.2041625976562,2504.143798828125,1142.537353515625,1166.66259765625,227.46234130859375,29489.560546875,1612.3731689453125,441.08355712890625
2025-09-25,2379.6083984375,5855.97216796875,69.41999816894531,741.7803344726562,2493.142822265625,1141.9407958984375,1161.6141357421875,228.5590362548828,29355.291015625,1612.6705322265625,454.06671142578125
2025-09-26,2319.029541015625,5823.51318359375,70.12999725341797,739.9896240234375,2467.1142578125,1124.3419189453125,1150.8245849609375,226.98553466796875,28753.564453125,1572.3387451171875,440.5917663574219
2025-09-29,2318.83154296875,5831.87353515625,67.97000122070312,749.8880004882812,2453.461669921875,1115.791015625,1140.826904296875,228.8546600341797,29574.1015625,1574.915283203125,444.82110595703125
2025-09-30,2326.156494140625,5892.85791015625,67.0199966430664,757.9957275390625,2469.66796875,1136.1739501953125,1141.2227783203125,228.3969268798828,29106.64453125,1579.8701171875,458.1485290527344
2025-10-01,2312.1005859375,5868.75927734375,65.3499984741211,761.9749755859375,2491.080322265625,1139.5545654296875,1154.586181640625,231.77279663085938,29136.482421875,1621.3907470703125,457.2141418457031
2025-10-02,,,64.11000061035156,,,,,,,,
2025-10-03,2333.87744140625,5894.33349609375,64.52999877929688,776.3002319335938,2499.625244140625,1155.0654296875,1158.05078125,232.36407470703125,29022.10546875,1616.43603515625,463.2139587402344
2025-10-06,2330.907958984375,5912.5302734375,65.47000122070312,772.669189453125,2496.58056640625,1153.2757568359375,1169.7310791015625,234.46206665039062,29136.482421875,1639.7232666015625,463.0663757324219
2025-10-07,2328.927978515625,5790.5615234375,65.44999694824219,763.8153686523438,2472.418212890625,1150.1934814453125,1164.880859375,233.94711303710938,29370.2109375,1638.1378173828125,464.0991516113281
2025-10-08,2304.87451171875,5740.39697265625,66.25,764.2133178710938,2455.62255859375,1138.65966796875,1168.5433349609375,230.59982299804688,29126.53515625,1616.83251953125,464.9352111816406
2025-10-09,2312.6943359375,5779.74169921875,65.22000122070312,770.0826416015625,2472.811279296875,1168.48828125,1175.7694091796875,232.10658264160156,29325.455078125,1643.489013671875,476.2463073730469
2025-10-10,2316.455810546875,5775.3154296875,62.72999954223633,769.9334716796875,2483.909912109375,1161.130615234375,1187.350830078125,234.91981506347656,29285.669921875,1655.7767333984375,474.2791442871094
2025-10-13,2318.732421875,5765.97119140625,63.31999969482422,766.2029418945312,2448.452392578125,1154.7672119140625,1176.0662841796875,232.7741241455078,29454.75,1653.2994384765625,471.4267578125
2025-10-14,2294.580322265625,5705.478515625,62.38999938964844,756.1553344726562,2457.783447265625,1141.244873046875,1163.5938720703125,233.3463134765625,29454.75,1639.426025390625,472.1644592285156
2025-10-15,2351.001708984375,5761.544921875,61.90999984741211,760.2838134765625,2474.186279296875,1154.170654296875,1209.029052734375,236.23585510253906,29777.9921875,1640.11962890625,475.11517333984375
2025-10-16,2385.25048828125,5926.79296875,61.060001373291016,776.051513671875,2515.93017578125,1165.406005859375,1263.6700439453125,236.83663940429688,29847.61328125,1643.9844970703125,471.2300720214844
2025-10-17,2482.355224609375,5983.35107421875,61.290000915527344,768.7894287109375,2557.37939453125,1156.6563720703125,1276.4393310546875,236.20724487304688,29529.345703125,1663.9024658203125,466.26300048828125
2025-10-20,2490.47216796875,5970.56396484375,61.0099983215332,782.2691040039062,2548.244873046875,1138.65966796875,1272.380859375,237.2085723876953,28723.728515625,1673.3165283203125,466.115478515625
2025-10-21,2479.18798828125,5975.48193359375,61.31999969482422,780.8764038085938,2545.5927734375,1145.91796875,1274.2615966796875,236.61729431152344,28793.349609375,1675.1993408203125,467.83673095703125
2025-10-22,,,62.59000015258789,,,,,,,,
2025-10-23,2477.010009765625,5968.5966796875,65.98999786376953,788.2877197265625,2555.31689453125,1131.6995849609375,1259.9085693359375,240.61305236816406,28813.240234375,1674.604736328125,475.3118896484375
2025-10-24,2476.218505859375,5953.84228515625,65.94000244140625,820.17138671875,2471.632568359375,1134.88134765625,1269.0152587890625,243.1402130126953,28549.673828125,1683.622314453125,487.45904541015625
2025-10-27,2493.243896484375,5815.15234375,65.62000274658203,836.4862670898438,2467.1142578125,1144.02880859375,1270.005126953125,241.52854919433594,28435.296875,1678.271240234375,496.95050048828125
2025-10-28,2483.840087890625,5764.98779296875,64.4000015258789,844.5442504882812,2452.676025390625,1177.4368896484375,1258.126708984375,238.92510986328125,28430.322265625,1671.73095703125,494.1965026855469
2025-10-29,2512.94189453125,5756.626953125,64.91999816894531,851.8063354492188,2443.836181640625,1201.0015869140625,1260.1064453125,243.78866577148438,29051.94140625,1700.369384765625,507.72064208984375
2025-10-30,2497.89599609375,5763.51220703125,65.0,856.8798828125,2425.665283203125,1203.089599609375,1266.9365234375,242.73013305664062,28584.486328125,1687.9825439453125,498.6225891113281
2025-10-31,2485.32470703125,5740.88916015625,65.06999969482422,843.449951171875,2421.63818359375,1199.1124267578125,1258.7205810546875,243.53118896484375,28156.8125,1675.3974609375,485.44268798828125
2025-11-03,2486.710693359375,5725.15087890625,64.88999938964844,842.8033447265625,2416.23583984375,1188.17529296875,1253.8701171875,245.61012268066406,27902.47265625,1690.9554443359375,504.5732116699219
2025-11-04,2461.469482421875,5795.9716796875,64.44000244140625,827.0853271484375,2402.1904296875,1174.6529541015625,1252.1875,240.6511993408203,27528.4453125,1674.703857421875,499.8028564453125
2025-11-05,,,63.52000045776367,,,,,,,,
2025-11-06,2576.490478515625,5914.9892578125,63.380001068115234,784.3084716796875,2392.662841796875,1162.125,1253.2762451171875,239.84060668945312,27378.833984375,1670.6409912109375,496.65545654296875
2025-11-07,2587.280029296875,6056.63037109375,63.630001068115234,786.298095703125,2389.693115234375,1165.00830078125,1249.91064453125,240.50816345214844,27304.029296875,1676.0911865234375,506.5895080566406
2025-11-10,2623.50830078125,6033.02392578125,64.05999755859375,781.1251220703125,2384.54541015625,1172.56494140625,1250.1087646484375,239.7452392578125,27019.767578125,1682.433349609375,511.06475830078125
2025-11-11,2630.239501953125,5853.021484375,65.16000366210938,789.6307373046875,2403.05712890625,1184.6951904296875,1255.256103515625,237.88563537597656,26964.91015625,1700.567626953125,515.2449340820312
2025-11-12,2741.697265625,5783.67626953125,62.709999084472656,790.27734375,2400.08740234375,1175.0506591796875,1265.253662109375,242.0816650390625,27024.75390625,1716.4228515625,512.04833984375
2025-11-13,2850.184814453125,5755.64306640625,63.0099983215332,807.7362670898438,2383.357666015625,1177.138671875,1262.2840576171875,239.2207489013672,26925.013671875,1721.6749267578125,520.9005126953125
2025-11-14,2876.910888671875,5708.4296875,64.38999938964844,799.4793701171875,2403.255126953125,1161.130615234375,1258.7205810546875,241.9075164794922,26630.779296875,1741.196533203125,516.7203369140625
2025-11-17,2858.5986328125,5734.9873046875,64.19999694824219,802.961181640625,2400.582275390625,1168.78662109375,1257.433837890625,242.34716796875,26610.830078125,1747.93505859375,512.2450561523438
2025-11-18,2881.00439453125,5744.33154296875,64.88999938964844,793.0130615234375,2379.793701171875,1156.3580322265625,1252.286376953125,241.2724609375,26351.50390625,1742.8812255859375,502.3110046386719
2025-11-19,2868.81005859375,5778.2666015625,63.5099983215332,786.8452758789062,2417.015380859375,1158.2471923828125,1266.045654296875,243.27532958984375,26441.271484375,1767.9521484375,503.3929138183594
2025-11-20,2835.201904296875,5723.67578125,63.380001068115234,795.6492919921875,2403.947998046875,1163.3179931640625,1266.2435302734375,242.34716796875,26411.349609375,1761.3128662109375,501.3765869140625
2025-11-21,2851.857421875,5717.77392578125,62.560001373291016,773.6640014648438,2409.19482421875,1133.7877197265625,1267.7283935546875,241.2724609375,26411.349609375,1763.5919189453125,488.2458801269531
2025-11-24,2854.434814453125,5720.23291015625,63.369998931884766,770.6298828125,2399.790283203125,1099.68359375,1256.3448486328125,240.1000518798828,26421.322265625,1764.68212890625,487.01641845703125
2025-11-25,2851.064208984375,5770.88916015625,62.47999954223633,785.2535400390625,2389.792236328125,1105.6492919921875,1250.4056396484375,239.70925903320312,26386.4140625,1760.71826171875,496.3603515625
2025-11-26,2849.27978515625,5784.16845703125,63.130001068115234,796.6441040039062,2400.7802734375,1147.80712890625,1263.8680419921875,242.00521850585938,26865.169921875,1788.56396484375,507.8189697265625
2025-11-27,2854.3359375,5731.052734375,,803.3590698242188,2427.013427734375,1153.9716796875,1253.5732421875,238.39028930664062,26685.63671875,1793.9150390625,510.5729675292969
2025-11-28,2849.676025390625,5750.2333984375,63.20000076293945,804.2047119140625,2441.763671875,1153.6734619140625,1248.326904296875,237.65753173828125,26331.556640625,1815.022216796875,517.3596801757812
2025-12-01,2842.934814453125,5718.265625,63.16999816894531,806.5922241210938,2439.6845703125,1161.7271728515625,1247.8319091796875,239.20120239257812,26346.517578125,1791.041259765625,524.5397338867188
2025-12-02,2928.988037109375,5779.25,62.45000076293945,802.6627197265625,2452.850830078125,1155.36376953125,1246.1492919921875,237.94085693359375,26476.1796875,1783.2127685546875,529.5559692382812
2025-12-03,2928.095947265625,5729.08544921875,62.66999816894531,812.0636596679688,2423.350830078125,1137.0687255859375,1229.3214111328125,234.5017852783203,26231.81640625,1790.3475341796875,524.0479736328125
2025-12-04,2931.763916015625,5780.23388671875,63.2599983215332,806.5922241210938,2437.40771484375,1144.02880859375,1229.81640625,236.6609649658203,26381.42578125,1801.8427734375,520.94970703125
2025-12-05,2942.966796875,5863.349609375,63.75,818.9776000976562,2315.052490234375,1155.5625,1234.270751953125,235.6839599609375,26007.3984375,1788.9603271484375,515.88427734375
2025-12-08,2903.112548828125,5751.708984375,62.4900016784668,815.1973266601562,2290.699951171875,1112.708740234375,1202.4959716796875,233.03627014160156,26067.244140625,1779.942626953125,502.8519592285156
2025-12-09,2771.95068359375,5787.61083984375,61.939998626708984,808.6813354492188,2283.275634765625,1101.4732666015625,1203.48583984375,234.325927734375,26032.333984375,1759.9254150390625,507.6714782714844
2025-12-10,2780.37744140625,5733.02001953125,62.209999084472656,817.4854125976562,2278.52392578125,1090.5361328125,1197.0516357421875,233.78855895996094,25817.890625,1769.3394775390625,515.5892333984375
2025-12-11,2755.4931640625,5751.216796875,61.279998779296875,820.0718994140625,2282.384765625,1099.0870361328125,1202.69384765625,232.92880249023438,26012.38671875,1790.843017578125,520.3595581054688
2025-12-12,2741.01904296875,5818.5947265625,61.119998931884766,847.6778564453125,2237.837890625,1119.0721435546875,1225.7579345703125,232.5477752685547,26216.853515625,1777.26708984375,534.6705322265625
2025-12-15,2756.286376953125,5939.087890625,60.560001373291016,843.449951171875,2270.406494140625,1108.433349609375,1230.9052734375,229.9391632080078,26555.97265625,1780.83447265625,540.3753051757812
2025-12-16,2766.894287109375,5966.62939453125,58.91999816894531,832.8054809570312,2258.13134765625,1076.4171142578125,1228.0345458984375,226.87135314941406,25922.619140625,1765.1776123046875,560.1450805664062
2025-12-17,2761.739013671875,5996.13818359375,59.68000030517578,844.39501953125,2252.686767578125,1073.1361083984375,1222.0953369140625,227.5552520751953,25977.4765625,1776.672607421875,560.440185546875
2025-12-18,2735.962646484375,5941.54736328125,59.81999969482422,852.2540283203125,2242.6884765625,1076.0194091796875,1221.006591796875,226.66616821289062,25578.513671875,1730.097900390625,569.6365966796875
2025-12-19,2775.81689453125,6003.0234375,60.470001220703125,847.5784301757812,2257.04248046875,1073.434326171875,1231.796142578125,227.53570556640625,25533.630859375,1729.10693359375,572.0463256835938
2025-12-22,2783.450927734375,5983.35107421875,62.06999969482422,860.0632934570312,2266.44677734375,1088.64697265625,1244.4664306640625,228.79605102539062,25643.345703125,1753.7816162109375,576.0298461914062
2025-12-23,2783.649169921875,5961.71142578125,62.380001068115234,859.3668823242188,2279.414794921875,1090.5361328125,1243.7735595703125,230.07594299316406,25872.748046875,1740.0074462890625,576.7675170898438
2025-12-24,2761.540771484375,5931.21923828125,62.2400016784668,859.9638061523438,2259.22021484375,1085.0675048828125,1246.9410400390625,228.39547729492188,26077.216796875,1721.278564453125,588.3245239257812
2025-12-26,2722.87646484375,5933.67822265625,60.63999938964844,868.3699951171875,2262.387939453125,1088.1497802734375,1259.71044921875,229.13800048828125,26351.50390625,1703.936767578125,591.0784912109375
2025-12-29,2751.527587890625,5942.53076171875,61.939998626708984,860.5109252929688,2270.20849609375,1086.360107421875,1267.0355224609375,229.4213409423828,26206.880859375,1701.65771484375,583.357421875
2025-12-30,2734.574951171875,5914.49755859375,61.91999816894531,879.5615844726562,2267.1396484375,1105.2515869140625,1261.1953125,229.2845458984375,26271.7109375,1704.6304931640625,595.6029052734375
2025-12-31,2745.678466796875,5932.20263671875,60.849998474121094,882.0983276367188,2292.580810546875,1158.1478271484375,1274.9544677734375,234.853515625,26506.103515625,1704.135009765625,594.4718627929688
2026-01-01,2728.3291015625,5911.05517578125,,890.3055419921875,2299.609375,1164.8094482421875,1281.883544921875,232.4696044921875,26765.427734375,1705.5223388671875,592.7506103515625
2026-01-02,2748.751953125,5886.46435546875,60.75,920.8959350585938,2324.357666015625,1173.9569091796875,1266.738525390625,235.90869140625,26974.884765625,1712.35986328125,606.815673828125
2026-01-05,2791.382080078125,5927.7763671875,61.7599983215332,926.8648071289062,2360.09423828125,1179.127197265625,1301.2850341796875,232.61614990234375,27573.328125,1713.2518310546875,605.5370483398438
2026-01-06,2821.322265625,6029.08935546875,60.70000076293945,937.3600463867188,2400.285400390625,1169.5821533203125,1306.531494140625,236.32879638671875,27598.263671875,1744.2684326171875,611.5368041992188
2026-01-07,2785.235107421875,6083.68017578125,59.959999084472656,933.5797729492188,2375.239990234375,1183.0050048828125,1301.4830322265625,233.56385803222656,27249.171875,1766.4656982421875,611.9794311523438
2026-01-08,2762.5322265625,5934.66162109375,61.9900016784668,899.2588500976562,2362.66796875,1149.298583984375,1293.6630859375,226.09950256347656,26780.390625,1744.763916015625,593.5866088867188
2026-01-09,2801.19677734375,5879.5791015625,63.34000015258789,896.2744140625,2348.7099609375,1152.1820068359375,1285.9420166015625,228.70811462402344,26880.130859375,1714.2427978515625,599.832275390625
2026-01-12,2871.48681640625,5846.13623046875,63.869998931884766,915.374755859375,2381.9716796875,1175.9454345703125,1299.107421875,230.29087829589844,27094.572265625,1720.2874755859375,617.0447998046875
2026-01-13,2861.473876953125,5821.0537109375,65.47000122070312,931.44091796875,2365.439697265625,1171.3717041015625,1305.343505859375,238.1753387451172,27084.599609375,1713.053466796875,626.7330322265625
2026-01-14,2789.696533203125,5809.7421875,66.5199966430664,950.3920288085938,2329.80224609375,1175.0506591796875,1293.861083984375,242.5230255126953,27478.57421875,1685.3070068359375,664.6497802734375
2026-01-15,2789.696533203125,5809.7421875,63.7599983215332,950.3920288085938,2329.80224609375,1175.0506591796875,1293.861083984375,242.5230255126953,27478.57421875,1685.3070068359375,664.6497802734375
2026-01-16,2733.186767578125,5801.87353515625,64.12999725341797,929.7994995117188,2336.6328125,1180.519287109375,1302.572021484375,241.48739624023438,27767.822265625,1653.794921875,671.4856567382812
2026-01-19,2730.311767578125,5846.13623046875,,935.072021484375,2389.593994140625,1177.3375244140625,1302.27490234375,237.520751953125,27438.677734375,1660.236083984375,663.7153930664062
2026-01-20,2652.586181640625,5787.61083984375,64.91999816894531,923.283447265625,2355.14453125,1153.3751220703125,1282.576416015625,234.86328125,27154.41796875,1599.193603515625,660.7646484375
2026-01-21,2638.2109375,5707.44580078125,65.23999786376953,934.3258666992188,2344.15625,1167.8917236328125,1270.2030029296875,236.79776000976562,27299.041015625,1598.3017578125,665.5350341796875
2026-01-22,2680.543701171875,5834.82470703125,64.05999755859375,939.5486450195312,2366.52880859375,1177.6358642578125,1292.772216796875,238.40005493164062,27358.88671875,1619.408935546875,667.502197265625
2026-01-23,2680.4443359375,5739.41357421875,65.87999725341797,945.3682861328125,2385.238525390625,1163.3179931640625,1280.69580078125,239.8264923095703,26930.0,1617.1297607421875,672.9118041992188
2026-01-26,,,65.58999633789062,,,,,,,,
2026-01-27,2600.240478515625,5789.578125,67.56999969482422,956.8582763671875,2376.724853515625,1215.0211181640625,1290.099609375,242.2494659423828,27149.4296875,1624.06640625,693.8619384765625
2026-01-28,2490.195068359375,5654.33056640625,68.4000015258789,993.0197143554688,2354.451416015625,1211.7398681640625,1279.3099365234375,262.4051513671875,27408.755859375,1596.0224609375,724.9920043945312
2026-01-29,2395.218994140625,5629.24853515625,70.70999908447266,1018.735595703125,2328.911376953125,1230.4324951171875,1274.85546875,269.0586242675781,26984.857421875,1574.915283203125,753.7615356445312
2026-01-30,2407.413330078125,5764.49609375,70.69000244140625,957.6044311523438,2349.10595703125,1207.4644775390625,1318.90478515625,262.77642822265625,26915.0390625,1580.861083984375,670.3544921875
2026-02-02,2381.339599609375,5792.037109375,66.30000305175781,925.6710205078125,2333.56396484375,1192.3511962890625,1295.0489501953125,248.1115264892578,26730.51953125,1613.166015625,649.7978515625
2026-02-03,2405.133056640625,5785.6435546875,67.33000183105469,950.34228515625,2344.750244140625,1222.3787841796875,1294.751953125,251.09140014648438,26949.94921875,1686.6943359375,664.5514526367188
2026-02-04,2431.603271484375,5782.69287109375,69.45999908447266,959.9422607421875,2347.1259765625,1221.185546875,1290.00048828125,260.8126525878906,27279.09375,1688.9736328125,676.5018310546875
2026-02-05,2411.1806640625,5774.33203125,67.55000305175781,930.5953369140625,2330.693115234375,1232.719482421875,1290.2974853515625,263.01092529296875,27154.41796875,1698.1494140625,644.4373779296875
2026-02-06,2380.447265625,5814.16845703125,68.05000305175781,937.658447265625,2399.790283203125,1229.139892578125,1297.06494140625,262.7666931152344,27259.14453125,1690.6690673828125,660.0269775390625
2026-02-09,2396.60693359375,5747.28271484375,69.04000091552734,959.245849609375,2410.481689453125,1237.8896484375,1289.4017333984375,260.470703125,27074.625,1700.1441650390625,668.5841064453125
2026-02-10,2373.011962890625,5777.28271484375,68.80000305175781,963.8717651367188,2428.89453125,1236.994873046875,1302.339599609375,265.8930969238281,26456.232421875,1703.3359375,678.8132934570312
2026-02-11,2371.921142578125,5920.3994140625,69.4000015258789,960.9370727539062,2438.1005859375,1242.065673828125,1299.055419921875,268.2867736816406,26735.505859375,1706.627197265625,689.632568359375
2026-02-12,2389.766357421875,6002.03955078125,67.5199966430664,959.3951416015625,2385.436279296875,1240.773193359375,1299.25439453125,269.9965515136719,26271.7109375,1710.4173583984375,691.206298828125
2026-02-13,2346.045654296875,5882.5302734375,67.75,904.2825927734375,2281.988525390625,1224.9639892578125,1276.4639892578125,261.2522888183594,26062.255859375,1693.062744140625,662.5842895507812
2026-02-16,2376.580810546875,6005.97412109375,,902.7406616210938,2295.649658203125,1241.0714111328125,1283.629638671875,265.306884765625,26246.77734375,1696.054931640625,668.6332397460938
2026-02-17,2416.434814453125,6044.8271484375,67.41999816894531,885.4806518554688,2289.01708984375,1237.491943359375,1279.151123046875,265.6000061035156,26301.634765625,1712.611572265625,657.2238159179688
2026-02-18,2411.1806640625,6074.82763671875,70.3499984741211,894.5831909179688,2300.1044921875,1244.05419921875,1294.676513671875,264.6000061035156,26565.947265625,1719.8924560546875,666.8628540039062
2026-02-19,2380.14990234375,6008.43310546875,71.66000366210938,900.9500122070312,2256.349365234375,1221.384521484375,1272.383544921875,274.6499938964844,26147.03515625,1708.9212646484375,665.0432739257812
2026-02-20,2407.215087890625,5998.59716796875,71.76000213623047,930.8440551757812,2291.195068359375,1228.7423095703125,1287.6104736328125,278.6499938964844,26441.271484375,1719.8924560546875,671.23974609375
2026-02-23,2408.80126953125,6022.2041015625,71.48999786376953,911.4452514648438,2321.78369140625,1233.4154052734375,1308.8084716796875,275.6499938964844,26481.16796875,1727.7718505859375,670.0594482421875
2026-02-24,2392.34423828125,6061.548828125,70.7699966430664,918.0607299804688,2334.85107421875,1247.33544921875,1313.68505859375,276.5,26456.232421875,1727.273193359375,683.681884765625
2026-02-25,2395.615478515625,6057.12255859375,70.8499984741211,932.5352172851562,2350.98681640625,1267.7183837890625,1317.06884765625,277.45001220703125,26795.3515625,1759.58837890625,715.8447875976562
2026-02-26,2374.300537109375,6036.46630859375,70.75,936.4149780273438,2359.30224609375,1273.286376953125,1311.694580078125,280.1000061035156,26675.662109375,1781.0322265625,725.3363037109375
2026-02-27,2355.761474609375,5904.16943359375,72.4800033569336,919.901123046875,2314.557373046875,1257.4771728515625,1285.5203857421875,279.70001220703125,26007.3984375,1732.4595947265625,706.5992431640625
2026-03-02,2287.255859375,5861.38232421875,77.73999786376953,935.1217041015625,2297.233642578125,1260.0623779296875,1273.5777587890625,282.20001220703125,26057.26953125,1747.9190673828125,711.4678344726562
2026-03-03,,,81.4000015258789,,,,,,,,
2026-03-04,2265.544189453125,5793.02099609375,81.4000015258789,917.0161743164062,2238.53076171875,1206.072509765625,1239.342529296875,276.95001220703125,25289.265625,1745.92431640625,689.4850463867188
2026-03-05,2268.121826171875,5865.31689453125,85.41000366210938,949.994140625,2232.294189453125,1240.971923828125,1244.9156494140625,276.3500061035156,25134.66796875,1779.8353271484375,699.566650390625
2026-03-06,2259.89306640625,5884.9892578125,92.69000244140625,953.9236450195312,2203.2890625,1226.6541748046875,1246.408447265625,278.95001220703125,24810.509765625,1794.6964111328125,709.156494140625
2026-03-09,2201.6982421875,5793.5126953125,98.95999908447266,940.4439086914062,2172.50244140625,1185.7889404296875,1229.887939453125,270.79998779296875,23528.841796875,1802.675537109375,697.7470703125
2026-03-10,2260.785400390625,5870.23486328125,87.80000305175781,951.6355590820312,2168.146484375,1207.3651123046875,1235.261962890625,269.20001220703125,23897.8828125,1808.0614013671875,710.1400756835938
2026-03-11,2212.8017578125,5824.49658203125,91.9800033569336,954.12255859375,2139.636474609375,1172.06787109375,1227.7978515625,270.75,23678.453125,1821.127197265625,709.6974487304688
2026-03-12,2202.094482421875,5692.19970703125,100.45999908447266,964.7173461914062,2115.383056640625,1165.9031982421875,1214.959716796875,270.54998779296875,23439.07421875,1820.52880859375,707.7794799804688
2026-03-13,2177.904541015625,5713.34765625,103.13999938964844,905.3271484375,2138.250732421875,1112.9075927734375,1196.4486083984375,264.1000061035156,22905.4609375,1796.890625,678.2230834960938
2026-03-16,2198.624755859375,5746.298828125,100.20999908447266,916.3695678710938,2153.79248046875,1139.057373046875,1207.5950927734375,260.45001220703125,23254.5546875,1778.5386962890625,674.3379516601562
2026-03-17,2218.948486328125,5761.544921875,103.41999816894531,931.7891235351562,2136.46875,1160.533935546875,1201.1260986328125,264.75,23613.62109375,1789.70947265625,687.8621215820312
2026-03-18,2242.642822265625,5788.5947265625,107.37999725341797,928.207763671875,2113.79931640625,1173.5592041015625,1199.0362548828125,265.0,23862.97265625,1773.651611328125,667.8463745117188
2026-03-19,2167.197509765625,5580.55908203125,108.6500015258789,892.3945922851562,2056.383544921875,1124.44140625,1180.624755859375,269.1000061035156,23274.501953125,1739.8402099609375,654.4205932617188
2026-03-20,2176.516357421875,5526.4599609375,112.19000244140625,869.7129516601562,2061.72900390625,1162.9202880859375,1187.8897705078125,265.3999938964844,23473.984375,1772.4547119140625,661.1581420898438
2026-03-23,2103.053955078125,5400.0654296875,99.94000244140625,835.889404296875,2031.5361328125,1103.262939453125,1161.218017578125,265.45001220703125,22666.083984375,1753.8035888671875,635.142578125
2026-03-24,2198.228271484375,5423.18017578125,104.48999786376953,850.2146606445312,2064.005859375,1127.225341796875,1177.5394287109375,268.04998779296875,23264.529296875,1748.717041015625,640.896484375
2026-03-25,2250.673095703125,5554.4931640625,102.22000122070312,864.1420288085938,2113.304443359375,1149.39794921875,1198.3394775390625,270.20001220703125,24167.181640625,1790.7069091796875,658.6500244140625
2026-03-26,,,108.01000213623047,,,,,,,,
2026-03-27,2188.413330078125,5409.9013671875,112.56999969482422,862.2021484375,2053.512451171875,1123.8448486328125,1187.4915771484375,281.95001220703125,23643.54296875,1788.91162109375,649.4000244140625
2026-03-30,2146.576171875,5334.16259765625,112.77999877929688,879.8600463867188,2034.505859375,1116.08935546875,1169.1798095703125,284.6499938964844,22960.318359375,1752.606689453125,654.7999877929688
2026-03-31,,,118.3499984741211,,,,,,,,
2026-04-01,2206.655029296875,5384.3271484375,101.16000366210938,899.9053955078125,2043.91015625,1133.8870849609375,1175.1510009765625,288.04998779296875,23204.68359375,1723.9818115234375,677.2000122070312
2026-04-02,2150.34375,5352.8515625,109.02999877929688,911.4949951171875,2044.5042724609375,1134.781982421875,1185.600830078125,287.20001220703125,23065.046875,1689.1729736328125,687.6500244140625
2026-04-06,2165.511962890625,5444.328125,109.7699966430664,922.6368408203125,2063.807861328125,1127.1258544921875,1210.1826171875,281.8500061035156,23633.568359375,1690.17041015625,690.0
2026-04-07,2167.395751953125,5451.21337890625,109.2699966430664,949.5464477539062,2089.34814453125,1145.3214111328125,1216.9500732421875,286.6499938964844,23289.462890625,1713.5091552734375,713.25
2026-04-08,2262.76806640625,5502.853515625,94.75,946.8604736328125,2123.995849609375,1187.479248046875,1207.8935546875,285.5,24296.845703125,1710.1180419921875,721.4000244140625
2026-04-09,2250.078369140625,5385.31103515625,95.91999816894531,980.5348510742188,2111.720458984375,1202.791259765625,1222.82177734375,288.6000061035156,23927.8046875,1712.611572265625,737.0
2026-04-10,2340.394775390625,5466.45947265625,95.19999694824219,986.9512939453125,2133.59814453125,1207.8621826171875,1243.3233642578125,286.5,24276.896484375,1650.57421875,745.1500244140625
2026-04-13,2332.166015625,5497.443359375,99.36000061035156,973.1732177734375,2105.781005859375,1197.3226318359375,1220.2342529296875,287.54998779296875,24237.0,1647.881103515625,752.5499877929688
2026-04-14,,,94.79000091552734,,,,,,,,
2026-04-15,2402.258056640625,5561.87060546875,94.93000030517578,1006.200927734375,2135.875,1211.6405029296875,1250.58837890625,287.6000061035156,24900.27734375,1692.1651611328125,766.0499877929688
2026-04-16,2419.31005859375,5494.49267578125,99.38999938964844,1034.5032958984375,2117.561279296875,1207.961669921875,1251.384521484375,282.75,25044.900390625,1688.67431640625,782.8499755859375
2026-04-17,2442.80615234375,5641.54345703125,90.37999725341797,1033.60791015625,2218.237060546875,1233.216552734375,1279.4495849609375,284.04998779296875,25224.43359375,1671.120361328125,787.5
2026-04-20,2495.152099609375,5606.625,95.4800033569336,1009.981201171875,2209.03076171875,1267.22119140625,1280.245849609375,283.3500061035156,25423.916015625,1664.23828125,771.0
2026-04-21,2521.7216796875,5741.87255859375,98.4800033569336,1016.3480224609375,2287.43310546875,1272.2921142578125,1373.2984619140625,283.1000061035156,25473.78515625,1660.84716796875,766.7999877929688
2026-04-22,2540.85546875,5635.6416015625,101.91000366210938,1034.5032958984375,2344.9482421875,1256.1846923828125,1389.1224365234375,283.6499938964844,25668.28125,1665.435302734375,757.0
2026-04-23,2499.71240234375,5578.591796875,105.06999969482422,1035.9456787109375,2342.572265625,1249.8211669921875,1403.7520751953125,286.25,25403.966796875,1675.708251953125,735.5999755859375
2026-04-24,2463.724853515625,5636.62548828125,105.33000183105469,1042.909423828125,2303.8662109375,1248.528564453125,1414.50048828125,284.79998779296875,24885.31640625,1616.164306640625,720.9500122070312
2026-04-27,2463.82373046875,5623.83837890625,108.2300033569336,1056.2896728515625,2304.856201171875,1275.3743896484375,1410.5196533203125,285.8999938964844,25059.861328125,1728.96875,742.5
2026-04-28,2441.41845703125,5569.24755859375,111.26000213623047,1068.724853515625,2266.44677734375,1274.2806396484375,1433.1109619140625,301.29998779296875,24825.470703125,1742.732666015625,739.2999877929688
2026-04-29,2426.25,5615.4775390625,118.02999877929688,1061.6614990234375,2291.095947265625,1272.3914794921875,1458.5885009765625,301.3999938964844,24491.33984375,1774.050537109375,773.5999755859375
2026-04-30,2423.473876953125,5632.19921875,114.01000213623047,1032.6131591796875,2228.2353515625,1257.2783203125,1451.6219482421875,299.54998779296875,24132.2734375,1803.5732421875,271.54998779296875
2026-05-01,2423.473876953125,5632.19921875,108.16999816894531,1032.6131591796875,2228.2353515625,1257.2783203125,1451.6219482421875,299.54998779296875,24132.2734375,1803.5732421875,271.54998779296875
2026-05-04,2427.04296875,5697.60986328125,114.44000244140625,1037.2886962890625,2286.04736328125,1259.3663330078125,1450.129150390625,292.8999938964844,24675.859375,1818.7333984375,294.6499938964844
2026-05-05,2409.0986328125,5738.921875,109.87000274658203,1049.2264404296875,2303.965087890625,1245.2474365234375,1470.730224609375,289.95001220703125,24780.587890625,1816.04052734375,303.8999938964844
2026-05-06,2497.333251953125,5688.265625,101.2699966430664,1040.3726806640625,2293.768798828125,1266.028076171875,1478.9903564453125,280.79998779296875,24910.25,1845.3636474609375,316.3999938964844
2026-05-07,2508.83349609375,5718.7578125,100.05999755859375,1050.22119140625,2249.32080078125,1276.0704345703125,1468.938720703125,283.8999938964844,25528.642578125,1829.60498046875,305.3999938964844
2026-05-08,2577.537109375,5429.57373046875,101.29000091552734,1038.97998046875,2264.664794921875,1270.50244140625,1475.30810546875,279.20001220703125,25369.05859375,1843.0697021484375,296.45001220703125
2026-05-11,2544.028076171875,5321.86767578125,104.20999908447266,1018.1884155273438,2283.968505859375,1255.38916015625,1474.810546875,281.0,25139.654296875,1867.8048095703125,298.3999938964844
2026-05-12,2483.94921875,5246.62060546875,107.7699966430664,1035.9954833984375,2239.2236328125,1245.1480712890625,1461.5740966796875,294.5,24795.548828125,1840.8753662109375,305.04998779296875
2026-05-13,2595.085205078125,5248.587890625,105.62999725341797,1067.531005859375,2244.47021484375,1267.6190185546875,1461.8726806640625,297.1499938964844,24930.19921875,1820.0301513671875,323.3500061035156
2026-05-14,2599.6455078125,5284.490234375,105.72000122070312,1097.5743408203125,2226.057373046875,1289.4932861328125,1452.6171875,300.8999938964844,24960.12109375,1858.32958984375,338.8999938964844
2026-05-15,2583.1884765625,5317.44140625,109.26000213623047,1061.9600830078125,2249.32080078125,1271.4967041015625,1423.6563720703125,299.3500061035156,24905.263671875,1873.2904052734375,331.04998779296875
2026-05-18,2591.51611328125,5292.35888671875,112.0999984741211,1047.634765625,2231.502197265625,1285.416748046875,1424.8505859375,297.20001220703125,24411.546875,1900.818359375,327.0
2026-05-19,2578.330322265625,5327.76904296875,111.27999877929688,1042.8597412109375,2210.41650390625,1277.860107421875,1424.5521240234375,296.5,24361.67578125,1877.3797607421875,337.6499938964844
2026-05-20,2576.24853515625,5256.94873046875,105.0199966430664,1079.8665771484375,2187.05419921875,1275.8714599609375,1413.30615234375,298.29998779296875,24356.689453125,1875.385009765625,333.75
2026-05-21,2576.44677734375,5245.63720703125,102.58000183105469,1093.5950927734375,2157.059326171875,1273.982421875,1399.771240234375,295.8500061035156,24541.2109375,1886.3563232421875,329.75
2026-05-22,2617.09423828125,5244.16162109375,103.54000091552734,1103.443603515625,2181.411865234375,1278.158447265625,1416.291748046875,290.0,24720.744140625,1839.7783203125,329.95001220703125
2026-05-25,2634.939453125,5239.7353515625,,1093.8934326171875,2174.383056640625,1282.0361328125,1406.8372802734375,284.95001220703125,25289.265625,1835.7886962890625,332.5
2026-05-26,2624.232177734375,5250.55517578125,99.58000183105469,1098.0716552734375,2187.153076171875,1286.212158203125,1421.7655029296875,287.5,25114.71875,1835.98828125,344.8999938964844
2026-05-27,2648.91796875,5248.09619140625,94.29000091552734,1143.7333984375,2176.263916015625,1301.822509765625,1420.6707763671875,274.04998779296875,25334.1484375,1839.4791259765625,354.70001220703125
2026-05-28,2648.91796875,5248.09619140625,93.70999908447266,1143.7333984375,2176.263916015625,1301.822509765625,1420.6707763671875,274.04998779296875,25334.1484375,1839.4791259765625,354.70001220703125
2026-05-29,2648.62060546875,5119.2421875,92.05000305175781,1120.852783203125,2131.816162109375,1270.7012939453125,1414.699462890625,265.3999938964844,25209.47265625,1794.4969482421875,352.6000061035156
2026-06-01,2609.757568359375,5073.01220703125,94.9800033569336,1135.3770751953125,2063.31298828125,1291.97900390625,1385.1416015625,264.29998779296875,24995.03125,1791.8040771484375,337.1499938964844
2026-06-02,2637.814208984375,5033.17578125,96.0,1140.3511962890625,2072.6181640625,1303.31396484375,1392.008544921875,265.04998779296875,24930.19921875,1785.2213134765625,333.54998779296875
2026-06-03,2639.49951171875,4981.0439453125,97.80999755859375,1132.989501953125,2069.549560546875,1305.4019775390625,1384.843017578125,267.75,24710.76953125,1783.824951171875,328.20001220703125
2026-06-04,2638.706787109375,5006.61767578125,95.02999877929688,1119.758544921875,2058.462158203125,1293.6693115234375,1376.2841796875,267.54998779296875,24421.521484375,1775.4468994140625,327.5
2026-06-05,2663.590576171875,5036.6181640625,93.08999633789062,1086.9298095703125,2100.138427734375,1276.6669921875,1379.568359375,264.75,24022.55859375,1777.5413818359375,315.6000061035156
2026-06-08,2636.3271484375,4995.30615234375,94.25,1056.886474609375,2088.853271484375,1253.5,1392.2076416015625,264.6499938964844,23473.984375,1784.1241455078125,304.25
2026-06-09,2684.806640625,5023.8310546875,91.44999694824219,1071.1123046875,2111.32470703125,1254.4942626953125,1403.652587890625,259.0,23354.294921875,1774.3497314453125,306.25
2026-06-10,2691.74658203125,5086.291015625,93.0999984741211,1033.906494140625,2147.655029296875,1262.548095703125,1431.419189453125,251.89999389648438,23788.16796875,1781.73046875,299.29998779296875
2026-06-11,2667.75439453125,5029.2412109375,90.37999725341797,1018.9842529296875,2118.254150390625,1274.9766845703125,1415.6947021484375,252.60000610351562,23638.556640625,1789.510009765625,304.8999938964844
2026-06-12,2723.7685546875,5080.880859375,87.33000183105469,1016.2982177734375,2146.962158203125,1290.1893310546875,1369.1185302734375,246.1999969482422,24112.32421875,1802.9747314453125,309.6499938964844
2026-06-15,2715.73828125,5114.32421875,83.16999816894531,1008.6382446289062,2134.39013671875,1289.0955810546875,1368.123291015625,243.64999389648438,24760.638671875,1801.2791748046875,302.5
2026-06-16,2724.462646484375,5132.029296875,78.95999908447266,977.3016967773438,2177.748779296875,1267.0224609375,1385.0419921875,248.1999969482422,24805.5234375,1795.9930419921875,299.95001220703125
2026-06-17,2714.449462890625,5146.29150390625,79.55000305175781,1002.6693725585938,2175.47216796875,1279.8486328125,1400.5675048828125,245.0,24905.263671875,1815.6416015625,306.5
2026-06-18,2731.30322265625,5159.07861328125,79.8499984741211,1003.2662353515625,2196.16162109375,1286.510498046875,1393.700439453125,245.3000030517578,25344.123046875,1820.0301513671875,306.0
2026-06-19,2709.393310546875,5109.89794921875,,1004.7584228515625,2172.50244140625,1280.3458251953125,1408.0316162109375,246.25,25009.9921875,1833.4947509765625,300.79998779296875
2026-06-22,2651.0,5132.029296875,77.9000015258789,1008.9366455078125,2162.89990234375,1275.076171875,1395.1932373046875,245.4499969482422,24930.19921875,1858.030517578125,305.8500061035156
2026-06-23,2661.199951171875,5155.14404296875,77.08000183105469,981.6788330078125,2160.10009765625,1235.1055908203125,1385.53955078125,244.35000610351562,24970.095703125,1863.1170654296875,281.70001220703125
2026-06-24,2667.5,5176.2919921875,73.73999786376953,971.53173828125,2157.800048828125,1224.16845703125,1375.985595703125,240.0,26002.412109375,1869.5003662109375,282.54998779296875
2026-06-25,2645.199951171875,5151.2099609375,75.26000213623047,948.2532348632812,2174.199951171875,1223.9696044921875,1395.889892578125,233.10000610351562,25668.28125,1857.9307861328125,273.45001220703125
2026-06-26,2645.199951171875,5151.2099609375,71.98999786376953,948.2532348632812,2174.199951171875,1223.9696044921875,1395.889892578125,233.10000610351562,25668.28125,1857.9307861328125,273.45001220703125
2026-06-29,2656.89990234375,5018.42138671875,73.1500015258789,958.7982177734375,2151.300048828125,1225.3616943359375,1380.6630859375,234.0500030517578,25079.810546875,1869.8994140625,284.54998779296875
2026-06-30,2635.699951171875,5062.1923828125,72.91999816894531,951.6355590820312,2118.199951171875,1219.39599609375,1398.4774169921875,234.89999389648438,25184.537109375,1857.6314697265625,280.75
2026-07-01,2716.39990234375,5175.80029296875,71.56999969482422,934.8233032226562,2182.0,1209.254150390625,1446.844970703125,234.99000549316406,25852.80078125,1861.32177734375,275.54998779296875
2026-07-02,2744.5,5285.96533203125,71.80000305175781,944.2739868164062,2210.60009765625,1216.810791015625,1439.28125,235.9600067138672,26152.0234375,1866.1092529296875,276.1000061035156
2026-07-03,2737.800048828125,5290.8837890625,,948.2532348632812,2201.199951171875,1223.1741943359375,1452.8162841796875,237.83999633789062,26695.609375,1899.8209228515625,280.3999938964844
2026-07-06,2754.89990234375,5365.14697265625,71.98999786376953,975.3120727539062,2202.0,1236.0999755859375,1466.649658203125,243.89999389648438,26560.9609375,1907.800048828125,282.0
2026-07-07,2731.39990234375,5357.76953125,74.16000366210938,964.4686279296875,2208.800048828125,1246.4000244140625,1464.7589111328125,244.17999267578125,26640.751953125,1903.4000244140625,275.04998779296875
2026-07-08,2665.89990234375,5228.423828125,78.0199966430664,966.6074829101562,2135.800048828125,1219.5,1443.560791015625,247.0,25842.826171875,1888.199951171875,272.29998779296875
2026-07-09,2673.800048828125,5273.67041015625,76.30000305175781,958.4500122070312,2144.5,1225.800048828125,1456.199951171875,243.64999389648438,26226.828125,1938.699951171875,271.3500061035156
2026-07-10,2677.800048828125,5265.3095703125,76.01000213623047,967.4500122070312,2150.60009765625,1245.4000244140625,1455.199951171875,244.9600067138672,26545.998046875,1935.5,272.54998779296875
2026-07-13,2652.10009765625,5260.88330078125,83.30000305175781,966.8499755859375,2130.60009765625,1237.4000244140625,1427.0,248.4499969482422,26351.50390625,1921.4000244140625,269.6499938964844
2026-07-14,2641.0,5196.9482421875,84.7300033569336,974.2999877929688,2120.199951171875,1247.699951171875,1427.0999755859375,248.89999389648438,26211.8671875,1942.5999755859375,267.70001220703125
2026-07-15,2670.0,5228.423828125,84.94999694824219,955.7999877929688,2102.60009765625,1226.9000244140625,1424.4000244140625,247.17999267578125,26855.1953125,1951.5,260.54998779296875
2026-07-16,2674.699951171875,5223.505859375,84.2300033569336,959.2999877929688,2098.39990234375,1221.0,1423.5,246.75,26930.0,1950.0999755859375,257.8999938964844
2026-07-17,2689.0,5323.8349609375,88.0999984741211,944.1500244140625,2143.800048828125,1237.300048828125,1427.199951171875,247.2899932861328,26515.0,1932.5999755859375,253.0500030517578
2026-07-20,,5380.39306640625,89.22000122070312,947.7999877929688,2139.699951171875,,,249.5800018310547,26850.0,,261.8500061035156
2026-07-21,2692.39990234375,5392.1962890625,91.01000213623047,951.4000244140625,2142.5,1267.4000244140625,1451.9000244140625,249.88999938964844,27245.0,1961.9000244140625,264.8500061035156
2026-07-22,,5395.63916015625,94.06999969482422,950.0,2154.60009765625,1266.9000244140625,,,26720.0,1943.0,262.29998779296875
2026-07-23,2668.800048828125,5299.736328125,100.69000244140625,955.6500244140625,2161.800048828125,1246.800048828125,1447.9000244140625,252.3699951171875,26825.0,1954.0,264.6000061035156
2026-07-24,2637.89990234375,5291.37548828125,96.77999877929688,942.7999877929688,2145.0,1240.800048828125,1443.5,248.75999450683594,26740.0,1941.0999755859375,264.6499938964844
2026-07-27,2710.199951171875,5296.29345703125,88.36000061035156,945.25,2174.60009765625,1244.5999755859375,1446.0999755859375,238.55999755859375,26860.0,1973.699951171875,264.6499938964844
2026-07-28,2736.199951171875,5388.75341796875,84.08999633789062,936.4000244140625,2022.699951171875,1246.9000244140625,1491.800048828125,238.91000366210938,26875.0,1976.699951171875,259.3500061035156
2026-07-29,2758.39990234375,5427.11474609375,90.73999786376953,962.4500122070312,2117.800048828125,1276.5999755859375,1503.300048828125,238.30999755859375,26825.0,1989.9000244140625,264.5
2026-07-30,2746.199951171875,5434.0,89.02999877929688,970.4000244140625,2107.89990234375,1270.800048828125,1520.699951171875,241.58999633789062,26455.0,2001.0999755859375,267.5
2026-07-31,,5416.5,90.12000274658203,974.4500122070312,2101.300048828125,1270.0,1509.5999755859375,242.52999877929688,26055.0,1990.5,264.25
